Event_Time_IST,Login_Name,Database_User,Database_Name,Host_Name,Application_Name,Session_ID,SQL_Text,,
21-09-2026 11:16,INFRA\bbmpuser2,INFRA\bbmpuser2,KhataBtoA_prod,BBMP-DB-VP-15,Microsoft SQL Server Management Studio - Query,127,"ALTER PROCEDURE [dbo].[USP_IU_BtoA_JC_SiteDtls] (     @Site_Id              INT = NULL,     @Site_AppId           INT = NULL,     @Site_ShapeType       NVARCHAR(10) = NULL,     @Site_No              NVARCHAR(200) = NULL,     @Site_Area            NVARCHAR(200) = NULL,     @Site_TypeId          INT = NULL,     @Site_AreaInSqFt      DECIMAL(18,2) = NULL,     @Site_AreaInSqMt      DECIMAL(18,2) = NULL,     @Site_Latitude        NVARCHAR(30) = NULL,     @Site_Longitude       NVARCHAR(30) = NULL,     @Site_CornerPlot      BIT = NULL,     @Site_NoOfSides       INT = NULL,     @Site_North           NVARCHAR(300) = NULL,     @Site_South           NVARCHAR(300) = NULL,     @Site_East            NVARCHAR(300) = NULL,     @Site_West            NVARCHAR(300) = NULL,     @Site_Active          BIT = NULL,     @Site_Remarks         NVARCHAR(2000) = NULL,     @Site_AdditionalInfo  NVARCHAR(MAX) = NULL,     @Site_Ip_Address      NVARCHAR(16) = NULL,     @Site_CBy            int = NULL, 	@Site_CName           NVARCHAR(2000) = NULL,     @Site_CRole           NVARCHAR(200) = NULL ) AS BEGIN     SET NOCOUNT ON;      BEGIN TRY 		if exists (select 1 from BtoA_JC_SiteDtls where Site_AppId=@Site_AppId) 		begin 		 update BtoA_JC_SiteDtls set Site_Active=0 where Site_AppId=@Site_AppId 		end 	         IF ISNULL(@Site_Id, 0) = 0         BEGIN  	             -- INSERT             INSERT INTO [dbo].[BtoA_JC_SiteDtls]             (                 [Site_AppId],                 [Site_ShapeType],                 [Site_No],                 [Site_Area],                 [Site_TypeId],                 [Site_AreaInSqFt],                 [Site_AreaInSqMt],                 [Site_Latitude],                 [Site_Longitude],                 [Site_CornerPlot],                 [Site_NoOfSides],                 [Site_North],                 [Site_South],                 [Site_East],                 [Site_West],                 [Site_Active],                 [Site_Remarks],                 [Site_AdditionalInfo],                 [Site_Ip_Address], 				[Site_Cby],                 [Site_CDte],                 [Site_CName],                 [Site_CRole]             )             VALUES             (                 @Site_AppId,                 @Site_ShapeType,                 @Site_No,                 @Site_Area,                 @Site_TypeId,                 @Site_AreaInSqFt,                 @Site_AreaInSqMt,                 @Site_Latitude,                 @Site_Longitude,                 @Site_CornerPlot,                 @Site_NoOfSides,                 @Site_North,                 @Site_South,                 @Site_East,                 @Site_West,                 ISNULL(@Site_Active, 1),                 @Site_Remarks,                 @Site_AdditionalInfo,                 @Site_Ip_Address, 				  @Site_CBy,                 GETDATE(),                 @Site_CName,                 @Site_CRole             );              SET @Site_Id = SCOPE_IDENTITY();              SELECT                 @Site_Id AS Result, 				cast(1 as bit)	as Status,                 'Inserted Successfully' AS Message,                 @Site_Id AS Site_Id; 			END   			if @Site_Id> 0 			begin 			update a set a.App_AreaVerified=1, a.App_AreaVerifiedDate=GETDATE(), a.App_AreaVerifiedRemarks='Area is Updated by Joint Commissioner'  			from BtoAMainApp a inner join BtoA_JC_SiteDtls b on a.App_Id=b.Site_AppId  			where a.App_Id=@Site_AppId  and App_Active=1 and b.Site_Active=1  			UPDATE MAO SET MAO.ResidentialPlotareaAfterRoadWideninginSqmt = 				CASE 					WHEN MAO.Ofcr_CorrectedPropertyUseTypeId = 2 					THEN JC.Site_AreaInSqMt  					WHEN MAO.Ofcr_CorrectedPropertyUseTypeId = 3 					THEN JC.Site_AreaInSqMt  					ELSE MAO.ResidentialPlotareaAfterRoadWideninginSqmt 				END,  			MAO.CommercialPlotareaAfterRoadWideninginSqmt = 				CASE 					WHEN MAO.Ofcr_CorrectedPropertyUseTypeId = 1 					THEN JC.Site_AreaInSqMt  					--WHEN MAO.Ofcr_CorrectedPropertyUseTypeId = 3 					--THEN JC.Site_AreaInSqMt  					ELSE MAO.CommercialPlotareaAfterRoadWideninginSqmt 				END,  			MAO.IndustrialPlotareaAfterRoadWideninginSqmt = 				CASE 					WHEN MAO.Ofcr_CorrectedPropertyUseTypeId = 4 					THEN JC.Site_AreaInSqMt  					ELSE MAO.IndustrialPlotareaAfterRoadWideninginSqmt 				END 		FROM BtoA_MainApp_Officer MAO 		INNER JOIN BtoA_JC_SiteDtls JC 			ON MAO.Ofcr_BtoA_MainAppId = JC.Site_AppId 		WHERE MAO.Ofcr_BtoA_MainAppId = @Site_AppId; 			end 		                   END TRY     BEGIN CATCH          SELECT             400 AS Result,             ERROR_MESSAGE() AS Message,           cast(1 as bit) as Status, 		  @Site_Id as Site_Id      END CATCH END;   ",,
21-09-2026 11:16,INFRA\bbmpuser2,INFRA\bbmpuser2,KhataBtoA_prod,BBMP-DB-VP-15,Microsoft SQL Server Management Studio - Query,126,"ALTER PROCEDURE [dbo].[USP_IU_BtoA_JC_SiteDimension] (     @SiteDim_id             INT = NULL,     @SiteDim_Siteid         INT = NULL,     @SiteDim_AppId          INT = NULL,     @SiteDim_SideInFt       DECIMAL(18,2) = NULL,     @SiteDim_SideInMt       DECIMAL(18,2) = NULL,     @SiteDim_RoadFacing     INT = NULL,     @SiteDim_Active         BIT = NULL,     @SiteDim_Remarks        NVARCHAR(MAX) = NULL,     @SiteDim_AdditionalInfo NVARCHAR(MAX) = NULL,     @SiteDim_IPAddress      NVARCHAR(16) = NULL,     @SiteDim_CBy            NVARCHAR(10) = NULL,     @SiteDim_CName          NVARCHAR(2000) = NULL,     @SiteDim_CRole          NVARCHAR(200) = NULL ) AS BEGIN     SET NOCOUNT ON;          DECLARE @Result INT = 1     DECLARE @Message NVARCHAR(MAX) = 'Success'     DECLARE @Status BIT = 1     DECLARE @ReturnSiteDimId INT = @SiteDim_id     DECLARE @ReturnSiteId INT = @SiteDim_Siteid      BEGIN TRY          IF ISNULL(@SiteDim_id, 0) = 0         BEGIN             -- INSERT             INSERT INTO [dbo].[BtoA_JC_SiteDimension]             (                 [SiteDim_Siteid],                 [SiteDim_AppId],                 [SiteDim_SideInFt],                 [SiteDim_SideInMt],                 [SiteDim_RoadFacing],                 [SiteDim_Active],                 [SiteDim_Remarks],                 [SiteDim_AdditionalInfo],                 [SiteDim_IPAddress],                 [SiteDim_CBy],                 [SiteDim_CName],                 [SiteDim_CRole],                 [SiteDim_CDate]             )             VALUES             (                 @SiteDim_Siteid,                 @SiteDim_AppId,                 @SiteDim_SideInFt,                 @SiteDim_SideInMt,                 @SiteDim_RoadFacing,                 ISNULL(@SiteDim_Active, 1),                 @SiteDim_Remarks,                 @SiteDim_AdditionalInfo,                 @SiteDim_IPAddress,                 @SiteDim_CBy,                 @SiteDim_CName,                 @SiteDim_CRole,                 GETDATE()             );              SET @ReturnSiteDimId = SCOPE_IDENTITY();             SET @Message = 'Success'             SET @Status = 1         END         ELSE         BEGIN             -- UPDATE             UPDATE [dbo].[BtoA_JC_SiteDimension]             SET                 [SiteDim_Siteid]         = @SiteDim_Siteid,                 [SiteDim_AppId]          = @SiteDim_AppId,                 [SiteDim_SideInFt]       = @SiteDim_SideInFt,                 [SiteDim_SideInMt]       = @SiteDim_SideInMt,                 [SiteDim_RoadFacing]     = @SiteDim_RoadFacing,                 [SiteDim_Active]         = @SiteDim_Active,                 [SiteDim_Remarks]        = @SiteDim_Remarks,                 [SiteDim_AdditionalInfo] = @SiteDim_AdditionalInfo,                 [SiteDim_IPAddress]      = @SiteDim_IPAddress,                 [SiteDim_UBy]            = @SiteDim_CBy,                 [SiteDim_UName]          = @SiteDim_CName,                 [SiteDim_URole]          = @SiteDim_CRole,                 [SiteDim_UDate]          = GETDATE()             WHERE [SiteDim_id] = @SiteDim_id;              IF @@ROWCOUNT = 0             BEGIN                 SET @Result = 0                 SET @Status = 0                 SET @Message = 'Error - Record Not Found'             END             ELSE             BEGIN                 SET @Result = 1                 SET @Status = 1                 SET @Message = 'Success'             END         END      END TRY     BEGIN CATCH         SET @Result = 400         SET @Status = 0         SET @Message = ERROR_MESSAGE()     END CATCH      -- SINGLE result set returned     SELECT         @ReturnSiteId AS SiteID,         @Message AS Message,         @Status AS Status,         @ReturnSiteDimId AS SiteDim_id;  END;",,
21-09-2026 11:16,INFRA\bbmpuser2,INFRA\bbmpuser2,KhataBtoA_prod,BBMP-DB-VP-15,Microsoft SQL Server Management Studio - Query,127,"ALTER PROCEDURE [dbo].[USP_IU_BtoA_JC_SiteDtls] (     @Site_Id              INT = NULL,     @Site_AppId           INT = NULL,     @Site_ShapeType       NVARCHAR(10) = NULL,     @Site_No              NVARCHAR(200) = NULL,     @Site_Area            NVARCHAR(200) = NULL,     @Site_TypeId          INT = NULL,     @Site_AreaInSqFt      DECIMAL(18,2) = NULL,     @Site_AreaInSqMt      DECIMAL(18,2) = NULL,     @Site_Latitude        NVARCHAR(30) = NULL,     @Site_Longitude       NVARCHAR(30) = NULL,     @Site_CornerPlot      BIT = NULL,     @Site_NoOfSides       INT = NULL,     @Site_North           NVARCHAR(300) = NULL,     @Site_South           NVARCHAR(300) = NULL,     @Site_East            NVARCHAR(300) = NULL,     @Site_West            NVARCHAR(300) = NULL,     @Site_Active          BIT = NULL,     @Site_Remarks         NVARCHAR(2000) = NULL,     @Site_AdditionalInfo  NVARCHAR(MAX) = NULL,     @Site_Ip_Address      NVARCHAR(16) = NULL,     @Site_CBy            int = NULL, 	@Site_CName           NVARCHAR(2000) = NULL,     @Site_CRole           NVARCHAR(200) = NULL ) AS BEGIN     SET NOCOUNT ON;      BEGIN TRY 		if exists (select 1 from BtoA_JC_SiteDtls where Site_AppId=@Site_AppId) 		begin 		 update BtoA_JC_SiteDtls set Site_Active=0 where Site_AppId=@Site_AppId 		end 	         IF ISNULL(@Site_Id, 0) = 0         BEGIN  	             -- INSERT             INSERT INTO [dbo].[BtoA_JC_SiteDtls]             (                 [Site_AppId],                 [Site_ShapeType],                 [Site_No],                 [Site_Area],                 [Site_TypeId],                 [Site_AreaInSqFt],                 [Site_AreaInSqMt],                 [Site_Latitude],                 [Site_Longitude],                 [Site_CornerPlot],                 [Site_NoOfSides],                 [Site_North],                 [Site_South],                 [Site_East],                 [Site_West],                 [Site_Active],                 [Site_Remarks],                 [Site_AdditionalInfo],                 [Site_Ip_Address], 				[Site_Cby],                 [Site_CDte],                 [Site_CName],                 [Site_CRole]             )             VALUES             (                 @Site_AppId,                 @Site_ShapeType,                 @Site_No,                 @Site_Area,                 @Site_TypeId,                 @Site_AreaInSqFt,                 @Site_AreaInSqMt,                 @Site_Latitude,                 @Site_Longitude,                 @Site_CornerPlot,                 @Site_NoOfSides,                 @Site_North,                 @Site_South,                 @Site_East,                 @Site_West,                 ISNULL(@Site_Active, 1),                 @Site_Remarks,                 @Site_AdditionalInfo,                 @Site_Ip_Address, 				  @Site_CBy,                 GETDATE(),                 @Site_CName,                 @Site_CRole             );              SET @Site_Id = SCOPE_IDENTITY();              SELECT                 @Site_Id AS Result, 				cast(1 as bit)	as Status,                 'Inserted Successfully' AS Message,                 @Site_Id AS Site_Id; 			END   			if @Site_Id> 0 			begin 			update a set a.App_AreaVerified=1, a.App_AreaVerifiedDate=GETDATE(), a.App_AreaVerifiedRemarks='Area is Updated by Joint Commissioner'  			from BtoAMainApp a inner join BtoA_JC_SiteDtls b on a.App_Id=b.Site_AppId  			where a.App_Id=@Site_AppId  and App_Active=1 and b.Site_Active=1  			UPDATE MAO SET MAO.ResidentialPlotareaAfterRoadWideninginSqmt = 				CASE 					WHEN MAO.Ofcr_CorrectedPropertyUseTypeId = 2 					THEN JC.Site_AreaInSqMt  					WHEN MAO.Ofcr_CorrectedPropertyUseTypeId = 3 					THEN JC.Site_AreaInSqMt  					ELSE MAO.ResidentialPlotareaAfterRoadWideninginSqmt 				END,  			MAO.CommercialPlotareaAfterRoadWideninginSqmt = 				CASE 					WHEN MAO.Ofcr_CorrectedPropertyUseTypeId = 1 					THEN JC.Site_AreaInSqMt  					--WHEN MAO.Ofcr_CorrectedPropertyUseTypeId = 3 					--THEN JC.Site_AreaInSqMt  					ELSE MAO.CommercialPlotareaAfterRoadWideninginSqmt 				END,  			MAO.IndustrialPlotareaAfterRoadWideninginSqmt = 				CASE 					WHEN MAO.Ofcr_CorrectedPropertyUseTypeId = 4 					THEN JC.Site_AreaInSqMt  					ELSE MAO.IndustrialPlotareaAfterRoadWideninginSqmt 				END 		FROM BtoA_MainApp_Officer MAO 		INNER JOIN BtoA_JC_SiteDtls JC 			ON MAO.Ofcr_BtoA_MainAppId = JC.Site_AppId 		WHERE MAO.Ofcr_BtoA_MainAppId = @Site_AppId; 			end 		                   END TRY     BEGIN CATCH          SELECT             400 AS Result,             ERROR_MESSAGE() AS Message,           cast(1 as bit) as Status, 		  @Site_Id as Site_Id      END CATCH END;   ",,
21-09-2026 11:16,INFRA\bbmpuser2,INFRA\bbmpuser2,KhataBtoA_prod,BBMP-DB-VP-15,Microsoft SQL Server Management Studio - Query,125,"ALTER  PROCEDURE [dbo].[USP_IU_BtoA_JC_SiteDtls] (     @Site_Id              INT = NULL,     @Site_AppId           INT = NULL,     @Site_ShapeType       NVARCHAR(10) = NULL,     @Site_No              NVARCHAR(200) = NULL,     @Site_Area            NVARCHAR(200) = NULL,     @Site_TypeId          INT = NULL,     @Site_AreaInSqFt      DECIMAL(18,2) = NULL,     @Site_AreaInSqMt      DECIMAL(18,2) = NULL,     @Site_Latitude        NVARCHAR(30) = NULL,     @Site_Longitude       NVARCHAR(30) = NULL,     @Site_CornerPlot      BIT = NULL,     @Site_NoOfSides       INT = NULL,     @Site_North           NVARCHAR(300) = NULL,     @Site_South           NVARCHAR(300) = NULL,     @Site_East            NVARCHAR(300) = NULL,     @Site_West            NVARCHAR(300) = NULL,     @Site_Active          BIT = NULL,     @Site_Remarks         NVARCHAR(2000) = NULL,     @Site_AdditionalInfo  NVARCHAR(MAX) = NULL,     @Site_Ip_Address      NVARCHAR(16) = NULL,     @Site_CBy            int = NULL, 	@Site_CName           NVARCHAR(2000) = NULL,     @Site_CRole           NVARCHAR(200) = NULL ) AS BEGIN     SET NOCOUNT ON;      BEGIN TRY  	         IF ISNULL(@Site_Id, 0) = 0         BEGIN  		if exists (select 1 from BtoA_JC_SiteDtls where Site_AppId=@Site_AppId) 		begin 		 update BtoA_JC_SiteDtls set Site_Active=0 where Site_AppId=@Site_AppId 	              -- INSERT             INSERT INTO [dbo].[BtoA_JC_SiteDtls]             (                 [Site_AppId],                 [Site_ShapeType],                 [Site_No],                 [Site_Area],                 [Site_TypeId],                 [Site_AreaInSqFt],                 [Site_AreaInSqMt],                 [Site_Latitude],                 [Site_Longitude],                 [Site_CornerPlot],                 [Site_NoOfSides],                 [Site_North],                 [Site_South],                 [Site_East],                 [Site_West],                 [Site_Active],                 [Site_Remarks],                 [Site_AdditionalInfo],                 [Site_Ip_Address], 				[Site_Cby],                 [Site_CDte],                 [Site_CName],                 [Site_CRole]             )             VALUES             (                 @Site_AppId,                 @Site_ShapeType,                 @Site_No,                 @Site_Area,                 @Site_TypeId,                 @Site_AreaInSqFt,                 @Site_AreaInSqMt,                 @Site_Latitude,                 @Site_Longitude,                 @Site_CornerPlot,                 @Site_NoOfSides,                 @Site_North,                 @Site_South,                 @Site_East,                 @Site_West,                 ISNULL(@Site_Active, 1),                 @Site_Remarks,                 @Site_AdditionalInfo,                 @Site_Ip_Address, 				  @Site_CBy,                 GETDATE(),                 @Site_CName,                 @Site_CRole             );              SET @Site_Id = SCOPE_IDENTITY();              SELECT                 @Site_Id AS Result, 				cast(1 as bit)	as Status,                 'Inserted Successfully' AS Message,                 @Site_Id AS Site_Id; 			END  		  			update a set a.App_AreaVerified=1, a.App_AreaVerifiedDate=GETDATE(), a.App_AreaVerifiedRemarks='Area is Updated by Joint Commissioner'  			from BtoAMainApp a inner join BtoA_JC_SiteDtls b on a.App_Id=b.Site_AppId  			where a.App_Id=@Site_AppId  and App_Active=1 and b.Site_Active=1  			UPDATE MAO SET MAO.ResidentialPlotareaAfterRoadWideninginSqmt =         CASE             WHEN MAO.Ofcr_CorrectedPropertyUseTypeId = 2             THEN JC.Site_AreaInSqMt              WHEN MAO.Ofcr_CorrectedPropertyUseTypeId = 3             THEN JC.Site_AreaInSqMt              ELSE MAO.ResidentialPlotareaAfterRoadWideninginSqmt         END,      MAO.CommercialPlotareaAfterRoadWideninginSqmt =         CASE             WHEN MAO.Ofcr_CorrectedPropertyUseTypeId = 1             THEN JC.Site_AreaInSqMt              --WHEN MAO.Ofcr_CorrectedPropertyUseTypeId = 3             --THEN JC.Site_AreaInSqMt              ELSE MAO.CommercialPlotareaAfterRoadWideninginSqmt         END,      MAO.IndustrialPlotareaAfterRoadWideninginSqmt =         CASE             WHEN MAO.Ofcr_CorrectedPropertyUseTypeId = 4             THEN JC.Site_AreaInSqMt              ELSE MAO.IndustrialPlotareaAfterRoadWideninginSqmt         END FROM BtoA_MainApp_Officer MAO INNER JOIN BtoA_JC_SiteDtls JC     ON MAO.Ofcr_BtoA_MainAppId = JC.Site_AppId WHERE MAO.Ofcr_BtoA_MainAppId = @Site_AppId;         END         ELSE         BEGIN             -- UPDATE             UPDATE [dbo].[BtoA_JC_SiteDtls]             SET                 [Site_AppId]          = @Site_AppId,                 [Site_ShapeType]      = @Site_ShapeType,                 [Site_No]             = @Site_No,                 [Site_Area]           = @Site_Area,                 [Site_TypeId]         = @Site_TypeId,                 [Site_AreaInSqFt]     = @Site_AreaInSqFt,                 [Site_AreaInSqMt]     = @Site_AreaInSqMt,                 [Site_Latitude]       = @Site_Latitude,                 [Site_Longitude]      = @Site_Longitude,                 [Site_CornerPlot]     = @Site_CornerPlot,                 [Site_NoOfSides]      = @Site_NoOfSides,                 [Site_North]          = @Site_North,                 [Site_South]          = @Site_South,                 [Site_East]           = @Site_East,                 [Site_West]           = @Site_West,                 [Site_Active]         = @Site_Active,                 [Site_Remarks]        = @Site_Remarks,                 [Site_AdditionalInfo] = @Site_AdditionalInfo,                 [Site_Ip_Address]     = @Site_Ip_Address, 				[Site_UBy]          = @Site_CBy,                 [Site_UDte]           = GETDATE(),                 [Site_UName]          = @Site_CName,                 [Site_URole]          = @Site_CRole             WHERE [Site_Id] = @Site_Id;              IF @@ROWCOUNT = 0             BEGIN                 SELECT                     0 AS Result, 					cast(0 as bit) as Status,                     'Record Not Found' AS Message,                     @Site_Id AS Site_Id;             END             ELSE             BEGIN                 SELECT                     1 AS Result, 					cast(1 as bit) as Status,                     'Updated Successfully' AS Message,                     @Site_Id AS Site_Id;             END         END      END TRY     BEGIN CATCH          SELECT             400 AS Result,             ERROR_MESSAGE() AS Message,           cast(1 as bit) as Status, 		  @Site_Id as Site_Id      END CATCH END;  ",,
21-09-2026 11:15,INFRA\bbmpuser2,INFRA\bbmpuser2,KhataBtoA_prod,BBMP-DB-VP-15,Microsoft SQL Server Management Studio - Query,124,"  ALTER TRIGGER [dbo].[Tr_BtoA_MainApp_Officer] ON [dbo].[BtoA_MainApp_Officer] AFTER UPDATE AS BEGIN     SET NOCOUNT ON;  --select * from BtoA_MainApp_Officer_Hist   --ALTER TABLE BtoA_MainApp_Officer_Hist Add KSRSACMasterPlanLandUseType	nvarchar --ALTER TABLE BtoA_MainApp_Officer_Hist Add Ofcr_Existing_CorrectedPropertyUseTypeId	int --ALTER TABLE BtoA_MainApp_Officer_Hist Add Ofcr_Existing_CorrectedPropertyUseTypeValue	nvarchar --ALTER TABLE BtoA_MainApp_Officer_Hist Add Ofcr_Existing_Ofcr_IsGovtProperty	bit --ALTER TABLE BtoA_MainApp_Officer_Hist Add Ofcr_Existing_IsGovtProperty	bit   --sp_help BtoA_MainApp_Officer_Hist  --ALTER TABLE BtoA_MainApp_Officer_Hist ADD Ofcr_Corrected_IndustrialArea float --update BtoA_MainApp_Officer set Ofcr_Aditional='Tr Test' where ApplicationDisplayId='202511030004033'     INSERT INTO BtoA_MainApp_Officer_Hist     (        Ofcr_RowId       ,ApplicationDisplayId       ,Ofcr_BtoA_MainAppId       ,SsaId       ,PropertyId       ,ApplicationDate       ,Ofcr_PropertyLandExistOnSpot       ,Ofcr_IsAllBhoomiSurveyNosCorrect       ,Ofcr_IsGovtProperty       ,Ofcr_CorrectedGpsLocation       ,Ofcr_CorrectedLatitude       ,Ofcr_CorrectedLongitude       ,Ofcr_CorrectedPropertyUseType       ,Ofcr_CorrectedPropertyUseTypeId       ,Ofcr_CorrectedPropertyUseTypeValue       ,Ofcr_CorrectedCommercialArea       ,Ofcr_CorrectedResidentialArea       ,Ofcr_Corrected_IndustrialArea       ,Ofcr_CorrectedRoadDetails       ,Ofcr_IsCornerPlotOrMoreThanTwoSidesRoadFacing       ,Ofcr_RoadFacingSides       ,Ofcr_RoadWidthInFrontOfPropertyInSqft       ,Ofcr_RoadWidthInFrontOfPropertyInSqmt       ,Ofcr_nearest_public_Road_Latitude       ,Ofcr_nearest_public_Road_Longitude       ,Ofcr_gpsStatusFullWorkflowJSON       ,Ofcr_Aditional       ,Ofcr_JsonRQ       ,Ofcr_JsonRS       ,Ofcr_IsMasterPlanProcessed       ,Ofcr_IsMasterPlanVerified       ,CBy       ,CDte       ,CRole       ,UBy       ,UDte       ,URole       ,ResidentialPlotRMPWidnedAreainSqmt       ,ResidentialPlotareaAfterRoadWideninginSqmt       ,isPlotinBufferZone       ,BufferZoneArea       ,CommercialPlotRMPWidnedAreainSqmt       ,CommercialPlotareaAfterRoadWideninginSqmt       ,IndustrialPlotRMPWidnedAreainSqmt       ,IndustrialPlotareaAfterRoadWideninginSqmt       ,matchedSurveyNo       ,surveyRemark       ,IsBuildingExists 	  ,Ofcr_Existing_CorrectedPropertyUseTypeId 	  ,Ofcr_Existing_CorrectedPropertyUseTypeValue 	  ,Ofcr_Existing_IsGovtProperty     )     SELECT        d.Ofcr_RowId       ,d.ApplicationDisplayId       ,d.Ofcr_BtoA_MainAppId       ,d.SsaId       ,d.PropertyId       ,d.ApplicationDate       ,d.Ofcr_PropertyLandExistOnSpot       ,d.Ofcr_IsAllBhoomiSurveyNosCorrect       ,d.Ofcr_IsGovtProperty       ,d.Ofcr_CorrectedGpsLocation       ,d.Ofcr_CorrectedLatitude       ,d.Ofcr_CorrectedLongitude       ,d.Ofcr_CorrectedPropertyUseType       ,d.Ofcr_CorrectedPropertyUseTypeId       ,d.Ofcr_CorrectedPropertyUseTypeValue       ,d.Ofcr_CorrectedCommercialArea       ,d.Ofcr_CorrectedResidentialArea       ,d.Ofcr_Corrected_IndustrialArea       ,d.Ofcr_CorrectedRoadDetails       ,d.Ofcr_IsCornerPlotOrMoreThanTwoSidesRoadFacing       ,d.Ofcr_RoadFacingSides       ,d.Ofcr_RoadWidthInFrontOfPropertyInSqft       ,d.Ofcr_RoadWidthInFrontOfPropertyInSqmt       ,d.Ofcr_nearest_public_Road_Latitude       ,d.Ofcr_nearest_public_Road_Longitude       ,d.Ofcr_gpsStatusFullWorkflowJSON       ,d.Ofcr_Aditional       ,d.Ofcr_JsonRQ       ,d.Ofcr_JsonRS       ,d.Ofcr_IsMasterPlanProcessed       ,d.Ofcr_IsMasterPlanVerified       ,d.CBy       ,d.CDte       ,d.CRole       ,d.UBy       ,d.UDte       ,d.URole       ,d.ResidentialPlotRMPWidnedAreainSqmt       ,d.ResidentialPlotareaAfterRoadWideninginSqmt       ,d.isPlotinBufferZone       ,d.BufferZoneArea       ,d.CommercialPlotRMPWidnedAreainSqmt       ,d.CommercialPlotareaAfterRoadWideninginSqmt       ,d.IndustrialPlotRMPWidnedAreainSqmt       ,d.IndustrialPlotareaAfterRoadWideninginSqmt       ,d.matchedSurveyNo       ,d.surveyRemark       ,d.IsBuildingExists 	  ,d.Ofcr_Existing_CorrectedPropertyUseTypeId 	  ,d.Ofcr_Existing_CorrectedPropertyUseTypeValue 	  ,d.Ofcr_Existing_IsGovtProperty       FROM DELETED d     END; ",,
21-09-2026 11:15,INFRA\bbmpuser2,INFRA\bbmpuser2,KhataBtoA_prod,BBMP-DB-VP-15,Microsoft SQL Server Management Studio - Query,124,"ALTER TABLE BtoA_MainApp_Officer_Hist Add KSRSACMasterPlanLandUseType	nvarchar ALTER TABLE BtoA_MainApp_Officer_Hist Add Ofcr_Existing_CorrectedPropertyUseTypeId	int ALTER TABLE BtoA_MainApp_Officer_Hist Add Ofcr_Existing_CorrectedPropertyUseTypeValue	nvarchar ALTER TABLE BtoA_MainApp_Officer_Hist Add Ofcr_Existing_Ofcr_IsGovtProperty	bit ALTER TABLE BtoA_MainApp_Officer_Hist Add Ofcr_Existing_IsGovtProperty	bit",,
21-09-2026 11:15,INFRA\bbmpuser2,INFRA\bbmpuser2,KhataBtoA_prod,BBMP-DB-VP-15,Microsoft SQL Server Management Studio - Query,124,"ALTER TABLE BtoA_MainApp_Officer_Hist Add KSRSACMasterPlanLandUseType	nvarchar ALTER TABLE BtoA_MainApp_Officer_Hist Add Ofcr_Existing_CorrectedPropertyUseTypeId	int ALTER TABLE BtoA_MainApp_Officer_Hist Add Ofcr_Existing_CorrectedPropertyUseTypeValue	nvarchar ALTER TABLE BtoA_MainApp_Officer_Hist Add Ofcr_Existing_Ofcr_IsGovtProperty	bit ALTER TABLE BtoA_MainApp_Officer_Hist Add Ofcr_Existing_IsGovtProperty	bit",,
21-09-2026 11:15,INFRA\bbmpuser2,INFRA\bbmpuser2,KhataBtoA_prod,BBMP-DB-VP-15,Microsoft SQL Server Management Studio - Query,124,"ALTER TABLE BtoA_MainApp_Officer_Hist Add KSRSACMasterPlanLandUseType	nvarchar ALTER TABLE BtoA_MainApp_Officer_Hist Add Ofcr_Existing_CorrectedPropertyUseTypeId	int ALTER TABLE BtoA_MainApp_Officer_Hist Add Ofcr_Existing_CorrectedPropertyUseTypeValue	nvarchar ALTER TABLE BtoA_MainApp_Officer_Hist Add Ofcr_Existing_Ofcr_IsGovtProperty	bit ALTER TABLE BtoA_MainApp_Officer_Hist Add Ofcr_Existing_IsGovtProperty	bit",,
21-09-2026 11:15,INFRA\bbmpuser2,INFRA\bbmpuser2,KhataBtoA_prod,BBMP-DB-VP-15,Microsoft SQL Server Management Studio - Query,124,"ALTER TABLE BtoA_MainApp_Officer_Hist Add KSRSACMasterPlanLandUseType	nvarchar ALTER TABLE BtoA_MainApp_Officer_Hist Add Ofcr_Existing_CorrectedPropertyUseTypeId	int ALTER TABLE BtoA_MainApp_Officer_Hist Add Ofcr_Existing_CorrectedPropertyUseTypeValue	nvarchar ALTER TABLE BtoA_MainApp_Officer_Hist Add Ofcr_Existing_Ofcr_IsGovtProperty	bit ALTER TABLE BtoA_MainApp_Officer_Hist Add Ofcr_Existing_IsGovtProperty	bit",,Extended Events_016092026 to 20
21-09-2026 11:15,INFRA\bbmpuser2,INFRA\bbmpuser2,KhataBtoA_prod,BBMP-DB-VP-15,Microsoft SQL Server Management Studio - Query,124,"ALTER TABLE BtoA_MainApp_Officer_Hist Add KSRSACMasterPlanLandUseType	nvarchar ALTER TABLE BtoA_MainApp_Officer_Hist Add Ofcr_Existing_CorrectedPropertyUseTypeId	int ALTER TABLE BtoA_MainApp_Officer_Hist Add Ofcr_Existing_CorrectedPropertyUseTypeValue	nvarchar ALTER TABLE BtoA_MainApp_Officer_Hist Add Ofcr_Existing_Ofcr_IsGovtProperty	bit ALTER TABLE BtoA_MainApp_Officer_Hist Add Ofcr_Existing_IsGovtProperty	bit",,
21-09-2026 11:14,INFRA\bbmpuser2,INFRA\bbmpuser2,KhataBtoA_prod,BBMP-DB-VP-15,Microsoft SQL Server Management Studio - Query,123,"",,
21-09-2026 11:14,INFRA\bbmpuser2,INFRA\bbmpuser2,KhataBtoA_prod,BBMP-DB-VP-15,Microsoft SQL Server Management Studio - Query,122,"",,
21-09-2026 11:14,INFRA\bbmpuser2,INFRA\bbmpuser2,KhataBtoA_prod,BBMP-DB-VP-15,Microsoft SQL Server Management Studio - Query,121,"  ALTER   PROCEDURE [dbo].[USP_IU_BtoA_JC_SiteDimension] (     @SiteDim_id             INT = NULL,     @SiteDim_Siteid         INT = NULL,     @SiteDim_AppId          INT = NULL,     @SiteDim_SideInFt       DECIMAL(18,2) = NULL,     @SiteDim_SideInMt       DECIMAL(18,2) = NULL,     @SiteDim_RoadFacing     INT = NULL,     @SiteDim_Active         BIT = NULL,     @SiteDim_Remarks        NVARCHAR(MAX) = NULL,     @SiteDim_AdditionalInfo NVARCHAR(MAX) = NULL,     @SiteDim_IPAddress      NVARCHAR(16) = NULL,     @SiteDim_CBy            NVARCHAR(10) = NULL,     @SiteDim_CName          NVARCHAR(2000) = NULL,     @SiteDim_CRole          NVARCHAR(200) = NULL ) AS BEGIN     SET NOCOUNT ON;      BEGIN TRY          IF ISNULL(@SiteDim_id, 0) = 0         BEGIN             -- INSERT             INSERT INTO [dbo].[BtoA_JC_SiteDimension]             (                 [SiteDim_Siteid],                 [SiteDim_AppId],                 [SiteDim_SideInFt],                 [SiteDim_SideInMt],                 [SiteDim_RoadFacing],                 [SiteDim_Active],                 [SiteDim_Remarks],                 [SiteDim_AdditionalInfo],                 [SiteDim_IPAddress],                 [SiteDim_CBy],                 [SiteDim_CName],                 [SiteDim_CRole],                 [SiteDim_CDate]             )             VALUES             (                 @SiteDim_Siteid,                 @SiteDim_AppId,                 @SiteDim_SideInFt,                 @SiteDim_SideInMt,                 @SiteDim_RoadFacing,                 ISNULL(@SiteDim_Active, 1),                 @SiteDim_Remarks,                 @SiteDim_AdditionalInfo,                 @SiteDim_IPAddress,                 @SiteDim_CBy,                 @SiteDim_CName,                 @SiteDim_CRole,                 GETDATE()             );              SET @SiteDim_id = SCOPE_IDENTITY();               SELECT             @SiteDim_Siteid AS SiteID,  			'Success' AS Message,             cast(1 as bit) as Status, 		    @SiteDim_id as SiteDim_id  			update a set a.App_AreaVerified=1, a.App_AreaVerifiedDate=GETDATE(), a.App_AreaVerifiedRemarks='Area is Updated by Joint Commissioner'  			from BtoAMainApp a inner join BtoA_JC_SiteDtls b on a.App_Id=b.Site_AppId  			where a.App_Id=@SiteDim_AppId  and App_Active=1 and b.Site_Active=1  			UPDATE MAO SET MAO.ResidentialPlotareaAfterRoadWideninginSqmt =         CASE             WHEN MAO.Ofcr_CorrectedPropertyUseTypeId = 2             THEN JC.Site_AreaInSqMt              WHEN MAO.Ofcr_CorrectedPropertyUseTypeId = 3             THEN JC.Site_AreaInSqMt              ELSE MAO.ResidentialPlotareaAfterRoadWideninginSqmt         END,      MAO.CommercialPlotareaAfterRoadWideninginSqmt =         CASE             WHEN MAO.Ofcr_CorrectedPropertyUseTypeId = 1             THEN JC.Site_AreaInSqMt              --WHEN MAO.Ofcr_CorrectedPropertyUseTypeId = 3             --THEN JC.Site_AreaInSqMt              ELSE MAO.CommercialPlotareaAfterRoadWideninginSqmt         END,      MAO.IndustrialPlotareaAfterRoadWideninginSqmt =         CASE             WHEN MAO.Ofcr_CorrectedPropertyUseTypeId = 4             THEN JC.Site_AreaInSqMt              ELSE MAO.IndustrialPlotareaAfterRoadWideninginSqmt         END FROM BtoA_MainApp_Officer MAO INNER JOIN BtoA_JC_SiteDtls JC     ON MAO.Ofcr_BtoA_MainAppId = JC.Site_AppId WHERE MAO.Ofcr_BtoA_MainAppId = @SiteDim_AppId;           END         ELSE         BEGIN             -- UPDATE             UPDATE [dbo].[BtoA_JC_SiteDimension]             SET                 [SiteDim_Siteid]         = @SiteDim_Siteid,                 [SiteDim_AppId]          = @SiteDim_AppId,                 [SiteDim_SideInFt]       = @SiteDim_SideInFt,                 [SiteDim_SideInMt]       = @SiteDim_SideInMt,                 [SiteDim_RoadFacing]     = @SiteDim_RoadFacing,                 [SiteDim_Active]         = @SiteDim_Active,                 [SiteDim_Remarks]        = @SiteDim_Remarks,                 [SiteDim_AdditionalInfo] = @SiteDim_AdditionalInfo,                 [SiteDim_IPAddress]      = @SiteDim_IPAddress,                 [SiteDim_UBy]            = @SiteDim_CBy,                 [SiteDim_UName]          = @SiteDim_CName,                 [SiteDim_URole]          = @SiteDim_CRole,                 [SiteDim_UDate]          = GETDATE()             WHERE [SiteDim_id] = @SiteDim_id;              IF @@ROWCOUNT = 0             BEGIN                    SELECT             @SiteDim_Siteid AS SiteID,'Error ' AS Message,             cast(0 as bit) as Status, 		    @SiteDim_id as SiteDim_id             END             ELSE             BEGIN 			  			update a set a.App_AreaVerified=1, a.App_AreaVerifiedDate=GETDATE(), a.App_AreaVerifiedRemarks='Area is Updated by Joint Commissioner'  			from BtoAMainApp a inner join BtoA_JC_SiteDtls b on a.App_Id=b.Site_AppId  			where a.App_Id=@SiteDim_AppId  and App_Active=1 and b.Site_Active=1  			UPDATE MAO SET MAO.ResidentialPlotareaAfterRoadWideninginSqmt =         CASE             WHEN MAO.Ofcr_CorrectedPropertyUseTypeId = 2             THEN JC.Site_AreaInSqMt              WHEN MAO.Ofcr_CorrectedPropertyUseTypeId = 3             THEN JC.Site_AreaInSqMt              ELSE MAO.ResidentialPlotareaAfterRoadWideninginSqmt         END,      MAO.CommercialPlotareaAfterRoadWideninginSqmt =         CASE             WHEN MAO.Ofcr_CorrectedPropertyUseTypeId = 1             THEN JC.Site_AreaInSqMt              --WHEN MAO.Ofcr_CorrectedPropertyUseTypeId = 3             --THEN JC.Site_AreaInSqMt              ELSE MAO.CommercialPlotareaAfterRoadWideninginSqmt         END,      MAO.IndustrialPlotareaAfterRoadWideninginSqmt =         CASE             WHEN MAO.Ofcr_CorrectedPropertyUseTypeId = 4             THEN JC.Site_AreaInSqMt              ELSE MAO.IndustrialPlotareaAfterRoadWideninginSqmt         END FROM BtoA_MainApp_Officer MAO INNER JOIN BtoA_JC_SiteDtls JC     ON MAO.Ofcr_BtoA_MainAppId = JC.Site_AppId WHERE MAO.Ofcr_BtoA_MainAppId = @SiteDim_AppId;            SELECT             @SiteDim_Siteid AS SiteID,  			'Success' AS Message,             cast(1 as bit) as Status, 		    @SiteDim_id as SiteDim_id             END         END      END TRY     BEGIN CATCH            SELECT             @SiteDim_Siteid AS SiteID,  			ERROR_MESSAGE() AS Message,             cast(0 as bit) as Status, 		    @SiteDim_id as SiteDim_id      END CATCH END;    ",,
21-09-2026 11:14,INFRA\bbmpuser2,INFRA\bbmpuser2,KhataBtoA_prod,BBMP-DB-VP-15,Microsoft SQL Server Management Studio - Query,120,"   ALTER PROCEDURE [dbo].[USP_S_BtoA_GpsDashCount]       @p_Level INT,    @p_Role int =null,    @p_Epid nvarchar(50) =null,       @p_Corp int =null,    @p_Zone int =null,    @p_Ward int =null,    @p_ArchId int=null   AS   BEGIN       SET NOCOUNT ON;     DEclare @RoadTypeValue Varchar(50)     SET @RoadTypeValue = 'Private,Public'    print @RoadTypeValue       IF @p_Level = 1  --@Corp is passed       BEGIN     if @p_Corp is null     begin      SELECT               (SELECT COUNT(*)                 FROM BtoA_MainApp_Officer MA  with  (nolock)        inner Join BtoA_SiteRoadDetails_Officer RD with(nolock) on  MA.Ofcr_BtoA_MainAppId=RD.BtoA_MainAppId                where RD.BtoA_RoadType IN ( SELECT TRIM(value) FROM STRING_SPLIT(@RoadTypeValue, ','))       ) AS AllCount,                  (SELECT COUNT(*)                 FROM BtoA_MainApp_Officer MO with (nolock) inner join BtoA_Status_Master_Tran SM with (nolock) on MO.Ofcr_BtoA_MainAppId=SM.Sts_MainAppId          inner Join BtoA_SiteRoadDetails_Officer RD with(nolock) on  MO.Ofcr_BtoA_MainAppId=RD.BtoA_MainAppId                                WHERE                      Sts_CurrStatusId not in (11) and RD.BtoA_RoadType IN ( SELECT TRIM(value) FROM STRING_SPLIT(@RoadTypeValue, ','))) AS PendingCount ,                 (SELECT COUNT(*)                 FROM BtoA_MainApp_Officer MO with (nolock) inner join BtoA_Status_Master_Tran SM with (nolock) on MO.Ofcr_BtoA_MainAppId=SM.Sts_MainAppId                WHERE                      Sts_CurrStatusId in (11)) AS RejectedCount,                  ( select distinct count(*) from BtoAMainApp MA with(nolock)       inner join BtoA_MainApp_Officer MAO with(nolock) On MA.App_Id=MAO.Ofcr_BtoA_MainAppId       inner Join BtoA_EPIDMetaData MD with(nolock) On MA.App_Id=MD.MD_APP_ID       inner join BtoA_Status_Master_Tran STS with(nolock) On MA.App_Id=STS.Sts_MainAppId and Sts.Sts_MainAppStatus=MA.App_Status      Left JOIN BtoA_SiteRoadDetails_Officer RD ON MA.App_ID= RD.BtoA_MainAppId       where MA.GBAId=@p_Corp and MD.MD_ZoneId=@p_Zone and  sts.Sts_CurrStatusId   in (1500)       AND RD.BtoA_RoadType IN ( SELECT TRIM(value) FROM STRING_SPLIT(@RoadTypeValue, ','))       ) AS RecommendedCount,                   (SELECT COUNT(*)                 FROM BtoA_MainApp_Officer MO with (nolock)        inner join BtoA_Status_Master_Tran SM with (nolock) on MO.Ofcr_BtoA_MainAppId=SM.Sts_MainAppId       Left JOIN BtoA_SiteRoadDetails_Officer RD ON MO.Ofcr_BtoA_MainAppId= RD.BtoA_MainAppId                 WHERE                      Sts_CurrStatusId in (42) AND RD.BtoA_RoadType IN ( SELECT TRIM(value) FROM STRING_SPLIT(@RoadTypeValue, ','))) AS CompletedCount,          (SELECT COUNT(*)                 FROM BtoA_MainApp_Officer MO with (nolock) inner join BtoA_Status_Master_Tran SM with (nolock) on MO.Ofcr_BtoA_MainAppId=SM.Sts_MainAppId                WHERE 1=0) AS PrivateRoadCount,         Convert(int,0)  AS ObjectedCount,        Convert(int,0) AS GVZeroCount     end             END        ELSE IF @p_Level = 2  --@Corp is passed Commissioner       BEGIN     if @p_Corp is not null     begin          WITH BaseData AS   (       SELECT distinct           MA.App_Id,           MA.App_Status,           SM.Sts_CurrStatusId,           SM.Sts_CurrOfficerRoleId,           MD.MD_SiteArea AS SiteArea       FROM BtoAMainApp MA       INNER JOIN BtoA_MainApp_Officer MO            ON MA.App_Id = MO.Ofcr_BtoA_MainAppId       inner JOIN BtoA_Status_Master_Tran SM            ON MA.App_Id = SM.Sts_MainAppId            AND MA.App_Status = SM.Sts_MainAppStatus       INNER JOIN BtoA_EPIDMetaData MD            ON MA.App_Id = MD.MD_APP_ID            WHERE MA.App_Active=1  AND  MA.GBAId = @p_Corp   AND EXISTS (           SELECT 1            FROM BtoA_SiteRoadDetails_Officer RD           WHERE RD.BtoA_MainAppId = MA.App_Id) and (App_Status in(200, 300,1100,1500) OR ( Sts_MainAppStatus = 11 AND Sts_CurrOfficerRoleId = 130)       )   )      SELECT       -- ✅ All Count       COUNT(DISTINCT CASE            WHEN App_Status IN (11,200,300,1500,1100)           THEN App_Id END) AS AllCount,          -- ✅ Pending Count       COUNT(DISTINCT CASE            WHEN Sts_CurrStatusId IN (1500,1100)           THEN App_Id END) AS PendingCount,          -- ✅ Rejected Count (ONLY for specific RoleId)       COUNT(DISTINCT CASE            WHEN Sts_CurrStatusId = 11                 AND Sts_CurrOfficerRoleId = 130   --&#55357;&#56392; role condition applied           THEN App_Id END) AS RejectedCount,          -- ✅ Recommended Count       COUNT(DISTINCT CASE            WHEN Sts_CurrStatusId IN (1100,1500)           THEN App_Id END) AS RecommendedCount,          -- ✅ Completed Count       COUNT(DISTINCT CASE            WHEN Sts_CurrStatusId IN (200,300)           THEN App_Id END) AS CompletedCount,          -- Static values       CONVERT(INT,0) AS PrivateRoadCount,       CONVERT(INT,0) AS ObjectedCount,    Convert(int,0) AS GVZeroCount      FROM BaseData;     end             END          ELSE IF @p_Level = 3 --architect     BEGIN        print @p_Level     print 'print '            select PendingCount,RejectedCount,CompletedCount,RecommendedCount,(PendingCount+RejectedCount+CompletedCount) Allcount,PrivateRoadCount,     Convert(int,0) AS GVZeroCount from (     SELECT             --(select count(*) from BtoAMainApp where app_id not in( select distinct appid from BtoA_Architect_AssignedApp where isActive=1) and      --app_Status in(13,14,200,300) and GBAId=@p_Corp     --    ) AS AllCount,             -- PendingCount: Status 13 and NOT assigned to ANY architect      ( select count(*) from BtoAMainApp where app_id not in( select appid from BtoA_Architect_AssignedApp where isActive=1 )      and app_Status in(13)   and GBAId=@p_Corp      ) AS PendingCount,             -- AssignedToMeCount: Status 13 and assigned to current architect      (SELECT COUNT(*)       FROM BtoA_MainApp_Officer MO       INNER JOIN BtoA_Status_Master_Tran SM        ON MO.Ofcr_BtoA_MainAppId = SM.Sts_MainAppId       INNER JOIN BtoAMainApp MA        ON MA.App_Id = MO.Ofcr_BtoA_MainAppId       LEFT JOIN BtoA_SiteRoadDetails_Officer SRD         ON SRD.BtoA_MainAppId = MO.Ofcr_BtoA_MainAppId       WHERE MA.App_Active=1  AND  SM.Sts_CurrStatusId = 13         AND MA.GBAId = @p_Corp          AND SRD.BtoA_RoadType = 'Public'         AND EXISTS (          SELECT 1          FROM BtoA_Architect_AssignedApp AA          WHERE AA.AppId = MO.Ofcr_BtoA_MainAppId         AND AA.Arch_Id = @p_ArchId          AND AA.IsActive = 1         ) AND SRD.BtoA_RoadType IN (     SELECT TRIM(value)     FROM STRING_SPLIT(@RoadTypeValue, ','))      ) AS RejectedCount,             ( select distinct count(*) from BtoAMainApp MA with(nolock)       inner join BtoA_MainApp_Officer MAO with(nolock) On MA.App_Id=MAO.Ofcr_BtoA_MainAppId       inner Join BtoA_EPIDMetaData MD with(nolock) On MA.App_Id=MD.MD_APP_ID       inner join BtoA_Status_Master_Tran STS with(nolock) On MA.App_Id=STS.Sts_MainAppId and Sts.Sts_MainAppStatus=MA.App_Status              Left JOIN BtoA_SiteRoadDetails_Officer RD ON MA.app_ID = RD.BtoA_MainAppId where MA.App_Active=1  AND MA.GBAId=@p_Corp and MD.MD_ZoneId=@p_Zone and  sts.Sts_CurrStatusId   in (1500)       AND RD.BtoA_RoadType IN ( SELECT TRIM(value) FROM STRING_SPLIT(@RoadTypeValue, ','))       ) AS RecommendedCount,            -- CompletedCount: Status 14 (either not assigned OR assigned to current architect)      (    SELECT count(*)       FROM BtoAMainApp MA       inner Join BtoA_SiteRoadDetails_Officer RD on RD.BtoA_MainAppId=MA.App_id       WHERE MA.App_status in(11, 14,200,300)         AND MA.GBAId = @p_Corp                AND  MA.App_id in         (         select Appid from BtoA_Architect_AssignedApp where isActive=1 and Arch_id=@p_ArchId         )        AND RD.BtoA_RoadType IN ( SELECT TRIM(value) FROM STRING_SPLIT(@RoadTypeValue, ','))                ) AS CompletedCount,            Convert(int,0)  AS PrivateRoadCount,      Convert(int,0)  AS ObjectedCount      ) as Final;       END      ELSE IF @p_Level = 4 --Case Worker Login     BEGIN       WITH AppData AS   (       SELECT            MO.Ofcr_BtoA_MainAppId,           SM.Sts_CurrStatusId,           SM.Sts_MainAppStatus,              -- ✅ Flag: if any private road exists           MAX(CASE                WHEN RD.BtoA_RoadType = 'Private' THEN 1                ELSE 0            END) AS HasPrivateRoad,              CASE                WHEN OBJ.Obj_AppId IS NOT NULL THEN 1                ELSE 0            END AS IsObjected          FROM BtoA_MainApp_Officer MO          INNER JOIN BtoA_EPIDMetaData MD            ON MO.Ofcr_BtoA_MainAppId = MD.MD_APP_ID          INNER JOIN BtoAMainApp MA            ON MA.App_Id = MO.Ofcr_BtoA_MainAppId          INNER JOIN BtoA_Status_Master_Tran SM            ON MO.Ofcr_BtoA_MainAppId = SM.Sts_MainAppId          INNER JOIN BtoA_SiteRoadDetails_Officer RD            ON RD.BtoA_MainAppId = MO.Ofcr_BtoA_MainAppId          LEFT JOIN Khata_Obj_MainApp OBJ           ON OBJ.Obj_AppId = MO.Ofcr_BtoA_MainAppId          WHERE MA.App_Active=1  AND            MA.GBAId = @p_Corp           AND MD.MD_ZoneId = @p_Zone           AND MD.MD_WardId = @p_Ward           AND MA.App_Source = 'NewKhata'          GROUP BY            MO.Ofcr_BtoA_MainAppId,           SM.Sts_CurrStatusId,           SM.Sts_MainAppStatus,           OBJ.Obj_AppId   )      SELECT       SUM(CASE WHEN Sts_MainAppStatus IN (13,18,16,12)           THEN 1 ELSE 0 END) AS AllCount,          SUM(CASE WHEN Sts_MainAppStatus IN (13,18,16,12)            THEN 1 ELSE 0 END) AS PendingCount,          CONVERT(int,0) AS RejectedCount,          SUM(CASE WHEN Sts_MainAppStatus IN (1000,1110,150,200,300,1500,1100)            THEN 1 ELSE 0 END) AS RecommendedCount,          CONVERT(int,0) AS CompletedCount,          -- ✅ Only applications having at least one private road       SUM(CASE WHEN HasPrivateRoad = 1            THEN 1 ELSE 0 END) AS PrivateRoadCount,          SUM(CASE WHEN IsObjected = 1            THEN 1 ELSE 0 END) AS ObjectedCount,    Convert(int,0) AS GVZeroCount      FROM AppData                END        ELSE IF @p_Level = 5  --Joint Commissioner is passed       BEGIN     if @p_Corp is not null     begin            ;WITH LatestHist AS (     SELECT Sts_MainAppId,Sts_CurrStatusId,Sts_CurrOfficerRoleId,Sts_TranId,Sts_TranId_HistId,                    ROW_NUMBER() OVER (                  PARTITION BY Sts_MainAppId                   ORDER BY Sts_TranId_HistId DESC              ) AS RN       FROM BtoA_Status_Master_Tran_Hist   ),      LatestStatus AS (      SELECT Sts_MainAppId,Sts_CurrStatusId,Sts_CurrOfficerRoleId,Sts_TranId,Udt,Sts_MainAppStatus,              ROW_NUMBER() OVER (                  PARTITION BY Sts_MainAppId                   ORDER BY Udt DESC, Sts_TranId DESC              ) AS RN       FROM BtoA_Status_Master_Tran   ),      LatestOfficer AS (    SELECT Ofcr_RowId, Ofcr_BtoA_MainAppId, ApplicationDisplayId,PropertyId,ApplicationDate,SsaId,              ROW_NUMBER() OVER (                  PARTITION BY Ofcr_BtoA_MainAppId                  ORDER BY Ofcr_BtoA_MainAppId DESC              ) AS RN       FROM BtoA_MainApp_Officer   ),      BaseData AS (       SELECT            MA.App_Id,           MA.App_Status,           LS.Sts_CurrStatusId,           LS.Sts_MainAppStatus,           LS.Sts_CurrOfficerRoleId,              LH.Sts_CurrStatusId AS HistStatus,           LH.Sts_CurrOfficerRoleId AS HistRoleId,              -- ✅ GV FLAG          CAST(ISNULL(GV.GVFlag,0) AS BIT) AS GVFlag        FROM BtoAMainApp MA          INNER JOIN LatestOfficer MO           ON MA.App_Id = MO.Ofcr_BtoA_MainAppId           AND MO.RN = 1          INNER JOIN LatestStatus LS           ON MA.App_Id = LS.Sts_MainAppId           AND LS.RN = 1          INNER JOIN BtoA_EPIDMetaData MD            ON MA.App_Id = MD.MD_APP_ID          LEFT JOIN LatestHist LH            ON MA.App_Id = LH.Sts_MainAppId           AND LH.RN = 1     OUTER APPLY     (      SELECT TOP (1)       CAST(        CASE         WHEN ISNULL(R.GuidanceValueSqMt,0) > 0         THEN 1         ELSE 0        END AS BIT       ) AS GVFlag      FROM BtoA_SiteRoadDetails_Officer SR      INNER JOIN MASTERDB_PROD.dbo.MstRoadKSRAC R       ON SR.BtoA_RoadId = R.Road_ID      INNER JOIN MASTERDB_PROD.dbo.mst_AROMapping AM       ON MD.MD_ZoneId   = AM.GBAZoneID         AND MD.MD_WardId   = AM.BBMPWardId         AND MD.MD_StreetId = AM.BBMPStreetId      WHERE SR.BtoA_MainAppId = MA.App_Id        AND SR.BtoA_RoadId IS NOT NULL      ORDER BY R.GuidanceValueSqMt     ) GV       WHERE MA.GBAId = @p_Corp         AND MD.MD_ZoneId = @p_Zone            AND EXISTS (               SELECT 1               FROM BtoA_SiteRoadDetails_Officer RD               WHERE RD.BtoA_MainAppId = MA.App_Id         )            AND MA.App_Status IN (12,110,14,150,200,300,1100,1500,1000,1110)       AND isnull(MA.IsApp_PropertyVerificationRequired,0) = 0 and isnull(MA.IsApp_MasterPlanMismatch,0) =0      AND MA.App_Active=1        AND     (         -- Show applications that are not assigned         NOT EXISTS         (             SELECT 1             FROM BtoA_Architect_AssignedApp AA             WHERE AA.AppId = MA.App_Id               AND AA.IsActive = 1         )            -- Or show if assigned to the logged-in officer         OR EXISTS         (             SELECT 1             FROM BtoA_Architect_AssignedApp AA             WHERE AA.AppId = MA.App_Id               AND AA.Arch_Id = @p_ArchId               AND AA.Arch_Role = @p_Role               AND AA.IsActive = 1         )     )      )            SELECT          -- ✅ ALL COUNT       COUNT(DISTINCT App_Id) AS AllCount,          -- ✅ PENDING       COUNT(DISTINCT CASE            WHEN App_Status IN (14,12,1000,1110)           THEN App_Id        END) AS PendingCount,          -- ✅ APPROVED       COUNT(DISTINCT CASE            WHEN App_Status = 150                OR (                    App_Status IN (200,300)                    OR (HistStatus IN (150,1500,1100)                         AND Sts_MainAppStatus NOT IN (14))                )           THEN App_Id        END) AS CompletedCount,          -- ✅ RECOMMENDED       COUNT(DISTINCT CASE            WHEN App_Status IN (1500,1100)                OR (                    HistStatus IN (1500,1100)                    AND HistRoleId = 125                    AND App_Status IN (200,300)                )           THEN App_Id        END) AS RecommendedCount,          -- ✅ REJECTED       COUNT(DISTINCT CASE            WHEN App_Status IN (110)                AND Sts_CurrOfficerRoleId = 125           THEN App_Id        END) AS RejectedCount,          -- ✅ GV ZERO COUNT       COUNT(DISTINCT CASE            WHEN GVFlag = 0           THEN App_Id        END) AS GVZeroCount,        -- Static columns       0 AS PrivateRoadCount,       0 AS ObjectedCount         FROM BaseData           end             END          ELSE IF @p_Level = 6 --Joint Commissioner Property Verification Required      BEGIN        SELECT       (select count(*) from BtoAMainApp MA   inner join BtoA_MainApp_Officer MO on MA.app_id=Mo.Ofcr_BtoA_MainAppId   inner join BtoA_EPIDMetaData MD on MD.MD_APP_ID=ma.App_Id   WHERE MA.GBAId = @p_Corp     AND MD.MD_ZoneId = @p_Zone     AND MA.App_Status IN (12,110,14,150,200,300,1100,1500,1000,1110)     AND MA.App_Active = 1 and IsApp_PropertyVerificationRequired=1     ) AS ALLCOUNT,              (select count(*) from BtoAMainApp MA   inner join BtoA_MainApp_Officer MO on MA.app_id=Mo.Ofcr_BtoA_MainAppId   inner join BtoA_EPIDMetaData MD on MD.MD_APP_ID=ma.App_Id      WHERE MA.GBAId = @p_Corp     AND MD.MD_ZoneId = @p_Zone     AND MA.App_Status IN (12,110,14,150,200,300,1100,1500,1000,1110)     AND MA.App_Active = 1 and isnull(IsApp_PropertyVerificationRequired,0)=1 and  App_PropertyVerified=0) AS PendingCount ,                 (select count(*) from BtoAMainApp MA   inner join BtoA_MainApp_Officer MO on MA.app_id=Mo.Ofcr_BtoA_MainAppId   inner join BtoA_EPIDMetaData MD on MD.MD_APP_ID=ma.App_Id      WHERE MA.GBAId = @p_Corp     AND MD.MD_ZoneId = @p_Zone     AND MA.App_Status IN (110)     AND MA.App_Active = 1 and IsApp_PropertyVerificationRequired=1 and  App_PropertyVerified=1) AS RejectedCount,                     (select count(*) from BtoAMainApp MA   inner join BtoA_MainApp_Officer MO on MA.app_id=Mo.Ofcr_BtoA_MainAppId   inner join BtoA_EPIDMetaData MD on MD.MD_APP_ID=ma.App_Id      WHERE MA.GBAId = @p_Corp     AND MD.MD_ZoneId = @p_Zone     AND MA.App_Status IN (1500,1100)     AND MA.App_Active = 1 and IsApp_PropertyVerificationRequired=1 and  App_PropertyVerified=1       ) AS RecommendedCount,                   (select count(*) from BtoAMainApp MA   inner join BtoA_MainApp_Officer MO on MA.app_id=Mo.Ofcr_BtoA_MainAppId   inner join BtoA_EPIDMetaData MD on MD.MD_APP_ID=ma.App_Id      WHERE MA.GBAId = @p_Corp     AND MD.MD_ZoneId = @p_Zone     AND MA.App_Status IN (150)     AND MA.App_Active = 1 and isnull(IsApp_PropertyVerificationRequired,0)=1 and  App_PropertyVerified=1) AS CompletedCount,   Convert(int,0)   AS PrivateRoadCount,   Convert(int,0)  AS ObjectedCount,   Convert(int,0) AS GVZeroCount         END       ELSE IF @p_Level = 7  --Joint Commissione Master Plan Verification Required    BEGIN         SELECT    (select count(distinct Ofcr_BtoA_MainAppId) from BtoAMainApp MA   inner join BtoA_MainApp_Officer MO on MA.app_id=Mo.Ofcr_BtoA_MainAppId   inner join BtoA_EPIDMetaData MD on MD.MD_APP_ID=ma.App_Id   WHERE MA.GBAId = @p_Corp     AND MD.MD_ZoneId = @p_Zone     AND MA.App_Status IN (12,110,14,150,200,300,1100,1500,1000,1110)     AND MA.App_Active = 1 and   isnull(IsApp_MasterPlanMismatch,0)=1      ) AS ALLCOUNT,      (select count(distinct Ofcr_BtoA_MainAppId) from BtoAMainApp MA   inner join BtoA_MainApp_Officer MO on MA.app_id=Mo.Ofcr_BtoA_MainAppId   inner join BtoA_EPIDMetaData MD on MD.MD_APP_ID=ma.App_Id   WHERE MA.GBAId = @p_Corp     AND MD.MD_ZoneId = @p_Zone     AND MA.App_Status IN (12,110,14,150,200,300,1100,1500,1000,1110)     AND MA.App_Active = 1 and   isnull(IsApp_MasterPlanMismatch,0)=1 and isnull(App_MasterPlanMismatchVerified,0)=0 ) AS PendingCount ,      (select count(distinct Ofcr_BtoA_MainAppId) from BtoAMainApp MA   inner join BtoA_MainApp_Officer MO on MA.app_id=Mo.Ofcr_BtoA_MainAppId   inner join BtoA_EPIDMetaData MD on MD.MD_APP_ID=ma.App_Id   WHERE MA.GBAId = @p_Corp     AND MD.MD_ZoneId = @p_Zone     AND MA.App_Status IN (110)     AND MA.App_Active = 1 and   isnull(IsApp_MasterPlanMismatch,0)=1 and isnull(App_MasterPlanMismatchVerified,0)=1 ) AS RejectedCount,      (select count(distinct Ofcr_BtoA_MainAppId) from BtoAMainApp MA   inner join BtoA_MainApp_Officer MO on MA.app_id=Mo.Ofcr_BtoA_MainAppId   inner join BtoA_EPIDMetaData MD on MD.MD_APP_ID=ma.App_Id   WHERE MA.GBAId = @p_Corp     AND MD.MD_ZoneId = @p_Zone     AND MA.App_Status IN (1500,1100)     AND MA.App_Active = 1 and  isnull(IsApp_MasterPlanMismatch,0)=1 and isnull(App_MasterPlanMismatchVerified,0)=1       ) AS RecommendedCount,      (select count(distinct Ofcr_BtoA_MainAppId) from BtoAMainApp MA   inner join BtoA_MainApp_Officer MO on MA.app_id=Mo.Ofcr_BtoA_MainAppId   inner join BtoA_EPIDMetaData MD on MD.MD_APP_ID=ma.App_Id   WHERE MA.GBAId = @p_Corp     AND MD.MD_ZoneId = @p_Zone     AND MA.App_Status IN (150)     AND MA.App_Active = 1 and  isnull(IsApp_MasterPlanMismatch,0)=1 and isnull(App_MasterPlanMismatchVerified,0)=1) AS CompletedCount,   Convert(int,0)   AS PrivateRoadCount,   Convert(int,0)  AS ObjectedCount,   Convert(int,0) AS GVZeroCount         END     ELSE IF @p_Level = 8  --Joint Commissione Area Verification Required    BEGIN         SELECT    (select count(distinct Ofcr_BtoA_MainAppId) from BtoAMainApp MA   inner join BtoA_MainApp_Officer MO on MA.app_id=Mo.Ofcr_BtoA_MainAppId   inner join BtoA_EPIDMetaData MD on MD.MD_APP_ID=ma.App_Id   WHERE MA.GBAId = @p_Corp     AND MD.MD_ZoneId = @p_Zone     AND MA.App_Status IN (12,110,14,150,200,300,1100,1500,1000,1110)     AND MA.App_Active = 1 and   isnull(isApp_AreaVerificationRequired,0)=1      ) AS ALLCOUNT,      (select count(distinct Ofcr_BtoA_MainAppId) from BtoAMainApp MA   inner join BtoA_MainApp_Officer MO on MA.app_id=Mo.Ofcr_BtoA_MainAppId   inner join BtoA_EPIDMetaData MD on MD.MD_APP_ID=ma.App_Id   WHERE MA.GBAId = @p_Corp     AND MD.MD_ZoneId = @p_Zone     AND MA.App_Status IN (12,110,14,150,200,300,1100,1500,1000,1110)     AND MA.App_Active = 1 and   isnull(isApp_AreaVerificationRequired,0)=1 and isnull(App_AreaVerified,0)=0 ) AS PendingCount ,      (select count(distinct Ofcr_BtoA_MainAppId) from BtoAMainApp MA   inner join BtoA_MainApp_Officer MO on MA.app_id=Mo.Ofcr_BtoA_MainAppId   inner join BtoA_EPIDMetaData MD on MD.MD_APP_ID=ma.App_Id   WHERE MA.GBAId = @p_Corp     AND MD.MD_ZoneId = @p_Zone     AND MA.App_Status IN (110)     AND MA.App_Active = 1 and   isnull(isApp_AreaVerificationRequired,0)=1 and isnull(App_AreaVerified,0)=1 ) AS RejectedCount,      (select count(distinct Ofcr_BtoA_MainAppId) from BtoAMainApp MA   inner join BtoA_MainApp_Officer MO on MA.app_id=Mo.Ofcr_BtoA_MainAppId   inner join BtoA_EPIDMetaData MD on MD.MD_APP_ID=ma.App_Id   WHERE MA.GBAId = @p_Corp     AND MD.MD_ZoneId = @p_Zone     AND MA.App_Status IN (1500,1100)     AND MA.App_Active = 1 and  isnull(isApp_AreaVerificationRequired,0)=1 and isnull(App_AreaVerified,0)=1       ) AS RecommendedCount,      (select count(distinct Ofcr_BtoA_MainAppId) from BtoAMainApp MA   inner join BtoA_MainApp_Officer MO on MA.app_id=Mo.Ofcr_BtoA_MainAppId   inner join BtoA_EPIDMetaData MD on MD.MD_APP_ID=ma.App_Id   WHERE MA.GBAId = @p_Corp     AND MD.MD_ZoneId = @p_Zone     AND MA.App_Status IN (150)     AND MA.App_Active = 1 and  isnull(isApp_AreaVerificationRequired,0)=1 and isnull(App_AreaVerified,0)=1) AS CompletedCount,   Convert(int,0)   AS PrivateRoadCount,   Convert(int,0)  AS ObjectedCount,   Convert(int,0) AS GVZeroCount         END      END  ",,
21-09-2026 11:13,INFRA\bbmpuser2,INFRA\bbmpuser2,KhataBtoA_prod,BBMP-DB-VP-15,Microsoft SQL Server Management Studio - Query,97,"CREATE OR ALTER PROC USP_S_BtoA_JC_SiteDtls -- 1,50001 @Level int, @Site_AppId int AS  BEgin if(@Level=1) begin select			[Site_AppId],                 [Site_ShapeType],                 [Site_No],                 [Site_Area],                 [Site_TypeId],                 [Site_AreaInSqFt],                 [Site_AreaInSqMt],                 [Site_Latitude],                 [Site_Longitude],                 [Site_CornerPlot],                 [Site_NoOfSides],                 [Site_North],                 [Site_South],                 [Site_East],                 [Site_West],                 [Site_Active],                 [Site_Remarks], 				SiteDim_id, 				SiteDim_Siteid,  				SiteDim_SideInFt, 				SiteDim_SideInMt, 				SiteDim_RoadFacing, 				SiteDim_Active 				from [BtoA_JC_SiteDtls] site  				inner join BtoA_JC_SiteDimension sitedim on  				Site.Site_AppId=SiteDim_AppId and site.Site_Id=sitedim.SiteDim_Siteid 				where Site_AppId=@Site_AppId and Site_Active=1 end  else begin select			[Site_AppId],                 [Site_ShapeType],                 [Site_No],                 [Site_Area],                 [Site_TypeId],                 [Site_AreaInSqFt],                 [Site_AreaInSqMt],                 [Site_Latitude],                 [Site_Longitude],                 [Site_CornerPlot],                 [Site_NoOfSides],                 [Site_North],                 [Site_South],                 [Site_East],                 [Site_West],                 [Site_Active],                 [Site_Remarks], 				SiteDim_id, 				SiteDim_Siteid,  				SiteDim_SideInFt, 				SiteDim_SideInMt, 				SiteDim_RoadFacing, 				SiteDim_Active 				from [BtoA_JC_SiteDtls] site  				inner join BtoA_JC_SiteDimension sitedim on  				Site.Site_AppId=SiteDim_AppId and site.Site_Id=sitedim.SiteDim_Siteid 				where Site_AppId=@Site_AppId and Site_Active=1 and 0=0 end end  ",,
21-09-2026 11:13,INFRA\bbmpuser2,INFRA\bbmpuser2,KhataBtoA_prod,BBMP-DB-VP-15,Microsoft SQL Server Management Studio - Query,95,"  ALTER   PROCEDURE [dbo].[USP_IU_BtoA_JC_SiteDimension] (     @SiteDim_id             INT = NULL,     @SiteDim_Siteid         INT = NULL,     @SiteDim_AppId          INT = NULL,     @SiteDim_SideInFt       DECIMAL(18,2) = NULL,     @SiteDim_SideInMt       DECIMAL(18,2) = NULL,     @SiteDim_RoadFacing     INT = NULL,     @SiteDim_Active         BIT = NULL,     @SiteDim_Remarks        NVARCHAR(MAX) = NULL,     @SiteDim_AdditionalInfo NVARCHAR(MAX) = NULL,     @SiteDim_IPAddress      NVARCHAR(16) = NULL,     @SiteDim_CBy            NVARCHAR(10) = NULL,     @SiteDim_CName          NVARCHAR(2000) = NULL,     @SiteDim_CRole          NVARCHAR(200) = NULL ) AS BEGIN     SET NOCOUNT ON;      BEGIN TRY          IF ISNULL(@SiteDim_id, 0) = 0         BEGIN             -- INSERT             INSERT INTO [dbo].[BtoA_JC_SiteDimension]             (                 [SiteDim_Siteid],                 [SiteDim_AppId],                 [SiteDim_SideInFt],                 [SiteDim_SideInMt],                 [SiteDim_RoadFacing],                 [SiteDim_Active],                 [SiteDim_Remarks],                 [SiteDim_AdditionalInfo],                 [SiteDim_IPAddress],                 [SiteDim_CBy],                 [SiteDim_CName],                 [SiteDim_CRole],                 [SiteDim_CDate]             )             VALUES             (                 @SiteDim_Siteid,                 @SiteDim_AppId,                 @SiteDim_SideInFt,                 @SiteDim_SideInMt,                 @SiteDim_RoadFacing,                 ISNULL(@SiteDim_Active, 1),                 @SiteDim_Remarks,                 @SiteDim_AdditionalInfo,                 @SiteDim_IPAddress,                 @SiteDim_CBy,                 @SiteDim_CName,                 @SiteDim_CRole,                 GETDATE()             );              SET @SiteDim_id = SCOPE_IDENTITY();               SELECT             @SiteDim_Siteid AS SiteID,  			'Success' AS Message,             cast(1 as bit) as Status, 		    @SiteDim_id as SiteDim_id          END         ELSE         BEGIN             -- UPDATE             UPDATE [dbo].[BtoA_JC_SiteDimension]             SET                 [SiteDim_Siteid]         = @SiteDim_Siteid,                 [SiteDim_AppId]          = @SiteDim_AppId,                 [SiteDim_SideInFt]       = @SiteDim_SideInFt,                 [SiteDim_SideInMt]       = @SiteDim_SideInMt,                 [SiteDim_RoadFacing]     = @SiteDim_RoadFacing,                 [SiteDim_Active]         = @SiteDim_Active,                 [SiteDim_Remarks]        = @SiteDim_Remarks,                 [SiteDim_AdditionalInfo] = @SiteDim_AdditionalInfo,                 [SiteDim_IPAddress]      = @SiteDim_IPAddress,                 [SiteDim_UBy]            = @SiteDim_CBy,                 [SiteDim_UName]          = @SiteDim_CName,                 [SiteDim_URole]          = @SiteDim_CRole,                 [SiteDim_UDate]          = GETDATE()             WHERE [SiteDim_id] = @SiteDim_id;              IF @@ROWCOUNT = 0             BEGIN                    SELECT             @SiteDim_Siteid AS SiteID,'Error ' AS Message,             cast(0 as bit) as Status, 		    @SiteDim_id as SiteDim_id             END             ELSE             BEGIN            SELECT             @SiteDim_Siteid AS SiteID,  			'Success' AS Message,             cast(1 as bit) as Status, 		    @SiteDim_id as SiteDim_id             END         END      END TRY     BEGIN CATCH            SELECT             @SiteDim_Siteid AS SiteID,  			ERROR_MESSAGE() AS Message,             cast(0 as bit) as Status, 		    @SiteDim_id as SiteDim_id      END CATCH END;    ",,
21-09-2026 11:13,INFRA\bbmpuser2,INFRA\bbmpuser2,KhataBtoA_prod,BBMP-DB-VP-15,Microsoft SQL Server Management Studio - Query,94,"",,
21-09-2026 11:13,INFRA\bbmpuser2,INFRA\bbmpuser2,KhataBtoA_prod,BBMP-DB-VP-15,Microsoft SQL Server Management Studio - Query,93,"  ALTER TRIGGER [dbo].[trg_BtoAMainApp] ON [dbo].[BtoAMainApp] AFTER UPDATE AS BEGIN     SET NOCOUNT ON;      INSERT INTO [dbo].[BtoAMainApp_Hist]     (         App_Id,         App_MotherEPID,         App_Type,         App_Status,         App_Active,         App_Remarks,         App_AdditionalInfo,         App_Cby,         App_Cdte,         App_CRole,         App_UBy,         App_UDte,         App_URole,         App_IpAddress,         App_DisplayId,         App_MotherSASID,         isProcessingFeePaid,         ProcessingFee,         GpsPushStatus,         GBAId,         GBA,         IsPushedToGps,         PushedToGpsDate,         PushedToGpsRemark,         App_Source,         isFinalPaymentDone,         finalPaymentAmount,         finalPaymentDate,         isMasterPlanProcessed,         isMasterPlanVerifedStatus,         isMasterPlanVerifedRemarks,         ActionType,         CDatetime, 		App_OrderNumber,         App_IsPushedToEaasthi,         App_IsPushedToEaasthiDate,         App_IsPushedToEaasthiStatusCode,         App_IsPushedToEaasthiRemarks, 		App_isBlockedInEaasthi ,App_ProcessingFeePaidDate ,App_JCMovedDate ,IsApp_JCAutoApproved ,App_JCApprovedDate ,IsApp_MasterPlanMismatch ,App_MasterPlanMismatchVerified ,App_MasterPlanMismatchVerifiedDate ,IsApp_PropertyVerificationRequired ,App_PropertyVerified ,App_PropertyVerifiedDate ,App_Concluded_PropertyUseType ,App_JC_Concluded_Remarks ,App_IsGovtProperty ,isApp_AreaVerificationRequired ,App_AreaVerified ,App_AreaVerifiedDate ,App_AreaVerifiedRemarks      )     SELECT         App_Id,         App_MotherEPID,         App_Type,         App_Status,         App_Active,         App_Remarks,         App_AdditionalInfo,         App_Cby,         App_Cdte,         App_CRole,         App_UBy,         App_UDte,         App_URole,         App_IpAddress,         App_DisplayId,         App_MotherSASID,         isProcessingFeePaid,         ProcessingFee,         GpsPushStatus,         GBAId,         GBA,         IsPushedToGps,         PushedToGpsDate,         PushedToGpsRemark,         App_Source,         isFinalPaymentDone,         finalPaymentAmount,         finalPaymentDate,         isMasterPlanProcessed,         isMasterPlanVerifedStatus,         isMasterPlanVerifedRemarks,         'Update',         SYSDATETIME(), 		App_OrderNumber,         App_IsPushedToEaasthi,         App_IsPushedToEaasthiDate,         App_IsPushedToEaasthiStatusCode,         App_IsPushedToEaasthiRemarks, 		App_isBlockedInEaasthi ,App_ProcessingFeePaidDate ,App_JCMovedDate ,IsApp_JCAutoApproved ,App_JCApprovedDate ,IsApp_MasterPlanMismatch ,App_MasterPlanMismatchVerified ,App_MasterPlanMismatchVerifiedDate ,IsApp_PropertyVerificationRequired ,App_PropertyVerified ,App_PropertyVerifiedDate ,App_Concluded_PropertyUseType ,App_JC_Concluded_Remarks ,App_IsGovtProperty ,isApp_AreaVerificationRequired ,App_AreaVerified ,App_AreaVerifiedDate ,App_AreaVerifiedRemarks      FROM deleted; END; ",,
21-09-2026 11:13,INFRA\bbmpuser2,INFRA\bbmpuser2,KhataBtoA_prod,BBMP-DB-VP-15,Microsoft SQL Server Management Studio - Query,92,"ALTER TABLE BtoAMainApp_Hist Add App_isBlockedInEaasthi		int ALTER TABLE BtoAMainApp_Hist Add App_ProcessingFeePaidDate  datetime ALTER TABLE BtoAMainApp_Hist Add App_JCMovedDate  datetime ALTER TABLE BtoAMainApp_Hist Add IsApp_JCAutoApproved  bit  ALTER TABLE BtoAMainApp_Hist Add App_JCApprovedDate  datetime  ALTER TABLE BtoAMainApp_Hist Add IsApp_MasterPlanMismatch   bit ALTER TABLE BtoAMainApp_Hist Add App_MasterPlanMismatchVerified bit   ALTER TABLE BtoAMainApp_Hist Add App_MasterPlanMismatchVerifiedDate datetime  ALTER TABLE BtoAMainApp_Hist Add IsApp_PropertyVerificationRequired bit  ALTER TABLE BtoAMainApp_Hist Add App_PropertyVerified   bit ALTER TABLE BtoAMainApp_Hist Add App_PropertyVerifiedDate  datetime ALTER TABLE BtoAMainApp_Hist Add App_Concluded_PropertyUseType  nvarchar(50) ALTER TABLE BtoAMainApp_Hist Add App_JC_Concluded_Remarks  nvarchar(max) ALTER TABLE BtoAMainApp_Hist Add App_IsGovtProperty   bit ALTER TABLE BtoAMainApp_Hist Add isApp_AreaVerificationRequired  bit ALTER TABLE BtoAMainApp_Hist Add App_AreaVerified  bit ALTER TABLE BtoAMainApp_Hist Add App_AreaVerifiedDate datetime  ALTER TABLE BtoAMainApp_Hist Add App_AreaVerifiedRemarks  nvarchar(max) ",,
21-09-2026 11:13,INFRA\bbmpuser2,INFRA\bbmpuser2,KhataBtoA_prod,BBMP-DB-VP-15,Microsoft SQL Server Management Studio - Query,92,"ALTER TABLE BtoAMainApp_Hist Add App_isBlockedInEaasthi		int ALTER TABLE BtoAMainApp_Hist Add App_ProcessingFeePaidDate  datetime ALTER TABLE BtoAMainApp_Hist Add App_JCMovedDate  datetime ALTER TABLE BtoAMainApp_Hist Add IsApp_JCAutoApproved  bit  ALTER TABLE BtoAMainApp_Hist Add App_JCApprovedDate  datetime  ALTER TABLE BtoAMainApp_Hist Add IsApp_MasterPlanMismatch   bit ALTER TABLE BtoAMainApp_Hist Add App_MasterPlanMismatchVerified bit   ALTER TABLE BtoAMainApp_Hist Add App_MasterPlanMismatchVerifiedDate datetime  ALTER TABLE BtoAMainApp_Hist Add IsApp_PropertyVerificationRequired bit  ALTER TABLE BtoAMainApp_Hist Add App_PropertyVerified   bit ALTER TABLE BtoAMainApp_Hist Add App_PropertyVerifiedDate  datetime ALTER TABLE BtoAMainApp_Hist Add App_Concluded_PropertyUseType  nvarchar(50) ALTER TABLE BtoAMainApp_Hist Add App_JC_Concluded_Remarks  nvarchar(max) ALTER TABLE BtoAMainApp_Hist Add App_IsGovtProperty   bit ALTER TABLE BtoAMainApp_Hist Add isApp_AreaVerificationRequired  bit ALTER TABLE BtoAMainApp_Hist Add App_AreaVerified  bit ALTER TABLE BtoAMainApp_Hist Add App_AreaVerifiedDate datetime  ALTER TABLE BtoAMainApp_Hist Add App_AreaVerifiedRemarks  nvarchar(max) ",,
21-09-2026 11:13,INFRA\bbmpuser2,INFRA\bbmpuser2,KhataBtoA_prod,BBMP-DB-VP-15,Microsoft SQL Server Management Studio - Query,92,"ALTER TABLE BtoAMainApp_Hist Add App_isBlockedInEaasthi		int ALTER TABLE BtoAMainApp_Hist Add App_ProcessingFeePaidDate  datetime ALTER TABLE BtoAMainApp_Hist Add App_JCMovedDate  datetime ALTER TABLE BtoAMainApp_Hist Add IsApp_JCAutoApproved  bit  ALTER TABLE BtoAMainApp_Hist Add App_JCApprovedDate  datetime  ALTER TABLE BtoAMainApp_Hist Add IsApp_MasterPlanMismatch   bit ALTER TABLE BtoAMainApp_Hist Add App_MasterPlanMismatchVerified bit   ALTER TABLE BtoAMainApp_Hist Add App_MasterPlanMismatchVerifiedDate datetime  ALTER TABLE BtoAMainApp_Hist Add IsApp_PropertyVerificationRequired bit  ALTER TABLE BtoAMainApp_Hist Add App_PropertyVerified   bit ALTER TABLE BtoAMainApp_Hist Add App_PropertyVerifiedDate  datetime ALTER TABLE BtoAMainApp_Hist Add App_Concluded_PropertyUseType  nvarchar(50) ALTER TABLE BtoAMainApp_Hist Add App_JC_Concluded_Remarks  nvarchar(max) ALTER TABLE BtoAMainApp_Hist Add App_IsGovtProperty   bit ALTER TABLE BtoAMainApp_Hist Add isApp_AreaVerificationRequired  bit ALTER TABLE BtoAMainApp_Hist Add App_AreaVerified  bit ALTER TABLE BtoAMainApp_Hist Add App_AreaVerifiedDate datetime  ALTER TABLE BtoAMainApp_Hist Add App_AreaVerifiedRemarks  nvarchar(max) ",,
21-09-2026 11:13,INFRA\bbmpuser2,INFRA\bbmpuser2,KhataBtoA_prod,BBMP-DB-VP-15,Microsoft SQL Server Management Studio - Query,92,"ALTER TABLE BtoAMainApp_Hist Add App_isBlockedInEaasthi		int ALTER TABLE BtoAMainApp_Hist Add App_ProcessingFeePaidDate  datetime ALTER TABLE BtoAMainApp_Hist Add App_JCMovedDate  datetime ALTER TABLE BtoAMainApp_Hist Add IsApp_JCAutoApproved  bit  ALTER TABLE BtoAMainApp_Hist Add App_JCApprovedDate  datetime  ALTER TABLE BtoAMainApp_Hist Add IsApp_MasterPlanMismatch   bit ALTER TABLE BtoAMainApp_Hist Add App_MasterPlanMismatchVerified bit   ALTER TABLE BtoAMainApp_Hist Add App_MasterPlanMismatchVerifiedDate datetime  ALTER TABLE BtoAMainApp_Hist Add IsApp_PropertyVerificationRequired bit  ALTER TABLE BtoAMainApp_Hist Add App_PropertyVerified   bit ALTER TABLE BtoAMainApp_Hist Add App_PropertyVerifiedDate  datetime ALTER TABLE BtoAMainApp_Hist Add App_Concluded_PropertyUseType  nvarchar(50) ALTER TABLE BtoAMainApp_Hist Add App_JC_Concluded_Remarks  nvarchar(max) ALTER TABLE BtoAMainApp_Hist Add App_IsGovtProperty   bit ALTER TABLE BtoAMainApp_Hist Add isApp_AreaVerificationRequired  bit ALTER TABLE BtoAMainApp_Hist Add App_AreaVerified  bit ALTER TABLE BtoAMainApp_Hist Add App_AreaVerifiedDate datetime  ALTER TABLE BtoAMainApp_Hist Add App_AreaVerifiedRemarks  nvarchar(max) ",,
21-09-2026 11:13,INFRA\bbmpuser2,INFRA\bbmpuser2,KhataBtoA_prod,BBMP-DB-VP-15,Microsoft SQL Server Management Studio - Query,92,"ALTER TABLE BtoAMainApp_Hist Add App_isBlockedInEaasthi		int ALTER TABLE BtoAMainApp_Hist Add App_ProcessingFeePaidDate  datetime ALTER TABLE BtoAMainApp_Hist Add App_JCMovedDate  datetime ALTER TABLE BtoAMainApp_Hist Add IsApp_JCAutoApproved  bit  ALTER TABLE BtoAMainApp_Hist Add App_JCApprovedDate  datetime  ALTER TABLE BtoAMainApp_Hist Add IsApp_MasterPlanMismatch   bit ALTER TABLE BtoAMainApp_Hist Add App_MasterPlanMismatchVerified bit   ALTER TABLE BtoAMainApp_Hist Add App_MasterPlanMismatchVerifiedDate datetime  ALTER TABLE BtoAMainApp_Hist Add IsApp_PropertyVerificationRequired bit  ALTER TABLE BtoAMainApp_Hist Add App_PropertyVerified   bit ALTER TABLE BtoAMainApp_Hist Add App_PropertyVerifiedDate  datetime ALTER TABLE BtoAMainApp_Hist Add App_Concluded_PropertyUseType  nvarchar(50) ALTER TABLE BtoAMainApp_Hist Add App_JC_Concluded_Remarks  nvarchar(max) ALTER TABLE BtoAMainApp_Hist Add App_IsGovtProperty   bit ALTER TABLE BtoAMainApp_Hist Add isApp_AreaVerificationRequired  bit ALTER TABLE BtoAMainApp_Hist Add App_AreaVerified  bit ALTER TABLE BtoAMainApp_Hist Add App_AreaVerifiedDate datetime  ALTER TABLE BtoAMainApp_Hist Add App_AreaVerifiedRemarks  nvarchar(max) ",,
21-09-2026 11:13,INFRA\bbmpuser2,INFRA\bbmpuser2,KhataBtoA_prod,BBMP-DB-VP-15,Microsoft SQL Server Management Studio - Query,92,"ALTER TABLE BtoAMainApp_Hist Add App_isBlockedInEaasthi		int ALTER TABLE BtoAMainApp_Hist Add App_ProcessingFeePaidDate  datetime ALTER TABLE BtoAMainApp_Hist Add App_JCMovedDate  datetime ALTER TABLE BtoAMainApp_Hist Add IsApp_JCAutoApproved  bit  ALTER TABLE BtoAMainApp_Hist Add App_JCApprovedDate  datetime  ALTER TABLE BtoAMainApp_Hist Add IsApp_MasterPlanMismatch   bit ALTER TABLE BtoAMainApp_Hist Add App_MasterPlanMismatchVerified bit   ALTER TABLE BtoAMainApp_Hist Add App_MasterPlanMismatchVerifiedDate datetime  ALTER TABLE BtoAMainApp_Hist Add IsApp_PropertyVerificationRequired bit  ALTER TABLE BtoAMainApp_Hist Add App_PropertyVerified   bit ALTER TABLE BtoAMainApp_Hist Add App_PropertyVerifiedDate  datetime ALTER TABLE BtoAMainApp_Hist Add App_Concluded_PropertyUseType  nvarchar(50) ALTER TABLE BtoAMainApp_Hist Add App_JC_Concluded_Remarks  nvarchar(max) ALTER TABLE BtoAMainApp_Hist Add App_IsGovtProperty   bit ALTER TABLE BtoAMainApp_Hist Add isApp_AreaVerificationRequired  bit ALTER TABLE BtoAMainApp_Hist Add App_AreaVerified  bit ALTER TABLE BtoAMainApp_Hist Add App_AreaVerifiedDate datetime  ALTER TABLE BtoAMainApp_Hist Add App_AreaVerifiedRemarks  nvarchar(max) ",,
21-09-2026 11:13,INFRA\bbmpuser2,INFRA\bbmpuser2,KhataBtoA_prod,BBMP-DB-VP-15,Microsoft SQL Server Management Studio - Query,92,"ALTER TABLE BtoAMainApp_Hist Add App_isBlockedInEaasthi		int ALTER TABLE BtoAMainApp_Hist Add App_ProcessingFeePaidDate  datetime ALTER TABLE BtoAMainApp_Hist Add App_JCMovedDate  datetime ALTER TABLE BtoAMainApp_Hist Add IsApp_JCAutoApproved  bit  ALTER TABLE BtoAMainApp_Hist Add App_JCApprovedDate  datetime  ALTER TABLE BtoAMainApp_Hist Add IsApp_MasterPlanMismatch   bit ALTER TABLE BtoAMainApp_Hist Add App_MasterPlanMismatchVerified bit   ALTER TABLE BtoAMainApp_Hist Add App_MasterPlanMismatchVerifiedDate datetime  ALTER TABLE BtoAMainApp_Hist Add IsApp_PropertyVerificationRequired bit  ALTER TABLE BtoAMainApp_Hist Add App_PropertyVerified   bit ALTER TABLE BtoAMainApp_Hist Add App_PropertyVerifiedDate  datetime ALTER TABLE BtoAMainApp_Hist Add App_Concluded_PropertyUseType  nvarchar(50) ALTER TABLE BtoAMainApp_Hist Add App_JC_Concluded_Remarks  nvarchar(max) ALTER TABLE BtoAMainApp_Hist Add App_IsGovtProperty   bit ALTER TABLE BtoAMainApp_Hist Add isApp_AreaVerificationRequired  bit ALTER TABLE BtoAMainApp_Hist Add App_AreaVerified  bit ALTER TABLE BtoAMainApp_Hist Add App_AreaVerifiedDate datetime  ALTER TABLE BtoAMainApp_Hist Add App_AreaVerifiedRemarks  nvarchar(max) ",,
21-09-2026 11:13,INFRA\bbmpuser2,INFRA\bbmpuser2,KhataBtoA_prod,BBMP-DB-VP-15,Microsoft SQL Server Management Studio - Query,92,"ALTER TABLE BtoAMainApp_Hist Add App_isBlockedInEaasthi		int ALTER TABLE BtoAMainApp_Hist Add App_ProcessingFeePaidDate  datetime ALTER TABLE BtoAMainApp_Hist Add App_JCMovedDate  datetime ALTER TABLE BtoAMainApp_Hist Add IsApp_JCAutoApproved  bit  ALTER TABLE BtoAMainApp_Hist Add App_JCApprovedDate  datetime  ALTER TABLE BtoAMainApp_Hist Add IsApp_MasterPlanMismatch   bit ALTER TABLE BtoAMainApp_Hist Add App_MasterPlanMismatchVerified bit   ALTER TABLE BtoAMainApp_Hist Add App_MasterPlanMismatchVerifiedDate datetime  ALTER TABLE BtoAMainApp_Hist Add IsApp_PropertyVerificationRequired bit  ALTER TABLE BtoAMainApp_Hist Add App_PropertyVerified   bit ALTER TABLE BtoAMainApp_Hist Add App_PropertyVerifiedDate  datetime ALTER TABLE BtoAMainApp_Hist Add App_Concluded_PropertyUseType  nvarchar(50) ALTER TABLE BtoAMainApp_Hist Add App_JC_Concluded_Remarks  nvarchar(max) ALTER TABLE BtoAMainApp_Hist Add App_IsGovtProperty   bit ALTER TABLE BtoAMainApp_Hist Add isApp_AreaVerificationRequired  bit ALTER TABLE BtoAMainApp_Hist Add App_AreaVerified  bit ALTER TABLE BtoAMainApp_Hist Add App_AreaVerifiedDate datetime  ALTER TABLE BtoAMainApp_Hist Add App_AreaVerifiedRemarks  nvarchar(max) ",,
21-09-2026 11:13,INFRA\bbmpuser2,INFRA\bbmpuser2,KhataBtoA_prod,BBMP-DB-VP-15,Microsoft SQL Server Management Studio - Query,92,"ALTER TABLE BtoAMainApp_Hist Add App_isBlockedInEaasthi		int ALTER TABLE BtoAMainApp_Hist Add App_ProcessingFeePaidDate  datetime ALTER TABLE BtoAMainApp_Hist Add App_JCMovedDate  datetime ALTER TABLE BtoAMainApp_Hist Add IsApp_JCAutoApproved  bit  ALTER TABLE BtoAMainApp_Hist Add App_JCApprovedDate  datetime  ALTER TABLE BtoAMainApp_Hist Add IsApp_MasterPlanMismatch   bit ALTER TABLE BtoAMainApp_Hist Add App_MasterPlanMismatchVerified bit   ALTER TABLE BtoAMainApp_Hist Add App_MasterPlanMismatchVerifiedDate datetime  ALTER TABLE BtoAMainApp_Hist Add IsApp_PropertyVerificationRequired bit  ALTER TABLE BtoAMainApp_Hist Add App_PropertyVerified   bit ALTER TABLE BtoAMainApp_Hist Add App_PropertyVerifiedDate  datetime ALTER TABLE BtoAMainApp_Hist Add App_Concluded_PropertyUseType  nvarchar(50) ALTER TABLE BtoAMainApp_Hist Add App_JC_Concluded_Remarks  nvarchar(max) ALTER TABLE BtoAMainApp_Hist Add App_IsGovtProperty   bit ALTER TABLE BtoAMainApp_Hist Add isApp_AreaVerificationRequired  bit ALTER TABLE BtoAMainApp_Hist Add App_AreaVerified  bit ALTER TABLE BtoAMainApp_Hist Add App_AreaVerifiedDate datetime  ALTER TABLE BtoAMainApp_Hist Add App_AreaVerifiedRemarks  nvarchar(max) ",,
21-09-2026 11:13,INFRA\bbmpuser2,INFRA\bbmpuser2,KhataBtoA_prod,BBMP-DB-VP-15,Microsoft SQL Server Management Studio - Query,92,"ALTER TABLE BtoAMainApp_Hist Add App_isBlockedInEaasthi		int ALTER TABLE BtoAMainApp_Hist Add App_ProcessingFeePaidDate  datetime ALTER TABLE BtoAMainApp_Hist Add App_JCMovedDate  datetime ALTER TABLE BtoAMainApp_Hist Add IsApp_JCAutoApproved  bit  ALTER TABLE BtoAMainApp_Hist Add App_JCApprovedDate  datetime  ALTER TABLE BtoAMainApp_Hist Add IsApp_MasterPlanMismatch   bit ALTER TABLE BtoAMainApp_Hist Add App_MasterPlanMismatchVerified bit   ALTER TABLE BtoAMainApp_Hist Add App_MasterPlanMismatchVerifiedDate datetime  ALTER TABLE BtoAMainApp_Hist Add IsApp_PropertyVerificationRequired bit  ALTER TABLE BtoAMainApp_Hist Add App_PropertyVerified   bit ALTER TABLE BtoAMainApp_Hist Add App_PropertyVerifiedDate  datetime ALTER TABLE BtoAMainApp_Hist Add App_Concluded_PropertyUseType  nvarchar(50) ALTER TABLE BtoAMainApp_Hist Add App_JC_Concluded_Remarks  nvarchar(max) ALTER TABLE BtoAMainApp_Hist Add App_IsGovtProperty   bit ALTER TABLE BtoAMainApp_Hist Add isApp_AreaVerificationRequired  bit ALTER TABLE BtoAMainApp_Hist Add App_AreaVerified  bit ALTER TABLE BtoAMainApp_Hist Add App_AreaVerifiedDate datetime  ALTER TABLE BtoAMainApp_Hist Add App_AreaVerifiedRemarks  nvarchar(max) ",,
21-09-2026 11:13,INFRA\bbmpuser2,INFRA\bbmpuser2,KhataBtoA_prod,BBMP-DB-VP-15,Microsoft SQL Server Management Studio - Query,92,"ALTER TABLE BtoAMainApp_Hist Add App_isBlockedInEaasthi		int ALTER TABLE BtoAMainApp_Hist Add App_ProcessingFeePaidDate  datetime ALTER TABLE BtoAMainApp_Hist Add App_JCMovedDate  datetime ALTER TABLE BtoAMainApp_Hist Add IsApp_JCAutoApproved  bit  ALTER TABLE BtoAMainApp_Hist Add App_JCApprovedDate  datetime  ALTER TABLE BtoAMainApp_Hist Add IsApp_MasterPlanMismatch   bit ALTER TABLE BtoAMainApp_Hist Add App_MasterPlanMismatchVerified bit   ALTER TABLE BtoAMainApp_Hist Add App_MasterPlanMismatchVerifiedDate datetime  ALTER TABLE BtoAMainApp_Hist Add IsApp_PropertyVerificationRequired bit  ALTER TABLE BtoAMainApp_Hist Add App_PropertyVerified   bit ALTER TABLE BtoAMainApp_Hist Add App_PropertyVerifiedDate  datetime ALTER TABLE BtoAMainApp_Hist Add App_Concluded_PropertyUseType  nvarchar(50) ALTER TABLE BtoAMainApp_Hist Add App_JC_Concluded_Remarks  nvarchar(max) ALTER TABLE BtoAMainApp_Hist Add App_IsGovtProperty   bit ALTER TABLE BtoAMainApp_Hist Add isApp_AreaVerificationRequired  bit ALTER TABLE BtoAMainApp_Hist Add App_AreaVerified  bit ALTER TABLE BtoAMainApp_Hist Add App_AreaVerifiedDate datetime  ALTER TABLE BtoAMainApp_Hist Add App_AreaVerifiedRemarks  nvarchar(max) ",,
21-09-2026 11:13,INFRA\bbmpuser2,INFRA\bbmpuser2,KhataBtoA_prod,BBMP-DB-VP-15,Microsoft SQL Server Management Studio - Query,92,"ALTER TABLE BtoAMainApp_Hist Add App_isBlockedInEaasthi		int ALTER TABLE BtoAMainApp_Hist Add App_ProcessingFeePaidDate  datetime ALTER TABLE BtoAMainApp_Hist Add App_JCMovedDate  datetime ALTER TABLE BtoAMainApp_Hist Add IsApp_JCAutoApproved  bit  ALTER TABLE BtoAMainApp_Hist Add App_JCApprovedDate  datetime  ALTER TABLE BtoAMainApp_Hist Add IsApp_MasterPlanMismatch   bit ALTER TABLE BtoAMainApp_Hist Add App_MasterPlanMismatchVerified bit   ALTER TABLE BtoAMainApp_Hist Add App_MasterPlanMismatchVerifiedDate datetime  ALTER TABLE BtoAMainApp_Hist Add IsApp_PropertyVerificationRequired bit  ALTER TABLE BtoAMainApp_Hist Add App_PropertyVerified   bit ALTER TABLE BtoAMainApp_Hist Add App_PropertyVerifiedDate  datetime ALTER TABLE BtoAMainApp_Hist Add App_Concluded_PropertyUseType  nvarchar(50) ALTER TABLE BtoAMainApp_Hist Add App_JC_Concluded_Remarks  nvarchar(max) ALTER TABLE BtoAMainApp_Hist Add App_IsGovtProperty   bit ALTER TABLE BtoAMainApp_Hist Add isApp_AreaVerificationRequired  bit ALTER TABLE BtoAMainApp_Hist Add App_AreaVerified  bit ALTER TABLE BtoAMainApp_Hist Add App_AreaVerifiedDate datetime  ALTER TABLE BtoAMainApp_Hist Add App_AreaVerifiedRemarks  nvarchar(max) ",,
21-09-2026 11:13,INFRA\bbmpuser2,INFRA\bbmpuser2,KhataBtoA_prod,BBMP-DB-VP-15,Microsoft SQL Server Management Studio - Query,92,"ALTER TABLE BtoAMainApp_Hist Add App_isBlockedInEaasthi		int ALTER TABLE BtoAMainApp_Hist Add App_ProcessingFeePaidDate  datetime ALTER TABLE BtoAMainApp_Hist Add App_JCMovedDate  datetime ALTER TABLE BtoAMainApp_Hist Add IsApp_JCAutoApproved  bit  ALTER TABLE BtoAMainApp_Hist Add App_JCApprovedDate  datetime  ALTER TABLE BtoAMainApp_Hist Add IsApp_MasterPlanMismatch   bit ALTER TABLE BtoAMainApp_Hist Add App_MasterPlanMismatchVerified bit   ALTER TABLE BtoAMainApp_Hist Add App_MasterPlanMismatchVerifiedDate datetime  ALTER TABLE BtoAMainApp_Hist Add IsApp_PropertyVerificationRequired bit  ALTER TABLE BtoAMainApp_Hist Add App_PropertyVerified   bit ALTER TABLE BtoAMainApp_Hist Add App_PropertyVerifiedDate  datetime ALTER TABLE BtoAMainApp_Hist Add App_Concluded_PropertyUseType  nvarchar(50) ALTER TABLE BtoAMainApp_Hist Add App_JC_Concluded_Remarks  nvarchar(max) ALTER TABLE BtoAMainApp_Hist Add App_IsGovtProperty   bit ALTER TABLE BtoAMainApp_Hist Add isApp_AreaVerificationRequired  bit ALTER TABLE BtoAMainApp_Hist Add App_AreaVerified  bit ALTER TABLE BtoAMainApp_Hist Add App_AreaVerifiedDate datetime  ALTER TABLE BtoAMainApp_Hist Add App_AreaVerifiedRemarks  nvarchar(max) ",,
21-09-2026 11:13,INFRA\bbmpuser2,INFRA\bbmpuser2,KhataBtoA_prod,BBMP-DB-VP-15,Microsoft SQL Server Management Studio - Query,92,"ALTER TABLE BtoAMainApp_Hist Add App_isBlockedInEaasthi		int ALTER TABLE BtoAMainApp_Hist Add App_ProcessingFeePaidDate  datetime ALTER TABLE BtoAMainApp_Hist Add App_JCMovedDate  datetime ALTER TABLE BtoAMainApp_Hist Add IsApp_JCAutoApproved  bit  ALTER TABLE BtoAMainApp_Hist Add App_JCApprovedDate  datetime  ALTER TABLE BtoAMainApp_Hist Add IsApp_MasterPlanMismatch   bit ALTER TABLE BtoAMainApp_Hist Add App_MasterPlanMismatchVerified bit   ALTER TABLE BtoAMainApp_Hist Add App_MasterPlanMismatchVerifiedDate datetime  ALTER TABLE BtoAMainApp_Hist Add IsApp_PropertyVerificationRequired bit  ALTER TABLE BtoAMainApp_Hist Add App_PropertyVerified   bit ALTER TABLE BtoAMainApp_Hist Add App_PropertyVerifiedDate  datetime ALTER TABLE BtoAMainApp_Hist Add App_Concluded_PropertyUseType  nvarchar(50) ALTER TABLE BtoAMainApp_Hist Add App_JC_Concluded_Remarks  nvarchar(max) ALTER TABLE BtoAMainApp_Hist Add App_IsGovtProperty   bit ALTER TABLE BtoAMainApp_Hist Add isApp_AreaVerificationRequired  bit ALTER TABLE BtoAMainApp_Hist Add App_AreaVerified  bit ALTER TABLE BtoAMainApp_Hist Add App_AreaVerifiedDate datetime  ALTER TABLE BtoAMainApp_Hist Add App_AreaVerifiedRemarks  nvarchar(max) ",,
21-09-2026 11:13,INFRA\bbmpuser2,INFRA\bbmpuser2,KhataBtoA_prod,BBMP-DB-VP-15,Microsoft SQL Server Management Studio - Query,92,"ALTER TABLE BtoAMainApp_Hist Add App_isBlockedInEaasthi		int ALTER TABLE BtoAMainApp_Hist Add App_ProcessingFeePaidDate  datetime ALTER TABLE BtoAMainApp_Hist Add App_JCMovedDate  datetime ALTER TABLE BtoAMainApp_Hist Add IsApp_JCAutoApproved  bit  ALTER TABLE BtoAMainApp_Hist Add App_JCApprovedDate  datetime  ALTER TABLE BtoAMainApp_Hist Add IsApp_MasterPlanMismatch   bit ALTER TABLE BtoAMainApp_Hist Add App_MasterPlanMismatchVerified bit   ALTER TABLE BtoAMainApp_Hist Add App_MasterPlanMismatchVerifiedDate datetime  ALTER TABLE BtoAMainApp_Hist Add IsApp_PropertyVerificationRequired bit  ALTER TABLE BtoAMainApp_Hist Add App_PropertyVerified   bit ALTER TABLE BtoAMainApp_Hist Add App_PropertyVerifiedDate  datetime ALTER TABLE BtoAMainApp_Hist Add App_Concluded_PropertyUseType  nvarchar(50) ALTER TABLE BtoAMainApp_Hist Add App_JC_Concluded_Remarks  nvarchar(max) ALTER TABLE BtoAMainApp_Hist Add App_IsGovtProperty   bit ALTER TABLE BtoAMainApp_Hist Add isApp_AreaVerificationRequired  bit ALTER TABLE BtoAMainApp_Hist Add App_AreaVerified  bit ALTER TABLE BtoAMainApp_Hist Add App_AreaVerifiedDate datetime  ALTER TABLE BtoAMainApp_Hist Add App_AreaVerifiedRemarks  nvarchar(max) ",,
21-09-2026 11:13,INFRA\bbmpuser2,INFRA\bbmpuser2,KhataBtoA_prod,BBMP-DB-VP-15,Microsoft SQL Server Management Studio - Query,92,"ALTER TABLE BtoAMainApp_Hist Add App_isBlockedInEaasthi		int ALTER TABLE BtoAMainApp_Hist Add App_ProcessingFeePaidDate  datetime ALTER TABLE BtoAMainApp_Hist Add App_JCMovedDate  datetime ALTER TABLE BtoAMainApp_Hist Add IsApp_JCAutoApproved  bit  ALTER TABLE BtoAMainApp_Hist Add App_JCApprovedDate  datetime  ALTER TABLE BtoAMainApp_Hist Add IsApp_MasterPlanMismatch   bit ALTER TABLE BtoAMainApp_Hist Add App_MasterPlanMismatchVerified bit   ALTER TABLE BtoAMainApp_Hist Add App_MasterPlanMismatchVerifiedDate datetime  ALTER TABLE BtoAMainApp_Hist Add IsApp_PropertyVerificationRequired bit  ALTER TABLE BtoAMainApp_Hist Add App_PropertyVerified   bit ALTER TABLE BtoAMainApp_Hist Add App_PropertyVerifiedDate  datetime ALTER TABLE BtoAMainApp_Hist Add App_Concluded_PropertyUseType  nvarchar(50) ALTER TABLE BtoAMainApp_Hist Add App_JC_Concluded_Remarks  nvarchar(max) ALTER TABLE BtoAMainApp_Hist Add App_IsGovtProperty   bit ALTER TABLE BtoAMainApp_Hist Add isApp_AreaVerificationRequired  bit ALTER TABLE BtoAMainApp_Hist Add App_AreaVerified  bit ALTER TABLE BtoAMainApp_Hist Add App_AreaVerifiedDate datetime  ALTER TABLE BtoAMainApp_Hist Add App_AreaVerifiedRemarks  nvarchar(max) ",,
21-09-2026 11:13,INFRA\bbmpuser2,INFRA\bbmpuser2,KhataBtoA_prod,BBMP-DB-VP-15,Microsoft SQL Server Management Studio - Query,92,"ALTER TABLE BtoAMainApp_Hist Add App_isBlockedInEaasthi		int ALTER TABLE BtoAMainApp_Hist Add App_ProcessingFeePaidDate  datetime ALTER TABLE BtoAMainApp_Hist Add App_JCMovedDate  datetime ALTER TABLE BtoAMainApp_Hist Add IsApp_JCAutoApproved  bit  ALTER TABLE BtoAMainApp_Hist Add App_JCApprovedDate  datetime  ALTER TABLE BtoAMainApp_Hist Add IsApp_MasterPlanMismatch   bit ALTER TABLE BtoAMainApp_Hist Add App_MasterPlanMismatchVerified bit   ALTER TABLE BtoAMainApp_Hist Add App_MasterPlanMismatchVerifiedDate datetime  ALTER TABLE BtoAMainApp_Hist Add IsApp_PropertyVerificationRequired bit  ALTER TABLE BtoAMainApp_Hist Add App_PropertyVerified   bit ALTER TABLE BtoAMainApp_Hist Add App_PropertyVerifiedDate  datetime ALTER TABLE BtoAMainApp_Hist Add App_Concluded_PropertyUseType  nvarchar(50) ALTER TABLE BtoAMainApp_Hist Add App_JC_Concluded_Remarks  nvarchar(max) ALTER TABLE BtoAMainApp_Hist Add App_IsGovtProperty   bit ALTER TABLE BtoAMainApp_Hist Add isApp_AreaVerificationRequired  bit ALTER TABLE BtoAMainApp_Hist Add App_AreaVerified  bit ALTER TABLE BtoAMainApp_Hist Add App_AreaVerifiedDate datetime  ALTER TABLE BtoAMainApp_Hist Add App_AreaVerifiedRemarks  nvarchar(max) ",,
21-09-2026 11:13,INFRA\bbmpuser2,INFRA\bbmpuser2,KhataBtoA_prod,BBMP-DB-VP-15,Microsoft SQL Server Management Studio - Query,92,"ALTER TABLE BtoAMainApp_Hist Add App_isBlockedInEaasthi		int ALTER TABLE BtoAMainApp_Hist Add App_ProcessingFeePaidDate  datetime ALTER TABLE BtoAMainApp_Hist Add App_JCMovedDate  datetime ALTER TABLE BtoAMainApp_Hist Add IsApp_JCAutoApproved  bit  ALTER TABLE BtoAMainApp_Hist Add App_JCApprovedDate  datetime  ALTER TABLE BtoAMainApp_Hist Add IsApp_MasterPlanMismatch   bit ALTER TABLE BtoAMainApp_Hist Add App_MasterPlanMismatchVerified bit   ALTER TABLE BtoAMainApp_Hist Add App_MasterPlanMismatchVerifiedDate datetime  ALTER TABLE BtoAMainApp_Hist Add IsApp_PropertyVerificationRequired bit  ALTER TABLE BtoAMainApp_Hist Add App_PropertyVerified   bit ALTER TABLE BtoAMainApp_Hist Add App_PropertyVerifiedDate  datetime ALTER TABLE BtoAMainApp_Hist Add App_Concluded_PropertyUseType  nvarchar(50) ALTER TABLE BtoAMainApp_Hist Add App_JC_Concluded_Remarks  nvarchar(max) ALTER TABLE BtoAMainApp_Hist Add App_IsGovtProperty   bit ALTER TABLE BtoAMainApp_Hist Add isApp_AreaVerificationRequired  bit ALTER TABLE BtoAMainApp_Hist Add App_AreaVerified  bit ALTER TABLE BtoAMainApp_Hist Add App_AreaVerifiedDate datetime  ALTER TABLE BtoAMainApp_Hist Add App_AreaVerifiedRemarks  nvarchar(max) ",,
21-09-2026 11:13,INFRA\bbmpuser2,INFRA\bbmpuser2,KhataBtoA_prod,BBMP-DB-VP-15,Microsoft SQL Server Management Studio - Query,91,"",,
21-09-2026 11:12,INFRA\bbmpuser2,INFRA\bbmpuser2,KhataBtoA_prod,BBMP-DB-VP-15,Microsoft SQL Server Management Studio - Query,87,"CREATE PROC USP_S_BtoA_JC_SiteDimensionDtls @Level int, @SiteDim_AppId int AS  BEgin if(@Level=1) begin select [SiteDim_Siteid],                 [SiteDim_AppId],                 [SiteDim_SideInFt],                 [SiteDim_SideInMt],                 [SiteDim_RoadFacing],                 [SiteDim_Active],                 [SiteDim_Remarks],                 [SiteDim_AdditionalInfo] from [BtoA_JC_SiteDimension] where [SiteDim_AppId]=@SiteDim_AppId and SiteDim_Active=1 end  else begin select [SiteDim_Siteid],                 [SiteDim_AppId],                 [SiteDim_SideInFt],                 [SiteDim_SideInMt],                 [SiteDim_RoadFacing],                 [SiteDim_Active],                 [SiteDim_Remarks],                 [SiteDim_AdditionalInfo] from [BtoA_JC_SiteDimension] where 0=0 end end",,
21-09-2026 11:12,INFRA\bbmpuser2,INFRA\bbmpuser2,KhataBtoA_prod,BBMP-DB-VP-15,Microsoft SQL Server Management Studio - Query,84,"  ALTER   PROCEDURE [dbo].[USP_IU_BtoA_JC_SiteDimension] (     @SiteDim_id             INT = NULL,     @SiteDim_Siteid         INT = NULL,     @SiteDim_AppId          INT = NULL,     @SiteDim_SideInFt       DECIMAL(18,2) = NULL,     @SiteDim_SideInMt       DECIMAL(18,2) = NULL,     @SiteDim_RoadFacing     INT = NULL,     @SiteDim_Active         BIT = NULL,     @SiteDim_Remarks        NVARCHAR(MAX) = NULL,     @SiteDim_AdditionalInfo NVARCHAR(MAX) = NULL,     @SiteDim_IPAddress      NVARCHAR(16) = NULL,     @SiteDim_CBy            NVARCHAR(10) = NULL,     @SiteDim_CName          NVARCHAR(2000) = NULL,     @SiteDim_CRole          NVARCHAR(200) = NULL ) AS BEGIN     SET NOCOUNT ON;      BEGIN TRY          IF ISNULL(@SiteDim_id, 0) = 0         BEGIN 			              -- INSERT             INSERT INTO [dbo].[BtoA_JC_SiteDimension]             (                 [SiteDim_Siteid],                 [SiteDim_AppId],                 [SiteDim_SideInFt],                 [SiteDim_SideInMt],                 [SiteDim_RoadFacing],                 [SiteDim_Active],                 [SiteDim_Remarks],                 [SiteDim_AdditionalInfo],                 [SiteDim_IPAddress],                 [SiteDim_CBy],                 [SiteDim_CName],                 [SiteDim_CRole],                 [SiteDim_CDate]             )             VALUES             (                 @SiteDim_Siteid,                 @SiteDim_AppId,                 @SiteDim_SideInFt,                 @SiteDim_SideInMt,                 @SiteDim_RoadFacing,                 ISNULL(@SiteDim_Active, 1),                 @SiteDim_Remarks,                 @SiteDim_AdditionalInfo,                 @SiteDim_IPAddress,                 @SiteDim_CBy,                 @SiteDim_CName,                 @SiteDim_CRole,                 GETDATE()             );              SET @SiteDim_id = SCOPE_IDENTITY();               SELECT             @SiteDim_id AS Result,  			ERROR_MESSAGE() AS Message,             cast(1 as bit) as Status, 		    @SiteDim_id as SiteDim_id          END         ELSE         BEGIN             -- UPDATE             UPDATE [dbo].[BtoA_JC_SiteDimension]             SET                 [SiteDim_Siteid]         = @SiteDim_Siteid,                 [SiteDim_AppId]          = @SiteDim_AppId,                 [SiteDim_SideInFt]       = @SiteDim_SideInFt,                 [SiteDim_SideInMt]       = @SiteDim_SideInMt,                 [SiteDim_RoadFacing]     = @SiteDim_RoadFacing,                 [SiteDim_Active]         = @SiteDim_Active,                 [SiteDim_Remarks]        = @SiteDim_Remarks,                 [SiteDim_AdditionalInfo] = @SiteDim_AdditionalInfo,                 [SiteDim_IPAddress]      = @SiteDim_IPAddress,                 [SiteDim_UBy]            = @SiteDim_CBy,                 [SiteDim_UName]          = @SiteDim_CName,                 [SiteDim_URole]          = @SiteDim_CRole,                 [SiteDim_UDate]          = GETDATE()             WHERE [SiteDim_id] = @SiteDim_id;              IF @@ROWCOUNT = 0             BEGIN                    SELECT             @SiteDim_id AS Result, ERROR_MESSAGE() AS Message,             cast(0 as bit) as Status, 		    @SiteDim_id as SiteDim_id             END             ELSE             BEGIN            SELECT             @SiteDim_id AS Result,  			ERROR_MESSAGE() AS Message,             cast(1 as bit) as Status, 		    @SiteDim_id as SiteDim_id             END         END      END TRY     BEGIN CATCH            SELECT             @SiteDim_id AS Result,  			ERROR_MESSAGE() AS Message,             cast(0 as bit) as Status, 		    @SiteDim_id as SiteDim_id      END CATCH END;    ",,
21-09-2026 11:12,INFRA\bbmpuser2,INFRA\bbmpuser2,KhataBtoA_prod,BBMP-DB-VP-15,Microsoft SQL Server Management Studio - Query,83,"",,
21-09-2026 11:12,INFRA\bbmpuser2,INFRA\bbmpuser2,KhataBtoA_prod,BBMP-DB-VP-15,Microsoft SQL Server Management Studio - Query,76, ALTER TABLE BtoAMainApp ADD isApp_AreaVerificationRequired bit   ALTER TABLE BtoAMainApp ADD App_AreaVerified bit   ALTER TABLE BtoAMainApp ADD App_AreaVerifiedDate datetime     ALTER TABLE BtoAMainApp ADD App_AreaVerifiedRemarks nvarchar(max),,
21-09-2026 11:12,INFRA\bbmpuser2,INFRA\bbmpuser2,KhataBtoA_prod,BBMP-DB-VP-15,Microsoft SQL Server Management Studio - Query,76, ALTER TABLE BtoAMainApp ADD isApp_AreaVerificationRequired bit   ALTER TABLE BtoAMainApp ADD App_AreaVerified bit   ALTER TABLE BtoAMainApp ADD App_AreaVerifiedDate datetime     ALTER TABLE BtoAMainApp ADD App_AreaVerifiedRemarks nvarchar(max),,
21-09-2026 11:12,INFRA\bbmpuser2,INFRA\bbmpuser2,KhataBtoA_prod,BBMP-DB-VP-15,Microsoft SQL Server Management Studio - Query,76, ALTER TABLE BtoAMainApp ADD isApp_AreaVerificationRequired bit   ALTER TABLE BtoAMainApp ADD App_AreaVerified bit   ALTER TABLE BtoAMainApp ADD App_AreaVerifiedDate datetime     ALTER TABLE BtoAMainApp ADD App_AreaVerifiedRemarks nvarchar(max),,
21-09-2026 11:12,INFRA\bbmpuser2,INFRA\bbmpuser2,KhataBtoA_prod,BBMP-DB-VP-15,Microsoft SQL Server Management Studio - Query,76, ALTER TABLE BtoAMainApp ADD isApp_AreaVerificationRequired bit   ALTER TABLE BtoAMainApp ADD App_AreaVerified bit   ALTER TABLE BtoAMainApp ADD App_AreaVerifiedDate datetime     ALTER TABLE BtoAMainApp ADD App_AreaVerifiedRemarks nvarchar(max),,
21-09-2026 11:12,INFRA\bbmpuser2,INFRA\bbmpuser2,KhataBtoA_prod,BBMP-DB-VP-15,Microsoft SQL Server Management Studio - Query,73,"CREATE OR ALTER PROCEDURE [dbo].[USP_IU_BtoA_JC_SiteDtls] (     @Site_Id              INT = NULL,     @Site_AppId           INT = NULL,     @Site_ShapeType       NVARCHAR(10) = NULL,     @Site_No              NVARCHAR(200) = NULL,     @Site_Area            NVARCHAR(200) = NULL,     @Site_TypeId          INT = NULL,     @Site_AreaInSqFt      DECIMAL(18,2) = NULL,     @Site_AreaInSqMt      DECIMAL(18,2) = NULL,     @Site_Latitude        NVARCHAR(30) = NULL,     @Site_Longitude       NVARCHAR(30) = NULL,     @Site_CornerPlot      BIT = NULL,     @Site_NoOfSides       INT = NULL,     @Site_North           NVARCHAR(300) = NULL,     @Site_South           NVARCHAR(300) = NULL,     @Site_East            NVARCHAR(300) = NULL,     @Site_West            NVARCHAR(300) = NULL,     @Site_Active          BIT = NULL,     @Site_Remarks         NVARCHAR(2000) = NULL,     @Site_AdditionalInfo  NVARCHAR(MAX) = NULL,     @Site_Ip_Address      NVARCHAR(16) = NULL,     @Site_CBy            int = NULL, 	@Site_CName           NVARCHAR(2000) = NULL,     @Site_CRole           NVARCHAR(200) = NULL ) AS BEGIN     SET NOCOUNT ON;      BEGIN TRY          IF ISNULL(@Site_Id, 0) = 0         BEGIN 	              -- INSERT             INSERT INTO [dbo].[BtoA_JC_SiteDtls]             (                 [Site_AppId],                 [Site_ShapeType],                 [Site_No],                 [Site_Area],                 [Site_TypeId],                 [Site_AreaInSqFt],                 [Site_AreaInSqMt],                 [Site_Latitude],                 [Site_Longitude],                 [Site_CornerPlot],                 [Site_NoOfSides],                 [Site_North],                 [Site_South],                 [Site_East],                 [Site_West],                 [Site_Active],                 [Site_Remarks],                 [Site_AdditionalInfo],                 [Site_Ip_Address], 				[Site_Cby],                 [Site_CDte],                 [Site_CName],                 [Site_CRole]             )             VALUES             (                 @Site_AppId,                 @Site_ShapeType,                 @Site_No,                 @Site_Area,                 @Site_TypeId,                 @Site_AreaInSqFt,                 @Site_AreaInSqMt,                 @Site_Latitude,                 @Site_Longitude,                 @Site_CornerPlot,                 @Site_NoOfSides,                 @Site_North,                 @Site_South,                 @Site_East,                 @Site_West,                 ISNULL(@Site_Active, 1),                 @Site_Remarks,                 @Site_AdditionalInfo,                 @Site_Ip_Address, 				  @Site_CBy,                 GETDATE(),                 @Site_CName,                 @Site_CRole             );              SET @Site_Id = SCOPE_IDENTITY();              SELECT                 @Site_Id AS Result, 				cast(1 as bit)	as Status,                 'Inserted Successfully' AS Message,                 @Site_Id AS Site_Id;         END         ELSE         BEGIN             -- UPDATE             UPDATE [dbo].[BtoA_JC_SiteDtls]             SET                 [Site_AppId]          = @Site_AppId,                 [Site_ShapeType]      = @Site_ShapeType,                 [Site_No]             = @Site_No,                 [Site_Area]           = @Site_Area,                 [Site_TypeId]         = @Site_TypeId,                 [Site_AreaInSqFt]     = @Site_AreaInSqFt,                 [Site_AreaInSqMt]     = @Site_AreaInSqMt,                 [Site_Latitude]       = @Site_Latitude,                 [Site_Longitude]      = @Site_Longitude,                 [Site_CornerPlot]     = @Site_CornerPlot,                 [Site_NoOfSides]      = @Site_NoOfSides,                 [Site_North]          = @Site_North,                 [Site_South]          = @Site_South,                 [Site_East]           = @Site_East,                 [Site_West]           = @Site_West,                 [Site_Active]         = @Site_Active,                 [Site_Remarks]        = @Site_Remarks,                 [Site_AdditionalInfo] = @Site_AdditionalInfo,                 [Site_Ip_Address]     = @Site_Ip_Address, 				[Site_UBy]          = @Site_CBy,                 [Site_UDte]           = GETDATE(),                 [Site_UName]          = @Site_CName,                 [Site_URole]          = @Site_CRole             WHERE [Site_Id] = @Site_Id;              IF @@ROWCOUNT = 0             BEGIN                 SELECT                     0 AS Result, 					cast(0 as bit) as Status,                     'Record Not Found' AS Message,                     @Site_Id AS Site_Id;             END             ELSE             BEGIN                 SELECT                     1 AS Result, 					cast(1 as bit) as Status,                     'Updated Successfully' AS Message,                     @Site_Id AS Site_Id;             END         END      END TRY     BEGIN CATCH          SELECT             400 AS Result,             ERROR_MESSAGE() AS Message,           cast(1 as bit) as Status, 		  @Site_Id as Site_Id      END CATCH END; ",,
21-09-2026 11:11,INFRA\bbmpuser2,INFRA\bbmpuser2,KhataBtoA_prod,BBMP-DB-VP-15,Microsoft SQL Server Management Studio - Query,71,"  CREATE OR ALTER PROCEDURE [dbo].[USP_IU_BtoA_JC_SiteDimension] (     @SiteDim_id             INT = NULL,     @SiteDim_Siteid         INT = NULL,     @SiteDim_AppId          INT = NULL,     @SiteDim_SideInFt       DECIMAL(18,2) = NULL,     @SiteDim_SideInMt       DECIMAL(18,2) = NULL,     @SiteDim_RoadFacing     INT = NULL,     @SiteDim_Active         BIT = NULL,     @SiteDim_Remarks        NVARCHAR(MAX) = NULL,     @SiteDim_AdditionalInfo NVARCHAR(MAX) = NULL,     @SiteDim_IPAddress      NVARCHAR(16) = NULL,     @SiteDim_CBy            NVARCHAR(10) = NULL,     @SiteDim_CName          NVARCHAR(2000) = NULL,     @SiteDim_CRole          NVARCHAR(200) = NULL ) AS BEGIN     SET NOCOUNT ON;      BEGIN TRY          IF ISNULL(@SiteDim_id, 0) = 0         BEGIN             -- INSERT             INSERT INTO [dbo].[BtoA_JC_SiteDimension]             (                 [SiteDim_Siteid],                 [SiteDim_AppId],                 [SiteDim_SideInFt],                 [SiteDim_SideInMt],                 [SiteDim_RoadFacing],                 [SiteDim_Active],                 [SiteDim_Remarks],                 [SiteDim_AdditionalInfo],                 [SiteDim_IPAddress],                 [SiteDim_CBy],                 [SiteDim_CName],                 [SiteDim_CRole],                 [SiteDim_CDate]             )             VALUES             (                 @SiteDim_Siteid,                 @SiteDim_AppId,                 @SiteDim_SideInFt,                 @SiteDim_SideInMt,                 @SiteDim_RoadFacing,                 ISNULL(@SiteDim_Active, 1),                 @SiteDim_Remarks,                 @SiteDim_AdditionalInfo,                 @SiteDim_IPAddress,                 @SiteDim_CBy,                 @SiteDim_CName,                 @SiteDim_CRole,                 GETDATE()             );              SET @SiteDim_id = SCOPE_IDENTITY();               SELECT             @SiteDim_id AS Result,  			ERROR_MESSAGE() AS Message,             cast(1 as bit) as Status, 		    @SiteDim_id as SiteDim_id          END         ELSE         BEGIN             -- UPDATE             UPDATE [dbo].[BtoA_JC_SiteDimension]             SET                 [SiteDim_Siteid]         = @SiteDim_Siteid,                 [SiteDim_AppId]          = @SiteDim_AppId,                 [SiteDim_SideInFt]       = @SiteDim_SideInFt,                 [SiteDim_SideInMt]       = @SiteDim_SideInMt,                 [SiteDim_RoadFacing]     = @SiteDim_RoadFacing,                 [SiteDim_Active]         = @SiteDim_Active,                 [SiteDim_Remarks]        = @SiteDim_Remarks,                 [SiteDim_AdditionalInfo] = @SiteDim_AdditionalInfo,                 [SiteDim_IPAddress]      = @SiteDim_IPAddress,                 [SiteDim_UBy]            = @SiteDim_CBy,                 [SiteDim_UName]          = @SiteDim_CName,                 [SiteDim_URole]          = @SiteDim_CRole,                 [SiteDim_UDate]          = GETDATE()             WHERE [SiteDim_id] = @SiteDim_id;              IF @@ROWCOUNT = 0             BEGIN                    SELECT             @SiteDim_id AS Result, ERROR_MESSAGE() AS Message,             cast(0 as bit) as Status, 		    @SiteDim_id as SiteDim_id             END             ELSE             BEGIN            SELECT             @SiteDim_id AS Result,  			ERROR_MESSAGE() AS Message,             cast(1 as bit) as Status, 		    @SiteDim_id as SiteDim_id             END         END      END TRY     BEGIN CATCH            SELECT             @SiteDim_id AS Result,  			ERROR_MESSAGE() AS Message,             cast(0 as bit) as Status, 		    @SiteDim_id as SiteDim_id      END CATCH END;    ",,
21-09-2026 11:11,INFRA\bbmpuser2,INFRA\bbmpuser2,KhataBtoA_prod,BBMP-DB-VP-15,Microsoft SQL Server Management Studio - Query,69," CREATE TABLE [dbo].[BtoA_JC_SiteDimension]( 	[SiteDim_id] [int] IDENTITY(1,1) NOT NULL, 	[SiteDim_Siteid] [int] NULL, 	[SiteDim_AppId] [int] NULL, 	[SiteDim_SideInFt] [decimal](18, 2) NULL, 	[SiteDim_SideInMt] [decimal](18, 2) NULL, 	[SiteDim_RoadFacing] [int] NULL, 	[SiteDim_Active] [bit] NULL, 	[SiteDim_Remarks] [nvarchar](max) NULL, 	[SiteDim_AdditionalInfo] [nvarchar](max) NULL, 	[SiteDim_IPAddress] [nvarchar](16) NULL, 	[SiteDim_CBy] [nvarchar](10) NULL, 	[SiteDim_CName] [nvarchar](2000) NULL, 	[SiteDim_CRole] [nvarchar](200) NULL, 	[SiteDim_CDate] [datetime] NULL, 	[SiteDim_UBy] [nvarchar](10) NULL, 	[SiteDim_UName] [nvarchar](2000) NULL, 	[SiteDim_URole] [nvarchar](200) NULL, 	[SiteDim_UDate] [datetime] NULL )   ",,
21-09-2026 11:11,INFRA\bbmpuser2,INFRA\bbmpuser2,KhataBtoA_prod,BBMP-DB-VP-15,Microsoft SQL Server Management Studio - Query,62,"  CREATE TABLE [dbo].[BtoA_JC_SiteDtls](     [Site_Id] [int] IDENTITY(1,1) NOT NULL,     [Site_AppId] [int] NULL,     [Site_ShapeType] [nvarchar](10) NULL,     [Site_No] [nvarchar](200) NULL,     [Site_Area] [nvarchar](200) NULL,     [Site_TypeId] [int] NULL,     [Site_AreaInSqFt] [decimal](18, 2) NULL,     [Site_AreaInSqMt] [decimal](18, 2) NULL,     [Site_Latitude] [nvarchar](30) NULL,     [Site_Longitude] [nvarchar](30) NULL,     [Site_CornerPlot] [bit] NULL,     [Site_NoOfSides] [int] NULL,     [Site_North] [nvarchar](300) NULL,     [Site_South] [nvarchar](300) NULL,     [Site_East] [nvarchar](300) NULL,     [Site_West] [nvarchar](300) NULL,     [Site_Active] [bit] NULL,     [Site_Remarks] [nvarchar](2000) NULL,     [Site_AdditionalInfo] [nvarchar](max) NULL,     [Site_Ip_Address] [nvarchar](16) NULL,     [Site_CDte] [datetime2](7) NULL, 	[Site_CBy] int NULL,     [Site_CName] [nvarchar](2000) NULL,     [Site_CRole] int NULL,     [Site_UDte] [datetime2](7) NULL, 	[Site_UBy] int null,     [Site_UName] [nvarchar](2000) NULL,     [Site_URole]   int null ) ON [PRIMARY]; ",,
20-09-2026 23:02,bbmpuser2,bbmpuser2,KhataBtoA_prod,BBMP-DB-VP-15,Microsoft SQL Server Management Studio,81,"ALTER INDEX [IX_App_Id_Status] ON [dbo].[BtoAMainApp_Hist] REBUILD PARTITION = ALL WITH (PAD_INDEX = OFF, STATISTICS_NORECOMPUTE = OFF, SORT_IN_TEMPDB = OFF, ONLINE = OFF, ALLOW_ROW_LOCKS = ON, ALLOW_PAGE_LOCKS = ON, FILLFACTOR = 80) ",,
20-09-2026 23:02,bbmpuser2,bbmpuser2,KhataBtoA_prod,BBMP-DB-VP-15,Microsoft SQL Server Management Studio,81,"ALTER INDEX [NC_Sts_MainAppId_Sts_CurrOfficerRoleId] ON [dbo].[BtoA_Status_Master_Tran_Hist] REBUILD PARTITION = ALL WITH (PAD_INDEX = OFF, STATISTICS_NORECOMPUTE = OFF, SORT_IN_TEMPDB = OFF, ONLINE = OFF, ALLOW_ROW_LOCKS = ON, ALLOW_PAGE_LOCKS = ON, FILLFACTOR = 80) ",,
20-09-2026 23:02,bbmpuser2,bbmpuser2,KhataBtoA_prod,BBMP-DB-VP-15,Microsoft SQL Server Management Studio,81,"ALTER INDEX [IX_QC_AppId] ON [dbo].[BtoA_QC_ChecklistDetails_Officer] REBUILD PARTITION = ALL WITH (PAD_INDEX = OFF, STATISTICS_NORECOMPUTE = OFF, SORT_IN_TEMPDB = OFF, ONLINE = OFF, ALLOW_ROW_LOCKS = ON, ALLOW_PAGE_LOCKS = ON, FILLFACTOR = 80) ",,
20-09-2026 23:02,bbmpuser2,bbmpuser2,KhataBtoA_prod,BBMP-DB-VP-15,Microsoft SQL Server Management Studio,81,"ALTER INDEX [NonClusteredIndex-20260511-165930] ON [dbo].[BtoA_MainApp_Officer] REBUILD PARTITION = ALL WITH (PAD_INDEX = OFF, STATISTICS_NORECOMPUTE = OFF, SORT_IN_TEMPDB = OFF, ONLINE = OFF, ALLOW_ROW_LOCKS = ON, ALLOW_PAGE_LOCKS = ON, FILLFACTOR = 80) ",,
20-09-2026 23:02,bbmpuser2,bbmpuser2,KhataBtoA_prod,BBMP-DB-VP-15,Microsoft SQL Server Management Studio,81,"ALTER INDEX [IX_Gps_ArchitectDetails_Lookup] ON [dbo].[BtoA_Gps_ArchitectDetails_Officer] REBUILD PARTITION = ALL WITH (PAD_INDEX = OFF, STATISTICS_NORECOMPUTE = OFF, SORT_IN_TEMPDB = OFF, ONLINE = OFF, ALLOW_ROW_LOCKS = ON, ALLOW_PAGE_LOCKS = ON, FILLFACTOR = 80) ",,
20-09-2026 23:02,bbmpuser2,bbmpuser2,KhataBtoA_prod,BBMP-DB-VP-15,Microsoft SQL Server Management Studio,81,"ALTER INDEX [IX_BtoA_DocumentTran] ON [dbo].[BtoA_DocumentTran] REBUILD PARTITION = ALL WITH (PAD_INDEX = OFF, STATISTICS_NORECOMPUTE = OFF, SORT_IN_TEMPDB = OFF, ONLINE = OFF, ALLOW_ROW_LOCKS = ON, ALLOW_PAGE_LOCKS = ON, FILLFACTOR = 80) ",,
20-09-2026 23:02,bbmpuser2,bbmpuser2,KhataBtoA_prod,BBMP-DB-VP-15,Microsoft SQL Server Management Studio,81,"ALTER INDEX [PK__btoa_dcc__33FDC975378D654E] ON [dbo].[btoa_dcconversoinfee] REBUILD PARTITION = ALL WITH (PAD_INDEX = OFF, STATISTICS_NORECOMPUTE = OFF, SORT_IN_TEMPDB = OFF, ONLINE = OFF, ALLOW_ROW_LOCKS = ON, ALLOW_PAGE_LOCKS = ON, FILLFACTOR = 80) ",,
20-09-2026 23:02,bbmpuser2,bbmpuser2,ekhata,BBMP-DB-VP-15,Microsoft SQL Server Management Studio,81,"ALTER INDEX [NonClusteredIndex-20250220-125737] ON [dbo].[OTP_Tran] REBUILD PARTITION = ALL WITH (PAD_INDEX = OFF, STATISTICS_NORECOMPUTE = OFF, SORT_IN_TEMPDB = OFF, ONLINE = OFF, ALLOW_ROW_LOCKS = ON, ALLOW_PAGE_LOCKS = ON) ",,
20-09-2026 23:02,bbmpuser2,bbmpuser2,ekhata,BBMP-DB-VP-15,Microsoft SQL Server Management Studio,81,"ALTER INDEX [NonClusteredIndex-20250526-132139] ON [dbo].[KRS_PropDetailsAsPerDeed] REBUILD PARTITION = ALL WITH (PAD_INDEX = OFF, STATISTICS_NORECOMPUTE = OFF, SORT_IN_TEMPDB = OFF, ONLINE = OFF, ALLOW_ROW_LOCKS = ON, ALLOW_PAGE_LOCKS = ON) ",,
20-09-2026 23:02,bbmpuser2,bbmpuser2,ekhata,BBMP-DB-VP-15,Microsoft SQL Server Management Studio,81,"ALTER INDEX [NonClusteredIndex-20250828-154346] ON [dbo].[KRS_ApiTran] REBUILD PARTITION = ALL WITH (PAD_INDEX = OFF, STATISTICS_NORECOMPUTE = OFF, SORT_IN_TEMPDB = OFF, ONLINE = OFF, ALLOW_ROW_LOCKS = ON, ALLOW_PAGE_LOCKS = ON) ",,
20-09-2026 23:02,bbmpuser2,bbmpuser2,ekhata,BBMP-DB-VP-15,Microsoft SQL Server Management Studio,81,"ALTER INDEX [NonClusteredIndex-20250514-002830] ON [dbo].[KRS] REBUILD PARTITION = ALL WITH (PAD_INDEX = OFF, STATISTICS_NORECOMPUTE = OFF, SORT_IN_TEMPDB = OFF, ONLINE = OFF, ALLOW_ROW_LOCKS = ON, ALLOW_PAGE_LOCKS = ON) ",,
20-09-2026 23:02,bbmpuser2,bbmpuser2,ekhata,BBMP-DB-VP-15,Microsoft SQL Server Management Studio,81,"ALTER INDEX [NonClusteredIndex-20250220-123449] ON [dbo].[KRS] REBUILD PARTITION = ALL WITH (PAD_INDEX = OFF, STATISTICS_NORECOMPUTE = OFF, SORT_IN_TEMPDB = OFF, ONLINE = OFF, ALLOW_ROW_LOCKS = ON, ALLOW_PAGE_LOCKS = ON) ",,
19-09-2026 14:46,INFRA\bbmpuser2,INFRA\bbmpuser2,ekhata,BBMP-DB-VP-15,Microsoft SQL Server Management Studio - Query,91,update krs set krs_Is_Approved_inEaasthi=0 where KRS_EPID='3230698036' update krs set krs_Is_Approved_inEaasthi=0 where KRS_EPID='3375948289',,
19-09-2026 14:46,INFRA\bbmpuser2,INFRA\bbmpuser2,ekhata,BBMP-DB-VP-15,Microsoft SQL Server Management Studio - Query,91,update krs set krs_Is_Approved_inEaasthi=0 where KRS_EPID='3230698036' update krs set krs_Is_Approved_inEaasthi=0 where KRS_EPID='3375948289',,
19-09-2026 14:35,INFRA\bbmpuser2,INFRA\bbmpuser2,KhataBtoA_prod,BBMP-DB-VP14,Microsoft SQL Server Management Studio - Query,94,"UPDATE b 		SET  		    b.IsAutoApprovedManually = 1 		FROM dbo.JC_Auto_Approved_SPA_Applications b 		INNER JOIN dbo.BtoAMainApp a 		    ON a.App_DisplayId = b.ApplicationDisplayID 		    AND ISNULL(a.App_MotherEPID, '') = ISNULL(b.MotherEPID, '') 		WHERE  		ISNULL(b.IsAutoApprovedManually, 0) = 0 		AND b.CreatedDate >= CAST(GETDATE() AS DATE) 		AND b.CreatedDate < DATEADD(DAY, 1, CAST(GETDATE() AS DATE)) 		AND a.App_Status = 150 		AND ISNULL(a.IsApp_JCAutoApproved, 0) = 1 and  		isnull(a.IsApp_PropertyVerificationRequired,0)=0 and isnull(a.IsApp_MasterPlanMismatch,0)=0; ",,
19-09-2026 14:35,INFRA\bbmpuser2,INFRA\bbmpuser2,KhataBtoA_prod,BBMP-DB-VP14,Microsoft SQL Server Management Studio - Query,94," UPDATE a         SET             a.IsApp_JCAutoApproved = 1,             a.App_JCApprovedDate = GETDATE(),             a.App_AdditionalInfo =  'The application is auto-approved in JC Login',             a.App_Status = 150,             a.App_UDte = GETDATE()          FROM dbo.BtoAMainApp a          INNER JOIN dbo.JC_Auto_Approved_SPA_Applications b             ON b.ApplicationDisplayID = a.App_DisplayId             AND ISNULL(b.MotherEPID, '') =                 ISNULL(a.App_MotherEPID, '')          WHERE a.App_Status in (14,1000) and a.App_Source='newkhata' 		and isnull(a.IsApp_PropertyVerificationRequired,0)=0 and isnull(a.IsApp_MasterPlanMismatch,0)=0; ",,
19-09-2026 14:35,INFRA\bbmpuser2,INFRA\bbmpuser2,KhataBtoA_prod,BBMP-DB-VP14,Microsoft SQL Server Management Studio - Query,94,"         UPDATE s         SET             s.Sts_PrevStatusId = s.Sts_MainAppStatus,             s.Sts_MainAppStatus = 150,             s.Sts_CurrStatusId = 150,             s.Udt = GETDATE(),             s.Sts_comments = 'The application is auto-approved in JC Login',             s.Sts_PrevOfficerRoleId = s.Sts_CurrOfficerRoleId,             s.Sts_CurrOfficerRoleId = 125,             s.Sts_PrevOfficerId = s.Sts_CurrOfficerId          FROM dbo.BtoA_Status_Master_Tran s          INNER JOIN dbo.BtoAMainApp a             ON a.App_Id = s.Sts_MainAppId          INNER JOIN dbo.JC_Auto_Approved_SPA_Applications b             ON b.ApplicationDisplayID = a.App_DisplayId             AND ISNULL(b.MotherEPID, '') = ISNULL(a.App_MotherEPID, '')          WHERE             s.Sts_MainAppStatus in (14,1000) and a.App_Status in (14,1000)  and a.App_Source='newkhata' 			and isnull(a.IsApp_PropertyVerificationRequired,0)=0 and isnull(a.IsApp_MasterPlanMismatch,0)=0; ",,
19-09-2026 14:34,INFRA\bbmpuser2,INFRA\bbmpuser2,KhataBtoA_prod,BBMP-DB-VP14,Microsoft SQL Server Management Studio - Query,94," DROP TABLE IF EXISTS #Apps;         DROP TABLE IF EXISTS #JCMovedDate;           /*=========================================================           STEP 1 : GET BASE ELIGIBLE APPLICATIONS         =========================================================*/          SELECT             a.App_Id,             a.App_DisplayId,             a.App_Status,             a.GBA,             a.GBAId,             a.App_MotherEPID,             a.App_Source,              ofi.BtoA_RoadId,             ofi.BtoA_RoadName,              ksr.Road_ID,             ksr.Road_Name,             ksr.GuidanceValueSqMt,              /* EPID Metadata */             b.MD_Zonename,             b.MD_WardName,             b.MD_SiteArea,             b.MD_ZoneId,             b.MD_WardId,             b.MD_StreetId,              /* Officer Details */             o.Ofcr_IsGovtProperty,             o.Ofcr_CorrectedPropertyUseTypeValue,             o.Ofcr_CorrectedPropertyUseTypeId,             o.Ofcr_RoadFacingSides,             o.KSRSACMasterPlanLandUseType          INTO #Apps          FROM dbo.BtoAMainApp a          INNER JOIN dbo.BtoA_EPIDMetaData b             ON b.MD_APP_ID = a.App_Id          INNER JOIN         (             SELECT                 Ofcr_BtoA_MainAppId,                 Ofcr_IsGovtProperty,                 Ofcr_CorrectedPropertyUseTypeValue,                 Ofcr_CorrectedPropertyUseTypeId,                 Ofcr_RoadFacingSides,                 ResidentialPlotareaAfterRoadWideninginSqmt,                 CommercialPlotareaAfterRoadWideninginSqmt,                 IndustrialPlotareaAfterRoadWideninginSqmt,                 KSRSACMasterPlanLandUseType             FROM dbo.BtoA_MainApp_Officer         ) o             ON o.Ofcr_BtoA_MainAppId = a.App_Id          INNER JOIN dbo.BtoA_SiteRoadDetails_Officer ofi             ON ofi.BtoA_MainAppId = a.App_Id          INNER JOIN masterDB_prod.dbo.MstRoadKSRAC ksr             ON ofi.BtoA_RoadId = ksr.Road_ID          /* JC Officer eligibility */         INNER JOIN masterDB_prod.dbo.mst_officer ofc             ON b.MD_ZoneId = ofc.Ofcr_ZoneId          WHERE             a.App_Active = 1             AND a.App_Status in (14,1000)             AND ofc.Ofcr_RoleId = 125             AND ofc.Ofcr_Active = 1             AND a.App_Source = 'newkhata'             AND b.MD_SiteArea >= 50             AND b.MD_SiteArea <= 1000             AND ISNULL(ofi.IsRMPPropersed, 'N') = 'N'             AND ksr.GuidanceValueSqMt IS NOT NULL 			AND a.App_JCMovedDate is not null             AND a.App_JCMovedDate < DATEADD(DAY, -13, CAST(GETDATE() AS DATE))             AND ofc.Ofcr_Id NOT IN (65, 11240, 11241) 			AND ISNULL(a.IsApp_MasterPlanMismatch, 0) = 0             AND ISNULL(a.IsApp_PropertyVerificationRequired, 0) = 0          /*=========================================================           ROAD-WIDENING AREA VALIDATION         =========================================================*/          AND         (             /* Commercial */             (                 o.Ofcr_CorrectedPropertyUseTypeId = 1                 AND ISNULL(o.CommercialPlotareaAfterRoadWideninginSqmt, 0) > 5             )              OR              /* Residential */             (                 o.Ofcr_CorrectedPropertyUseTypeId = 2                 AND ISNULL(o.ResidentialPlotareaAfterRoadWideninginSqmt, 0) > 5             )              OR              /* Mixed - BOTH areas must be greater than 5 */             (                 o.Ofcr_CorrectedPropertyUseTypeId = 3                 AND ISNULL(o.CommercialPlotareaAfterRoadWideninginSqmt, 0) > 5                 AND ISNULL(o.ResidentialPlotareaAfterRoadWideninginSqmt, 0) > 5             )              OR              /* Industrial */             (                 o.Ofcr_CorrectedPropertyUseTypeId = 4                 AND ISNULL(o.IndustrialPlotareaAfterRoadWideninginSqmt, 0) > 5             )         )          /*=========================================================           PROPERTY USE TYPE VS MASTER PLAN VALIDATION         =========================================================*/          AND         (             /* Residential -> ONLY Residential */             (                 o.Ofcr_CorrectedPropertyUseTypeValue = 'Residential'                 AND o.KSRSACMasterPlanLandUseType = 'Residential'             )              OR              /* Commercial -> Residential OR Commercial */             (                 o.Ofcr_CorrectedPropertyUseTypeValue = 'Commercial'                 AND o.KSRSACMasterPlanLandUseType IN                     ('Residential', 'Commercial')             )              OR              /* Industrial -> Residential OR Industrial */             (                 o.Ofcr_CorrectedPropertyUseTypeValue = 'Industrial'                 AND o.KSRSACMasterPlanLandUseType IN                     ('Residential', 'Industrial')             )              OR              /* Mixed -> Residential OR Commercial */             (                 o.Ofcr_CorrectedPropertyUseTypeValue = 'Mixed'                 AND o.KSRSACMasterPlanLandUseType IN                     ('Residential', 'Commercial')             )         );           /*=========================================================           INDEX TEMP TABLE         =========================================================*/          CREATE CLUSTERED INDEX IX_Apps_AppId         ON #Apps(App_Id);           /*=========================================================           STEP 2 : GET LATEST JC MOVED DATE         =========================================================*/          SELECT             s.Sts_MainAppId AS App_Id,             MAX(s.Udt) AS App_JCMovedDate          INTO #JCMovedDate          FROM dbo.BtoA_Status_Master_Tran s          INNER JOIN #Apps a             ON a.App_Id = s.Sts_MainAppId          WHERE             s.Sts_MainAppStatus in (14,1000)          GROUP BY             s.Sts_MainAppId          HAVING             MAX(s.Udt) < DATEADD(DAY, -13, CAST(GETDATE() AS DATE));           /*=========================================================           INDEX JC TEMP TABLE         =========================================================*/          CREATE UNIQUE CLUSTERED INDEX IX_JCMovedDate_AppId         ON #JCMovedDate(App_Id);           /*=========================================================           STEP 3 : INSERT ONLY NEW ELIGIBLE APPLICATIONS            ApplicationDisplayID already existing in target table           will NOT be inserted.         =========================================================*/          INSERT INTO dbo.JC_Auto_Approved_SPA_Applications         (             ApplicationDisplayID,             MotherEPID,             Application_Status,             Corporation,             Zone,             Ward,             IsGovtProperty,             BtoA_RoadId,             BtoA_RoadName,             Road_ID,             Road_Name,             GuidanceValueSqMt,             PropertyUseType,             Application_JCMovedDate,             Application_type,             BtoA_RoadType,             IsMasterPlanMismatch,             SiteArea,             JC_Pending_Days,             CreatedDate,             OfficerName,             IsAutoApprovedManually         )          SELECT DISTINCT              a.App_DisplayId AS ApplicationDisplayID,              a.App_MotherEPID AS MotherEPID,              CASE                 WHEN a.App_Status  in (14,1000)                 THEN 'Pending with JC'                 ELSE ''             END AS Application_Status,              a.GBA AS Corporation,              a.MD_Zonename AS Zone,              a.MD_WardName AS Ward,              CASE                 WHEN ISNULL(a.Ofcr_IsGovtProperty, 0) = 0                 THEN 'NO'             END AS IsGovtProperty,              a.BtoA_RoadId,              a.BtoA_RoadName,              a.Road_ID,              a.Road_Name,              a.GuidanceValueSqMt,              a.Ofcr_CorrectedPropertyUseTypeValue AS PropertyUseType,              jc.App_JCMovedDate AS Application_JCMovedDate,              CASE                 WHEN a.App_Source <> 'newkhata'                 THEN 'B2A'             END AS Application_type,              'public' AS BtoA_RoadType,              'No' AS IsMasterPlanMismatch,              a.MD_SiteArea AS SiteArea,              DATEDIFF             (                 DAY,                 CAST(jc.App_JCMovedDate AS DATE),                 CAST(GETDATE() AS DATE)             ) AS JC_Pending_Days,              GETDATE() AS CreatedDate,              jcOfficer.Ofcr_Name AS OfficerName,              0 AS IsAutoApprovedManually          FROM #Apps a          INNER JOIN #JCMovedDate jc             ON jc.App_Id = a.App_Id           /*=========================================================           GET ONE ACTIVE JC OFFICER FOR THE ZONE         =========================================================*/          OUTER APPLY         (             SELECT TOP 1                 ofc.Ofcr_Name,                 ofc.Ofcr_Id              FROM masterDB_prod.dbo.mst_officer ofc              WHERE                 ofc.Ofcr_ZoneId = a.MD_ZoneId                 AND ofc.Ofcr_RoleId = 125                 AND ofc.Ofcr_Active = 1                 AND ofc.Ofcr_Id NOT IN (65, 11240, 11241)              ORDER BY                 ofc.Ofcr_Id          ) jcOfficer           WHERE          /*=========================================================           1. MUST HAVE AT LEAST ONE ROAD         =========================================================*/          EXISTS         (             SELECT 1              FROM dbo.BtoA_SiteRoadDetails_Officer r              WHERE r.BtoA_MainAppId = a.App_Id         )           /*=========================================================           2. ALL ROADS MUST BE PUBLIC         =========================================================*/          AND NOT EXISTS         (             SELECT 1              FROM dbo.BtoA_SiteRoadDetails_Officer r              WHERE r.BtoA_MainAppId = a.App_Id              AND             (                 r.BtoA_RoadType IS NULL                 OR LTRIM(RTRIM(r.BtoA_RoadType)) = ''                 OR LOWER(LTRIM(RTRIM(r.BtoA_RoadType))) <> 'public'             )         )           /*=========================================================           3. EVERY ROAD MUST MATCH KSRAC         =========================================================*/          AND NOT EXISTS         (             SELECT 1              FROM dbo.BtoA_SiteRoadDetails_Officer r              WHERE r.BtoA_MainAppId = a.App_Id              AND NOT EXISTS             (                 SELECT 1                  FROM masterDB_prod.dbo.mst_AROMapping aro                  INNER JOIN masterDB_prod.dbo.MstRoadKSRAC k                     ON k.GBAZONEID = aro.GBAZONEID                     AND k.BBMPWardId = aro.BBMPWardId                     AND k.Road_Active = 1                  WHERE                     aro.GBAZONEID = a.MD_ZoneId                     AND aro.BBMPWardId = a.MD_WardId                     AND aro.BBMPStreetId = a.MD_StreetId                     AND aro.easthiULBNAME_CorpId = a.GBAId                     AND k.GuidanceValueSqMt IS NOT NULL                     AND k.Road_ID = r.BtoA_RoadId                     AND LTRIM(RTRIM(k.Road_Name))                         = LTRIM(RTRIM(r.BtoA_RoadName))             )         )           /*=========================================================           4. EXCLUDE GOVERNMENT PROPERTY         =========================================================*/          AND ISNULL(a.Ofcr_IsGovtProperty, 0) = 0           /*=========================================================           5. EXCLUDE GOOGLE GOVERNMENT PROPERTY         =========================================================*/          AND NOT EXISTS         (             SELECT 1              FROM dbo.BtoA_SiteDtls s              WHERE s.Site_App_Id = a.App_Id              AND ISNULL(s.GooglePropertyType, '') = 'govt'         )           /*=========================================================           PREVENT DUPLICATE INSERTS         =========================================================*/          AND NOT EXISTS         (             SELECT 1             FROM dbo.JC_Auto_Approved_SPA_Applications j              WHERE j.ApplicationDisplayID = a.App_DisplayId               AND ISNULL(j.MotherEPID, '') = ISNULL(a.App_MotherEPID, '')         );  ",,
19-09-2026 14:34,INFRA\bbmpuser2,INFRA\bbmpuser2,KhataBtoA_prod,BBMP-DB-VP14,Microsoft SQL Server Management Studio - Query,94," DROP TABLE IF EXISTS #Apps;         DROP TABLE IF EXISTS #JCMovedDate;           /*=========================================================           STEP 1 : GET BASE ELIGIBLE APPLICATIONS         =========================================================*/          SELECT             a.App_Id,             a.App_DisplayId,             a.App_Status,             a.GBA,             a.GBAId,             a.App_MotherEPID,             a.App_Source,              ofi.BtoA_RoadId,             ofi.BtoA_RoadName,              ksr.Road_ID,             ksr.Road_Name,             ksr.GuidanceValueSqMt,              /* EPID Metadata */             b.MD_Zonename,             b.MD_WardName,             b.MD_SiteArea,             b.MD_ZoneId,             b.MD_WardId,             b.MD_StreetId,              /* Officer Details */             o.Ofcr_IsGovtProperty,             o.Ofcr_CorrectedPropertyUseTypeValue,             o.Ofcr_CorrectedPropertyUseTypeId,             o.Ofcr_RoadFacingSides,             o.KSRSACMasterPlanLandUseType          INTO #Apps          FROM dbo.BtoAMainApp a          INNER JOIN dbo.BtoA_EPIDMetaData b             ON b.MD_APP_ID = a.App_Id          INNER JOIN         (             SELECT                 Ofcr_BtoA_MainAppId,                 Ofcr_IsGovtProperty,                 Ofcr_CorrectedPropertyUseTypeValue,                 Ofcr_CorrectedPropertyUseTypeId,                 Ofcr_RoadFacingSides,                 ResidentialPlotareaAfterRoadWideninginSqmt,                 CommercialPlotareaAfterRoadWideninginSqmt,                 IndustrialPlotareaAfterRoadWideninginSqmt,                 KSRSACMasterPlanLandUseType             FROM dbo.BtoA_MainApp_Officer         ) o             ON o.Ofcr_BtoA_MainAppId = a.App_Id          INNER JOIN dbo.BtoA_SiteRoadDetails_Officer ofi             ON ofi.BtoA_MainAppId = a.App_Id          INNER JOIN masterDB_prod.dbo.MstRoadKSRAC ksr             ON ofi.BtoA_RoadId = ksr.Road_ID          /* JC Officer eligibility */         INNER JOIN masterDB_prod.dbo.mst_officer ofc             ON b.MD_ZoneId = ofc.Ofcr_ZoneId          WHERE             a.App_Active = 1             AND a.App_Status in (14,1000)             AND ofc.Ofcr_RoleId = 125             AND ofc.Ofcr_Active = 1             AND a.App_Source = 'newkhata'             AND b.MD_SiteArea >= 50             AND b.MD_SiteArea <= 1000             AND ISNULL(ofi.IsRMPPropersed, 'N') = 'N'             AND ksr.GuidanceValueSqMt IS NOT NULL 			AND a.App_JCMovedDate is not null             AND a.App_JCMovedDate < DATEADD(DAY, -13, CAST(GETDATE() AS DATE))             AND ofc.Ofcr_Id NOT IN (65, 11240, 11241) 			AND ISNULL(a.IsApp_MasterPlanMismatch, 0) = 0             AND ISNULL(a.IsApp_PropertyVerificationRequired, 0) = 0          /*=========================================================           ROAD-WIDENING AREA VALIDATION         =========================================================*/          AND         (             /* Commercial */             (                 o.Ofcr_CorrectedPropertyUseTypeId = 1                 AND ISNULL(o.CommercialPlotareaAfterRoadWideninginSqmt, 0) > 5             )              OR              /* Residential */             (                 o.Ofcr_CorrectedPropertyUseTypeId = 2                 AND ISNULL(o.ResidentialPlotareaAfterRoadWideninginSqmt, 0) > 5             )              OR              /* Mixed - BOTH areas must be greater than 5 */             (                 o.Ofcr_CorrectedPropertyUseTypeId = 3                 AND ISNULL(o.CommercialPlotareaAfterRoadWideninginSqmt, 0) > 5                 AND ISNULL(o.ResidentialPlotareaAfterRoadWideninginSqmt, 0) > 5             )              OR              /* Industrial */             (                 o.Ofcr_CorrectedPropertyUseTypeId = 4                 AND ISNULL(o.IndustrialPlotareaAfterRoadWideninginSqmt, 0) > 5             )         )          /*=========================================================           PROPERTY USE TYPE VS MASTER PLAN VALIDATION         =========================================================*/          AND         (             /* Residential -> ONLY Residential */             (                 o.Ofcr_CorrectedPropertyUseTypeValue = 'Residential'                 AND o.KSRSACMasterPlanLandUseType = 'Residential'             )              OR              /* Commercial -> Residential OR Commercial */             (                 o.Ofcr_CorrectedPropertyUseTypeValue = 'Commercial'                 AND o.KSRSACMasterPlanLandUseType IN                     ('Residential', 'Commercial')             )              OR              /* Industrial -> Residential OR Industrial */             (                 o.Ofcr_CorrectedPropertyUseTypeValue = 'Industrial'                 AND o.KSRSACMasterPlanLandUseType IN                     ('Residential', 'Industrial')             )              OR              /* Mixed -> Residential OR Commercial */             (                 o.Ofcr_CorrectedPropertyUseTypeValue = 'Mixed'                 AND o.KSRSACMasterPlanLandUseType IN                     ('Residential', 'Commercial')             )         );           /*=========================================================           INDEX TEMP TABLE         =========================================================*/          CREATE CLUSTERED INDEX IX_Apps_AppId         ON #Apps(App_Id);           /*=========================================================           STEP 2 : GET LATEST JC MOVED DATE         =========================================================*/          SELECT             s.Sts_MainAppId AS App_Id,             MAX(s.Udt) AS App_JCMovedDate          INTO #JCMovedDate          FROM dbo.BtoA_Status_Master_Tran s          INNER JOIN #Apps a             ON a.App_Id = s.Sts_MainAppId          WHERE             s.Sts_MainAppStatus in (14,1000)          GROUP BY             s.Sts_MainAppId          HAVING             MAX(s.Udt) < DATEADD(DAY, -13, CAST(GETDATE() AS DATE));           /*=========================================================           INDEX JC TEMP TABLE         =========================================================*/          CREATE UNIQUE CLUSTERED INDEX IX_JCMovedDate_AppId         ON #JCMovedDate(App_Id);           /*=========================================================           STEP 3 : INSERT ONLY NEW ELIGIBLE APPLICATIONS            ApplicationDisplayID already existing in target table           will NOT be inserted.         =========================================================*/          INSERT INTO dbo.JC_Auto_Approved_SPA_Applications         (             ApplicationDisplayID,             MotherEPID,             Application_Status,             Corporation,             Zone,             Ward,             IsGovtProperty,             BtoA_RoadId,             BtoA_RoadName,             Road_ID,             Road_Name,             GuidanceValueSqMt,             PropertyUseType,             Application_JCMovedDate,             Application_type,             BtoA_RoadType,             IsMasterPlanMismatch,             SiteArea,             JC_Pending_Days,             CreatedDate,             OfficerName,             IsAutoApprovedManually         )          SELECT DISTINCT              a.App_DisplayId AS ApplicationDisplayID,              a.App_MotherEPID AS MotherEPID,              CASE                 WHEN a.App_Status  in (14,1000)                 THEN 'Pending with JC'                 ELSE ''             END AS Application_Status,              a.GBA AS Corporation,              a.MD_Zonename AS Zone,              a.MD_WardName AS Ward,              CASE                 WHEN ISNULL(a.Ofcr_IsGovtProperty, 0) = 0                 THEN 'NO'             END AS IsGovtProperty,              a.BtoA_RoadId,              a.BtoA_RoadName,              a.Road_ID,              a.Road_Name,              a.GuidanceValueSqMt,              a.Ofcr_CorrectedPropertyUseTypeValue AS PropertyUseType,              jc.App_JCMovedDate AS Application_JCMovedDate,              CASE                 WHEN a.App_Source <> 'newkhata'                 THEN 'B2A'             END AS Application_type,              'public' AS BtoA_RoadType,              'No' AS IsMasterPlanMismatch,              a.MD_SiteArea AS SiteArea,              DATEDIFF             (                 DAY,                 CAST(jc.App_JCMovedDate AS DATE),                 CAST(GETDATE() AS DATE)             ) AS JC_Pending_Days,              GETDATE() AS CreatedDate,              jcOfficer.Ofcr_Name AS OfficerName,              0 AS IsAutoApprovedManually          FROM #Apps a          INNER JOIN #JCMovedDate jc             ON jc.App_Id = a.App_Id           /*=========================================================           GET ONE ACTIVE JC OFFICER FOR THE ZONE         =========================================================*/          OUTER APPLY         (             SELECT TOP 1                 ofc.Ofcr_Name,                 ofc.Ofcr_Id              FROM masterDB_prod.dbo.mst_officer ofc              WHERE                 ofc.Ofcr_ZoneId = a.MD_ZoneId                 AND ofc.Ofcr_RoleId = 125                 AND ofc.Ofcr_Active = 1                 AND ofc.Ofcr_Id NOT IN (65, 11240, 11241)              ORDER BY                 ofc.Ofcr_Id          ) jcOfficer           WHERE          /*=========================================================           1. MUST HAVE AT LEAST ONE ROAD         =========================================================*/          EXISTS         (             SELECT 1              FROM dbo.BtoA_SiteRoadDetails_Officer r              WHERE r.BtoA_MainAppId = a.App_Id         )           /*=========================================================           2. ALL ROADS MUST BE PUBLIC         =========================================================*/          AND NOT EXISTS         (             SELECT 1              FROM dbo.BtoA_SiteRoadDetails_Officer r              WHERE r.BtoA_MainAppId = a.App_Id              AND             (                 r.BtoA_RoadType IS NULL                 OR LTRIM(RTRIM(r.BtoA_RoadType)) = ''                 OR LOWER(LTRIM(RTRIM(r.BtoA_RoadType))) <> 'public'             )         )           /*=========================================================           3. EVERY ROAD MUST MATCH KSRAC         =========================================================*/          AND NOT EXISTS         (             SELECT 1              FROM dbo.BtoA_SiteRoadDetails_Officer r              WHERE r.BtoA_MainAppId = a.App_Id              AND NOT EXISTS             (                 SELECT 1                  FROM masterDB_prod.dbo.mst_AROMapping aro                  INNER JOIN masterDB_prod.dbo.MstRoadKSRAC k                     ON k.GBAZONEID = aro.GBAZONEID                     AND k.BBMPWardId = aro.BBMPWardId                     AND k.Road_Active = 1                  WHERE                     aro.GBAZONEID = a.MD_ZoneId                     AND aro.BBMPWardId = a.MD_WardId                     AND aro.BBMPStreetId = a.MD_StreetId                     AND aro.easthiULBNAME_CorpId = a.GBAId                     AND k.GuidanceValueSqMt IS NOT NULL                     AND k.Road_ID = r.BtoA_RoadId                     AND LTRIM(RTRIM(k.Road_Name))                         = LTRIM(RTRIM(r.BtoA_RoadName))             )         )           /*=========================================================           4. EXCLUDE GOVERNMENT PROPERTY         =========================================================*/          AND ISNULL(a.Ofcr_IsGovtProperty, 0) = 0           /*=========================================================           5. EXCLUDE GOOGLE GOVERNMENT PROPERTY         =========================================================*/          AND NOT EXISTS         (             SELECT 1              FROM dbo.BtoA_SiteDtls s              WHERE s.Site_App_Id = a.App_Id              AND ISNULL(s.GooglePropertyType, '') = 'govt'         )           /*=========================================================           PREVENT DUPLICATE INSERTS         =========================================================*/          AND NOT EXISTS         (             SELECT 1             FROM dbo.JC_Auto_Approved_SPA_Applications j              WHERE j.ApplicationDisplayID = a.App_DisplayId               AND ISNULL(j.MotherEPID, '') = ISNULL(a.App_MotherEPID, '')         );  ",,
19-09-2026 14:34,INFRA\bbmpuser2,INFRA\bbmpuser2,KhataBtoA_prod,BBMP-DB-VP14,Microsoft SQL Server Management Studio - Query,94," DROP TABLE IF EXISTS #Apps;         DROP TABLE IF EXISTS #JCMovedDate;           /*=========================================================           STEP 1 : GET BASE ELIGIBLE APPLICATIONS         =========================================================*/          SELECT             a.App_Id,             a.App_DisplayId,             a.App_Status,             a.GBA,             a.GBAId,             a.App_MotherEPID,             a.App_Source,              ofi.BtoA_RoadId,             ofi.BtoA_RoadName,              ksr.Road_ID,             ksr.Road_Name,             ksr.GuidanceValueSqMt,              /* EPID Metadata */             b.MD_Zonename,             b.MD_WardName,             b.MD_SiteArea,             b.MD_ZoneId,             b.MD_WardId,             b.MD_StreetId,              /* Officer Details */             o.Ofcr_IsGovtProperty,             o.Ofcr_CorrectedPropertyUseTypeValue,             o.Ofcr_CorrectedPropertyUseTypeId,             o.Ofcr_RoadFacingSides,             o.KSRSACMasterPlanLandUseType          INTO #Apps          FROM dbo.BtoAMainApp a          INNER JOIN dbo.BtoA_EPIDMetaData b             ON b.MD_APP_ID = a.App_Id          INNER JOIN         (             SELECT                 Ofcr_BtoA_MainAppId,                 Ofcr_IsGovtProperty,                 Ofcr_CorrectedPropertyUseTypeValue,                 Ofcr_CorrectedPropertyUseTypeId,                 Ofcr_RoadFacingSides,                 ResidentialPlotareaAfterRoadWideninginSqmt,                 CommercialPlotareaAfterRoadWideninginSqmt,                 IndustrialPlotareaAfterRoadWideninginSqmt,                 KSRSACMasterPlanLandUseType             FROM dbo.BtoA_MainApp_Officer         ) o             ON o.Ofcr_BtoA_MainAppId = a.App_Id          INNER JOIN dbo.BtoA_SiteRoadDetails_Officer ofi             ON ofi.BtoA_MainAppId = a.App_Id          INNER JOIN masterDB_prod.dbo.MstRoadKSRAC ksr             ON ofi.BtoA_RoadId = ksr.Road_ID          /* JC Officer eligibility */         INNER JOIN masterDB_prod.dbo.mst_officer ofc             ON b.MD_ZoneId = ofc.Ofcr_ZoneId          WHERE             a.App_Active = 1             AND a.App_Status in (14,1000)             AND ofc.Ofcr_RoleId = 125             AND ofc.Ofcr_Active = 1             AND a.App_Source = 'newkhata'             AND b.MD_SiteArea >= 50             AND b.MD_SiteArea <= 1000             AND ISNULL(ofi.IsRMPPropersed, 'N') = 'N'             AND ksr.GuidanceValueSqMt IS NOT NULL 			AND a.App_JCMovedDate is not null             AND a.App_JCMovedDate < DATEADD(DAY, -13, CAST(GETDATE() AS DATE))             AND ofc.Ofcr_Id NOT IN (65, 11240, 11241) 			AND ISNULL(a.IsApp_MasterPlanMismatch, 0) = 0             AND ISNULL(a.IsApp_PropertyVerificationRequired, 0) = 0          /*=========================================================           ROAD-WIDENING AREA VALIDATION         =========================================================*/          AND         (             /* Commercial */             (                 o.Ofcr_CorrectedPropertyUseTypeId = 1                 AND ISNULL(o.CommercialPlotareaAfterRoadWideninginSqmt, 0) > 5             )              OR              /* Residential */             (                 o.Ofcr_CorrectedPropertyUseTypeId = 2                 AND ISNULL(o.ResidentialPlotareaAfterRoadWideninginSqmt, 0) > 5             )              OR              /* Mixed - BOTH areas must be greater than 5 */             (                 o.Ofcr_CorrectedPropertyUseTypeId = 3                 AND ISNULL(o.CommercialPlotareaAfterRoadWideninginSqmt, 0) > 5                 AND ISNULL(o.ResidentialPlotareaAfterRoadWideninginSqmt, 0) > 5             )              OR              /* Industrial */             (                 o.Ofcr_CorrectedPropertyUseTypeId = 4                 AND ISNULL(o.IndustrialPlotareaAfterRoadWideninginSqmt, 0) > 5             )         )          /*=========================================================           PROPERTY USE TYPE VS MASTER PLAN VALIDATION         =========================================================*/          AND         (             /* Residential -> ONLY Residential */             (                 o.Ofcr_CorrectedPropertyUseTypeValue = 'Residential'                 AND o.KSRSACMasterPlanLandUseType = 'Residential'             )              OR              /* Commercial -> Residential OR Commercial */             (                 o.Ofcr_CorrectedPropertyUseTypeValue = 'Commercial'                 AND o.KSRSACMasterPlanLandUseType IN                     ('Residential', 'Commercial')             )              OR              /* Industrial -> Residential OR Industrial */             (                 o.Ofcr_CorrectedPropertyUseTypeValue = 'Industrial'                 AND o.KSRSACMasterPlanLandUseType IN                     ('Residential', 'Industrial')             )              OR              /* Mixed -> Residential OR Commercial */             (                 o.Ofcr_CorrectedPropertyUseTypeValue = 'Mixed'                 AND o.KSRSACMasterPlanLandUseType IN                     ('Residential', 'Commercial')             )         );           /*=========================================================           INDEX TEMP TABLE         =========================================================*/          CREATE CLUSTERED INDEX IX_Apps_AppId         ON #Apps(App_Id);           /*=========================================================           STEP 2 : GET LATEST JC MOVED DATE         =========================================================*/          SELECT             s.Sts_MainAppId AS App_Id,             MAX(s.Udt) AS App_JCMovedDate          INTO #JCMovedDate          FROM dbo.BtoA_Status_Master_Tran s          INNER JOIN #Apps a             ON a.App_Id = s.Sts_MainAppId          WHERE             s.Sts_MainAppStatus in (14,1000)          GROUP BY             s.Sts_MainAppId          HAVING             MAX(s.Udt) < DATEADD(DAY, -13, CAST(GETDATE() AS DATE));           /*=========================================================           INDEX JC TEMP TABLE         =========================================================*/          CREATE UNIQUE CLUSTERED INDEX IX_JCMovedDate_AppId         ON #JCMovedDate(App_Id);           /*=========================================================           STEP 3 : INSERT ONLY NEW ELIGIBLE APPLICATIONS            ApplicationDisplayID already existing in target table           will NOT be inserted.         =========================================================*/          INSERT INTO dbo.JC_Auto_Approved_SPA_Applications         (             ApplicationDisplayID,             MotherEPID,             Application_Status,             Corporation,             Zone,             Ward,             IsGovtProperty,             BtoA_RoadId,             BtoA_RoadName,             Road_ID,             Road_Name,             GuidanceValueSqMt,             PropertyUseType,             Application_JCMovedDate,             Application_type,             BtoA_RoadType,             IsMasterPlanMismatch,             SiteArea,             JC_Pending_Days,             CreatedDate,             OfficerName,             IsAutoApprovedManually         )          SELECT DISTINCT              a.App_DisplayId AS ApplicationDisplayID,              a.App_MotherEPID AS MotherEPID,              CASE                 WHEN a.App_Status  in (14,1000)                 THEN 'Pending with JC'                 ELSE ''             END AS Application_Status,              a.GBA AS Corporation,              a.MD_Zonename AS Zone,              a.MD_WardName AS Ward,              CASE                 WHEN ISNULL(a.Ofcr_IsGovtProperty, 0) = 0                 THEN 'NO'             END AS IsGovtProperty,              a.BtoA_RoadId,              a.BtoA_RoadName,              a.Road_ID,              a.Road_Name,              a.GuidanceValueSqMt,              a.Ofcr_CorrectedPropertyUseTypeValue AS PropertyUseType,              jc.App_JCMovedDate AS Application_JCMovedDate,              CASE                 WHEN a.App_Source <> 'newkhata'                 THEN 'B2A'             END AS Application_type,              'public' AS BtoA_RoadType,              'No' AS IsMasterPlanMismatch,              a.MD_SiteArea AS SiteArea,              DATEDIFF             (                 DAY,                 CAST(jc.App_JCMovedDate AS DATE),                 CAST(GETDATE() AS DATE)             ) AS JC_Pending_Days,              GETDATE() AS CreatedDate,              jcOfficer.Ofcr_Name AS OfficerName,              0 AS IsAutoApprovedManually          FROM #Apps a          INNER JOIN #JCMovedDate jc             ON jc.App_Id = a.App_Id           /*=========================================================           GET ONE ACTIVE JC OFFICER FOR THE ZONE         =========================================================*/          OUTER APPLY         (             SELECT TOP 1                 ofc.Ofcr_Name,                 ofc.Ofcr_Id              FROM masterDB_prod.dbo.mst_officer ofc              WHERE                 ofc.Ofcr_ZoneId = a.MD_ZoneId                 AND ofc.Ofcr_RoleId = 125                 AND ofc.Ofcr_Active = 1                 AND ofc.Ofcr_Id NOT IN (65, 11240, 11241)              ORDER BY                 ofc.Ofcr_Id          ) jcOfficer           WHERE          /*=========================================================           1. MUST HAVE AT LEAST ONE ROAD         =========================================================*/          EXISTS         (             SELECT 1              FROM dbo.BtoA_SiteRoadDetails_Officer r              WHERE r.BtoA_MainAppId = a.App_Id         )           /*=========================================================           2. ALL ROADS MUST BE PUBLIC         =========================================================*/          AND NOT EXISTS         (             SELECT 1              FROM dbo.BtoA_SiteRoadDetails_Officer r              WHERE r.BtoA_MainAppId = a.App_Id              AND             (                 r.BtoA_RoadType IS NULL                 OR LTRIM(RTRIM(r.BtoA_RoadType)) = ''                 OR LOWER(LTRIM(RTRIM(r.BtoA_RoadType))) <> 'public'             )         )           /*=========================================================           3. EVERY ROAD MUST MATCH KSRAC         =========================================================*/          AND NOT EXISTS         (             SELECT 1              FROM dbo.BtoA_SiteRoadDetails_Officer r              WHERE r.BtoA_MainAppId = a.App_Id              AND NOT EXISTS             (                 SELECT 1                  FROM masterDB_prod.dbo.mst_AROMapping aro                  INNER JOIN masterDB_prod.dbo.MstRoadKSRAC k                     ON k.GBAZONEID = aro.GBAZONEID                     AND k.BBMPWardId = aro.BBMPWardId                     AND k.Road_Active = 1                  WHERE                     aro.GBAZONEID = a.MD_ZoneId                     AND aro.BBMPWardId = a.MD_WardId                     AND aro.BBMPStreetId = a.MD_StreetId                     AND aro.easthiULBNAME_CorpId = a.GBAId                     AND k.GuidanceValueSqMt IS NOT NULL                     AND k.Road_ID = r.BtoA_RoadId                     AND LTRIM(RTRIM(k.Road_Name))                         = LTRIM(RTRIM(r.BtoA_RoadName))             )         )           /*=========================================================           4. EXCLUDE GOVERNMENT PROPERTY         =========================================================*/          AND ISNULL(a.Ofcr_IsGovtProperty, 0) = 0           /*=========================================================           5. EXCLUDE GOOGLE GOVERNMENT PROPERTY         =========================================================*/          AND NOT EXISTS         (             SELECT 1              FROM dbo.BtoA_SiteDtls s              WHERE s.Site_App_Id = a.App_Id              AND ISNULL(s.GooglePropertyType, '') = 'govt'         )           /*=========================================================           PREVENT DUPLICATE INSERTS         =========================================================*/          AND NOT EXISTS         (             SELECT 1             FROM dbo.JC_Auto_Approved_SPA_Applications j              WHERE j.ApplicationDisplayID = a.App_DisplayId               AND ISNULL(j.MotherEPID, '') = ISNULL(a.App_MotherEPID, '')         );  ",,
19-09-2026 14:34,INFRA\bbmpuser2,INFRA\bbmpuser2,KhataBtoA_prod,BBMP-DB-VP14,Microsoft SQL Server Management Studio - Query,94," DROP TABLE IF EXISTS #Apps;         DROP TABLE IF EXISTS #JCMovedDate;           /*=========================================================           STEP 1 : GET BASE ELIGIBLE APPLICATIONS         =========================================================*/          SELECT             a.App_Id,             a.App_DisplayId,             a.App_Status,             a.GBA,             a.GBAId,             a.App_MotherEPID,             a.App_Source,              ofi.BtoA_RoadId,             ofi.BtoA_RoadName,              ksr.Road_ID,             ksr.Road_Name,             ksr.GuidanceValueSqMt,              /* EPID Metadata */             b.MD_Zonename,             b.MD_WardName,             b.MD_SiteArea,             b.MD_ZoneId,             b.MD_WardId,             b.MD_StreetId,              /* Officer Details */             o.Ofcr_IsGovtProperty,             o.Ofcr_CorrectedPropertyUseTypeValue,             o.Ofcr_CorrectedPropertyUseTypeId,             o.Ofcr_RoadFacingSides,             o.KSRSACMasterPlanLandUseType          INTO #Apps          FROM dbo.BtoAMainApp a          INNER JOIN dbo.BtoA_EPIDMetaData b             ON b.MD_APP_ID = a.App_Id          INNER JOIN         (             SELECT                 Ofcr_BtoA_MainAppId,                 Ofcr_IsGovtProperty,                 Ofcr_CorrectedPropertyUseTypeValue,                 Ofcr_CorrectedPropertyUseTypeId,                 Ofcr_RoadFacingSides,                 ResidentialPlotareaAfterRoadWideninginSqmt,                 CommercialPlotareaAfterRoadWideninginSqmt,                 IndustrialPlotareaAfterRoadWideninginSqmt,                 KSRSACMasterPlanLandUseType             FROM dbo.BtoA_MainApp_Officer         ) o             ON o.Ofcr_BtoA_MainAppId = a.App_Id          INNER JOIN dbo.BtoA_SiteRoadDetails_Officer ofi             ON ofi.BtoA_MainAppId = a.App_Id          INNER JOIN masterDB_prod.dbo.MstRoadKSRAC ksr             ON ofi.BtoA_RoadId = ksr.Road_ID          /* JC Officer eligibility */         INNER JOIN masterDB_prod.dbo.mst_officer ofc             ON b.MD_ZoneId = ofc.Ofcr_ZoneId          WHERE             a.App_Active = 1             AND a.App_Status in (14,1000)             AND ofc.Ofcr_RoleId = 125             AND ofc.Ofcr_Active = 1             AND a.App_Source = 'newkhata'             AND b.MD_SiteArea >= 50             AND b.MD_SiteArea <= 1000             AND ISNULL(ofi.IsRMPPropersed, 'N') = 'N'             AND ksr.GuidanceValueSqMt IS NOT NULL 			AND a.App_JCMovedDate is not null             AND a.App_JCMovedDate < DATEADD(DAY, -13, CAST(GETDATE() AS DATE))             AND ofc.Ofcr_Id NOT IN (65, 11240, 11241) 			AND ISNULL(a.IsApp_MasterPlanMismatch, 0) = 0             AND ISNULL(a.IsApp_PropertyVerificationRequired, 0) = 0          /*=========================================================           ROAD-WIDENING AREA VALIDATION         =========================================================*/          AND         (             /* Commercial */             (                 o.Ofcr_CorrectedPropertyUseTypeId = 1                 AND ISNULL(o.CommercialPlotareaAfterRoadWideninginSqmt, 0) > 5             )              OR              /* Residential */             (                 o.Ofcr_CorrectedPropertyUseTypeId = 2                 AND ISNULL(o.ResidentialPlotareaAfterRoadWideninginSqmt, 0) > 5             )              OR              /* Mixed - BOTH areas must be greater than 5 */             (                 o.Ofcr_CorrectedPropertyUseTypeId = 3                 AND ISNULL(o.CommercialPlotareaAfterRoadWideninginSqmt, 0) > 5                 AND ISNULL(o.ResidentialPlotareaAfterRoadWideninginSqmt, 0) > 5             )              OR              /* Industrial */             (                 o.Ofcr_CorrectedPropertyUseTypeId = 4                 AND ISNULL(o.IndustrialPlotareaAfterRoadWideninginSqmt, 0) > 5             )         )          /*=========================================================           PROPERTY USE TYPE VS MASTER PLAN VALIDATION         =========================================================*/          AND         (             /* Residential -> ONLY Residential */             (                 o.Ofcr_CorrectedPropertyUseTypeValue = 'Residential'                 AND o.KSRSACMasterPlanLandUseType = 'Residential'             )              OR              /* Commercial -> Residential OR Commercial */             (                 o.Ofcr_CorrectedPropertyUseTypeValue = 'Commercial'                 AND o.KSRSACMasterPlanLandUseType IN                     ('Residential', 'Commercial')             )              OR              /* Industrial -> Residential OR Industrial */             (                 o.Ofcr_CorrectedPropertyUseTypeValue = 'Industrial'                 AND o.KSRSACMasterPlanLandUseType IN                     ('Residential', 'Industrial')             )              OR              /* Mixed -> Residential OR Commercial */             (                 o.Ofcr_CorrectedPropertyUseTypeValue = 'Mixed'                 AND o.KSRSACMasterPlanLandUseType IN                     ('Residential', 'Commercial')             )         );           /*=========================================================           INDEX TEMP TABLE         =========================================================*/          CREATE CLUSTERED INDEX IX_Apps_AppId         ON #Apps(App_Id);           /*=========================================================           STEP 2 : GET LATEST JC MOVED DATE         =========================================================*/          SELECT             s.Sts_MainAppId AS App_Id,             MAX(s.Udt) AS App_JCMovedDate          INTO #JCMovedDate          FROM dbo.BtoA_Status_Master_Tran s          INNER JOIN #Apps a             ON a.App_Id = s.Sts_MainAppId          WHERE             s.Sts_MainAppStatus in (14,1000)          GROUP BY             s.Sts_MainAppId          HAVING             MAX(s.Udt) < DATEADD(DAY, -13, CAST(GETDATE() AS DATE));           /*=========================================================           INDEX JC TEMP TABLE         =========================================================*/          CREATE UNIQUE CLUSTERED INDEX IX_JCMovedDate_AppId         ON #JCMovedDate(App_Id);           /*=========================================================           STEP 3 : INSERT ONLY NEW ELIGIBLE APPLICATIONS            ApplicationDisplayID already existing in target table           will NOT be inserted.         =========================================================*/          INSERT INTO dbo.JC_Auto_Approved_SPA_Applications         (             ApplicationDisplayID,             MotherEPID,             Application_Status,             Corporation,             Zone,             Ward,             IsGovtProperty,             BtoA_RoadId,             BtoA_RoadName,             Road_ID,             Road_Name,             GuidanceValueSqMt,             PropertyUseType,             Application_JCMovedDate,             Application_type,             BtoA_RoadType,             IsMasterPlanMismatch,             SiteArea,             JC_Pending_Days,             CreatedDate,             OfficerName,             IsAutoApprovedManually         )          SELECT DISTINCT              a.App_DisplayId AS ApplicationDisplayID,              a.App_MotherEPID AS MotherEPID,              CASE                 WHEN a.App_Status  in (14,1000)                 THEN 'Pending with JC'                 ELSE ''             END AS Application_Status,              a.GBA AS Corporation,              a.MD_Zonename AS Zone,              a.MD_WardName AS Ward,              CASE                 WHEN ISNULL(a.Ofcr_IsGovtProperty, 0) = 0                 THEN 'NO'             END AS IsGovtProperty,              a.BtoA_RoadId,              a.BtoA_RoadName,              a.Road_ID,              a.Road_Name,              a.GuidanceValueSqMt,              a.Ofcr_CorrectedPropertyUseTypeValue AS PropertyUseType,              jc.App_JCMovedDate AS Application_JCMovedDate,              CASE                 WHEN a.App_Source <> 'newkhata'                 THEN 'B2A'             END AS Application_type,              'public' AS BtoA_RoadType,              'No' AS IsMasterPlanMismatch,              a.MD_SiteArea AS SiteArea,              DATEDIFF             (                 DAY,                 CAST(jc.App_JCMovedDate AS DATE),                 CAST(GETDATE() AS DATE)             ) AS JC_Pending_Days,              GETDATE() AS CreatedDate,              jcOfficer.Ofcr_Name AS OfficerName,              0 AS IsAutoApprovedManually          FROM #Apps a          INNER JOIN #JCMovedDate jc             ON jc.App_Id = a.App_Id           /*=========================================================           GET ONE ACTIVE JC OFFICER FOR THE ZONE         =========================================================*/          OUTER APPLY         (             SELECT TOP 1                 ofc.Ofcr_Name,                 ofc.Ofcr_Id              FROM masterDB_prod.dbo.mst_officer ofc              WHERE                 ofc.Ofcr_ZoneId = a.MD_ZoneId                 AND ofc.Ofcr_RoleId = 125                 AND ofc.Ofcr_Active = 1                 AND ofc.Ofcr_Id NOT IN (65, 11240, 11241)              ORDER BY                 ofc.Ofcr_Id          ) jcOfficer           WHERE          /*=========================================================           1. MUST HAVE AT LEAST ONE ROAD         =========================================================*/          EXISTS         (             SELECT 1              FROM dbo.BtoA_SiteRoadDetails_Officer r              WHERE r.BtoA_MainAppId = a.App_Id         )           /*=========================================================           2. ALL ROADS MUST BE PUBLIC         =========================================================*/          AND NOT EXISTS         (             SELECT 1              FROM dbo.BtoA_SiteRoadDetails_Officer r              WHERE r.BtoA_MainAppId = a.App_Id              AND             (                 r.BtoA_RoadType IS NULL                 OR LTRIM(RTRIM(r.BtoA_RoadType)) = ''                 OR LOWER(LTRIM(RTRIM(r.BtoA_RoadType))) <> 'public'             )         )           /*=========================================================           3. EVERY ROAD MUST MATCH KSRAC         =========================================================*/          AND NOT EXISTS         (             SELECT 1              FROM dbo.BtoA_SiteRoadDetails_Officer r              WHERE r.BtoA_MainAppId = a.App_Id              AND NOT EXISTS             (                 SELECT 1                  FROM masterDB_prod.dbo.mst_AROMapping aro                  INNER JOIN masterDB_prod.dbo.MstRoadKSRAC k                     ON k.GBAZONEID = aro.GBAZONEID                     AND k.BBMPWardId = aro.BBMPWardId                     AND k.Road_Active = 1                  WHERE                     aro.GBAZONEID = a.MD_ZoneId                     AND aro.BBMPWardId = a.MD_WardId                     AND aro.BBMPStreetId = a.MD_StreetId                     AND aro.easthiULBNAME_CorpId = a.GBAId                     AND k.GuidanceValueSqMt IS NOT NULL                     AND k.Road_ID = r.BtoA_RoadId                     AND LTRIM(RTRIM(k.Road_Name))                         = LTRIM(RTRIM(r.BtoA_RoadName))             )         )           /*=========================================================           4. EXCLUDE GOVERNMENT PROPERTY         =========================================================*/          AND ISNULL(a.Ofcr_IsGovtProperty, 0) = 0           /*=========================================================           5. EXCLUDE GOOGLE GOVERNMENT PROPERTY         =========================================================*/          AND NOT EXISTS         (             SELECT 1              FROM dbo.BtoA_SiteDtls s              WHERE s.Site_App_Id = a.App_Id              AND ISNULL(s.GooglePropertyType, '') = 'govt'         )           /*=========================================================           PREVENT DUPLICATE INSERTS         =========================================================*/          AND NOT EXISTS         (             SELECT 1             FROM dbo.JC_Auto_Approved_SPA_Applications j              WHERE j.ApplicationDisplayID = a.App_DisplayId               AND ISNULL(j.MotherEPID, '') = ISNULL(a.App_MotherEPID, '')         );  ",,
19-09-2026 14:34,INFRA\bbmpuser2,INFRA\bbmpuser2,KhataBtoA_prod,BBMP-DB-VP14,Microsoft SQL Server Management Studio - Query,94," DROP TABLE IF EXISTS #Apps;         DROP TABLE IF EXISTS #JCMovedDate;           /*=========================================================           STEP 1 : GET BASE ELIGIBLE APPLICATIONS         =========================================================*/          SELECT             a.App_Id,             a.App_DisplayId,             a.App_Status,             a.GBA,             a.GBAId,             a.App_MotherEPID,             a.App_Source,              ofi.BtoA_RoadId,             ofi.BtoA_RoadName,              ksr.Road_ID,             ksr.Road_Name,             ksr.GuidanceValueSqMt,              /* EPID Metadata */             b.MD_Zonename,             b.MD_WardName,             b.MD_SiteArea,             b.MD_ZoneId,             b.MD_WardId,             b.MD_StreetId,              /* Officer Details */             o.Ofcr_IsGovtProperty,             o.Ofcr_CorrectedPropertyUseTypeValue,             o.Ofcr_CorrectedPropertyUseTypeId,             o.Ofcr_RoadFacingSides,             o.KSRSACMasterPlanLandUseType          INTO #Apps          FROM dbo.BtoAMainApp a          INNER JOIN dbo.BtoA_EPIDMetaData b             ON b.MD_APP_ID = a.App_Id          INNER JOIN         (             SELECT                 Ofcr_BtoA_MainAppId,                 Ofcr_IsGovtProperty,                 Ofcr_CorrectedPropertyUseTypeValue,                 Ofcr_CorrectedPropertyUseTypeId,                 Ofcr_RoadFacingSides,                 ResidentialPlotareaAfterRoadWideninginSqmt,                 CommercialPlotareaAfterRoadWideninginSqmt,                 IndustrialPlotareaAfterRoadWideninginSqmt,                 KSRSACMasterPlanLandUseType             FROM dbo.BtoA_MainApp_Officer         ) o             ON o.Ofcr_BtoA_MainAppId = a.App_Id          INNER JOIN dbo.BtoA_SiteRoadDetails_Officer ofi             ON ofi.BtoA_MainAppId = a.App_Id          INNER JOIN masterDB_prod.dbo.MstRoadKSRAC ksr             ON ofi.BtoA_RoadId = ksr.Road_ID          /* JC Officer eligibility */         INNER JOIN masterDB_prod.dbo.mst_officer ofc             ON b.MD_ZoneId = ofc.Ofcr_ZoneId          WHERE             a.App_Active = 1             AND a.App_Status in (14,1000)             AND ofc.Ofcr_RoleId = 125             AND ofc.Ofcr_Active = 1             AND a.App_Source = 'newkhata'             AND b.MD_SiteArea >= 50             AND b.MD_SiteArea <= 1000             AND ISNULL(ofi.IsRMPPropersed, 'N') = 'N'             AND ksr.GuidanceValueSqMt IS NOT NULL 			AND a.App_JCMovedDate is not null             AND a.App_JCMovedDate < DATEADD(DAY, -13, CAST(GETDATE() AS DATE))             AND ofc.Ofcr_Id NOT IN (65, 11240, 11241) 			AND ISNULL(a.IsApp_MasterPlanMismatch, 0) = 0             AND ISNULL(a.IsApp_PropertyVerificationRequired, 0) = 0          /*=========================================================           ROAD-WIDENING AREA VALIDATION         =========================================================*/          AND         (             /* Commercial */             (                 o.Ofcr_CorrectedPropertyUseTypeId = 1                 AND ISNULL(o.CommercialPlotareaAfterRoadWideninginSqmt, 0) > 5             )              OR              /* Residential */             (                 o.Ofcr_CorrectedPropertyUseTypeId = 2                 AND ISNULL(o.ResidentialPlotareaAfterRoadWideninginSqmt, 0) > 5             )              OR              /* Mixed - BOTH areas must be greater than 5 */             (                 o.Ofcr_CorrectedPropertyUseTypeId = 3                 AND ISNULL(o.CommercialPlotareaAfterRoadWideninginSqmt, 0) > 5                 AND ISNULL(o.ResidentialPlotareaAfterRoadWideninginSqmt, 0) > 5             )              OR              /* Industrial */             (                 o.Ofcr_CorrectedPropertyUseTypeId = 4                 AND ISNULL(o.IndustrialPlotareaAfterRoadWideninginSqmt, 0) > 5             )         )          /*=========================================================           PROPERTY USE TYPE VS MASTER PLAN VALIDATION         =========================================================*/          AND         (             /* Residential -> ONLY Residential */             (                 o.Ofcr_CorrectedPropertyUseTypeValue = 'Residential'                 AND o.KSRSACMasterPlanLandUseType = 'Residential'             )              OR              /* Commercial -> Residential OR Commercial */             (                 o.Ofcr_CorrectedPropertyUseTypeValue = 'Commercial'                 AND o.KSRSACMasterPlanLandUseType IN                     ('Residential', 'Commercial')             )              OR              /* Industrial -> Residential OR Industrial */             (                 o.Ofcr_CorrectedPropertyUseTypeValue = 'Industrial'                 AND o.KSRSACMasterPlanLandUseType IN                     ('Residential', 'Industrial')             )              OR              /* Mixed -> Residential OR Commercial */             (                 o.Ofcr_CorrectedPropertyUseTypeValue = 'Mixed'                 AND o.KSRSACMasterPlanLandUseType IN                     ('Residential', 'Commercial')             )         );           /*=========================================================           INDEX TEMP TABLE         =========================================================*/          CREATE CLUSTERED INDEX IX_Apps_AppId         ON #Apps(App_Id);           /*=========================================================           STEP 2 : GET LATEST JC MOVED DATE         =========================================================*/          SELECT             s.Sts_MainAppId AS App_Id,             MAX(s.Udt) AS App_JCMovedDate          INTO #JCMovedDate          FROM dbo.BtoA_Status_Master_Tran s          INNER JOIN #Apps a             ON a.App_Id = s.Sts_MainAppId          WHERE             s.Sts_MainAppStatus in (14,1000)          GROUP BY             s.Sts_MainAppId          HAVING             MAX(s.Udt) < DATEADD(DAY, -13, CAST(GETDATE() AS DATE));           /*=========================================================           INDEX JC TEMP TABLE         =========================================================*/          CREATE UNIQUE CLUSTERED INDEX IX_JCMovedDate_AppId         ON #JCMovedDate(App_Id);           /*=========================================================           STEP 3 : INSERT ONLY NEW ELIGIBLE APPLICATIONS            ApplicationDisplayID already existing in target table           will NOT be inserted.         =========================================================*/          INSERT INTO dbo.JC_Auto_Approved_SPA_Applications         (             ApplicationDisplayID,             MotherEPID,             Application_Status,             Corporation,             Zone,             Ward,             IsGovtProperty,             BtoA_RoadId,             BtoA_RoadName,             Road_ID,             Road_Name,             GuidanceValueSqMt,             PropertyUseType,             Application_JCMovedDate,             Application_type,             BtoA_RoadType,             IsMasterPlanMismatch,             SiteArea,             JC_Pending_Days,             CreatedDate,             OfficerName,             IsAutoApprovedManually         )          SELECT DISTINCT              a.App_DisplayId AS ApplicationDisplayID,              a.App_MotherEPID AS MotherEPID,              CASE                 WHEN a.App_Status  in (14,1000)                 THEN 'Pending with JC'                 ELSE ''             END AS Application_Status,              a.GBA AS Corporation,              a.MD_Zonename AS Zone,              a.MD_WardName AS Ward,              CASE                 WHEN ISNULL(a.Ofcr_IsGovtProperty, 0) = 0                 THEN 'NO'             END AS IsGovtProperty,              a.BtoA_RoadId,              a.BtoA_RoadName,              a.Road_ID,              a.Road_Name,              a.GuidanceValueSqMt,              a.Ofcr_CorrectedPropertyUseTypeValue AS PropertyUseType,              jc.App_JCMovedDate AS Application_JCMovedDate,              CASE                 WHEN a.App_Source <> 'newkhata'                 THEN 'B2A'             END AS Application_type,              'public' AS BtoA_RoadType,              'No' AS IsMasterPlanMismatch,              a.MD_SiteArea AS SiteArea,              DATEDIFF             (                 DAY,                 CAST(jc.App_JCMovedDate AS DATE),                 CAST(GETDATE() AS DATE)             ) AS JC_Pending_Days,              GETDATE() AS CreatedDate,              jcOfficer.Ofcr_Name AS OfficerName,              0 AS IsAutoApprovedManually          FROM #Apps a          INNER JOIN #JCMovedDate jc             ON jc.App_Id = a.App_Id           /*=========================================================           GET ONE ACTIVE JC OFFICER FOR THE ZONE         =========================================================*/          OUTER APPLY         (             SELECT TOP 1                 ofc.Ofcr_Name,                 ofc.Ofcr_Id              FROM masterDB_prod.dbo.mst_officer ofc              WHERE                 ofc.Ofcr_ZoneId = a.MD_ZoneId                 AND ofc.Ofcr_RoleId = 125                 AND ofc.Ofcr_Active = 1                 AND ofc.Ofcr_Id NOT IN (65, 11240, 11241)              ORDER BY                 ofc.Ofcr_Id          ) jcOfficer           WHERE          /*=========================================================           1. MUST HAVE AT LEAST ONE ROAD         =========================================================*/          EXISTS         (             SELECT 1              FROM dbo.BtoA_SiteRoadDetails_Officer r              WHERE r.BtoA_MainAppId = a.App_Id         )           /*=========================================================           2. ALL ROADS MUST BE PUBLIC         =========================================================*/          AND NOT EXISTS         (             SELECT 1              FROM dbo.BtoA_SiteRoadDetails_Officer r              WHERE r.BtoA_MainAppId = a.App_Id              AND             (                 r.BtoA_RoadType IS NULL                 OR LTRIM(RTRIM(r.BtoA_RoadType)) = ''                 OR LOWER(LTRIM(RTRIM(r.BtoA_RoadType))) <> 'public'             )         )           /*=========================================================           3. EVERY ROAD MUST MATCH KSRAC         =========================================================*/          AND NOT EXISTS         (             SELECT 1              FROM dbo.BtoA_SiteRoadDetails_Officer r              WHERE r.BtoA_MainAppId = a.App_Id              AND NOT EXISTS             (                 SELECT 1                  FROM masterDB_prod.dbo.mst_AROMapping aro                  INNER JOIN masterDB_prod.dbo.MstRoadKSRAC k                     ON k.GBAZONEID = aro.GBAZONEID                     AND k.BBMPWardId = aro.BBMPWardId                     AND k.Road_Active = 1                  WHERE                     aro.GBAZONEID = a.MD_ZoneId                     AND aro.BBMPWardId = a.MD_WardId                     AND aro.BBMPStreetId = a.MD_StreetId                     AND aro.easthiULBNAME_CorpId = a.GBAId                     AND k.GuidanceValueSqMt IS NOT NULL                     AND k.Road_ID = r.BtoA_RoadId                     AND LTRIM(RTRIM(k.Road_Name))                         = LTRIM(RTRIM(r.BtoA_RoadName))             )         )           /*=========================================================           4. EXCLUDE GOVERNMENT PROPERTY         =========================================================*/          AND ISNULL(a.Ofcr_IsGovtProperty, 0) = 0           /*=========================================================           5. EXCLUDE GOOGLE GOVERNMENT PROPERTY         =========================================================*/          AND NOT EXISTS         (             SELECT 1              FROM dbo.BtoA_SiteDtls s              WHERE s.Site_App_Id = a.App_Id              AND ISNULL(s.GooglePropertyType, '') = 'govt'         )           /*=========================================================           PREVENT DUPLICATE INSERTS         =========================================================*/          AND NOT EXISTS         (             SELECT 1             FROM dbo.JC_Auto_Approved_SPA_Applications j              WHERE j.ApplicationDisplayID = a.App_DisplayId               AND ISNULL(j.MotherEPID, '') = ISNULL(a.App_MotherEPID, '')         );  ",,
19-09-2026 14:34,INFRA\bbmpuser2,INFRA\bbmpuser2,KhataBtoA_prod,BBMP-DB-VP14,Microsoft SQL Server Management Studio - Query,94," DROP TABLE IF EXISTS #Apps;         DROP TABLE IF EXISTS #JCMovedDate;           /*=========================================================           STEP 1 : GET BASE ELIGIBLE APPLICATIONS         =========================================================*/          SELECT             a.App_Id,             a.App_DisplayId,             a.App_Status,             a.GBA,             a.GBAId,             a.App_MotherEPID,             a.App_Source,              ofi.BtoA_RoadId,             ofi.BtoA_RoadName,              ksr.Road_ID,             ksr.Road_Name,             ksr.GuidanceValueSqMt,              /* EPID Metadata */             b.MD_Zonename,             b.MD_WardName,             b.MD_SiteArea,             b.MD_ZoneId,             b.MD_WardId,             b.MD_StreetId,              /* Officer Details */             o.Ofcr_IsGovtProperty,             o.Ofcr_CorrectedPropertyUseTypeValue,             o.Ofcr_CorrectedPropertyUseTypeId,             o.Ofcr_RoadFacingSides,             o.KSRSACMasterPlanLandUseType          INTO #Apps          FROM dbo.BtoAMainApp a          INNER JOIN dbo.BtoA_EPIDMetaData b             ON b.MD_APP_ID = a.App_Id          INNER JOIN         (             SELECT                 Ofcr_BtoA_MainAppId,                 Ofcr_IsGovtProperty,                 Ofcr_CorrectedPropertyUseTypeValue,                 Ofcr_CorrectedPropertyUseTypeId,                 Ofcr_RoadFacingSides,                 ResidentialPlotareaAfterRoadWideninginSqmt,                 CommercialPlotareaAfterRoadWideninginSqmt,                 IndustrialPlotareaAfterRoadWideninginSqmt,                 KSRSACMasterPlanLandUseType             FROM dbo.BtoA_MainApp_Officer         ) o             ON o.Ofcr_BtoA_MainAppId = a.App_Id          INNER JOIN dbo.BtoA_SiteRoadDetails_Officer ofi             ON ofi.BtoA_MainAppId = a.App_Id          INNER JOIN masterDB_prod.dbo.MstRoadKSRAC ksr             ON ofi.BtoA_RoadId = ksr.Road_ID          /* JC Officer eligibility */         INNER JOIN masterDB_prod.dbo.mst_officer ofc             ON b.MD_ZoneId = ofc.Ofcr_ZoneId          WHERE             a.App_Active = 1             AND a.App_Status in (14,1000)             AND ofc.Ofcr_RoleId = 125             AND ofc.Ofcr_Active = 1             AND a.App_Source = 'newkhata'             AND b.MD_SiteArea >= 50             AND b.MD_SiteArea <= 1000             AND ISNULL(ofi.IsRMPPropersed, 'N') = 'N'             AND ksr.GuidanceValueSqMt IS NOT NULL 			AND a.App_JCMovedDate is not null             AND a.App_JCMovedDate < DATEADD(DAY, -13, CAST(GETDATE() AS DATE))             AND ofc.Ofcr_Id NOT IN (65, 11240, 11241) 			AND ISNULL(a.IsApp_MasterPlanMismatch, 0) = 0             AND ISNULL(a.IsApp_PropertyVerificationRequired, 0) = 0          /*=========================================================           ROAD-WIDENING AREA VALIDATION         =========================================================*/          AND         (             /* Commercial */             (                 o.Ofcr_CorrectedPropertyUseTypeId = 1                 AND ISNULL(o.CommercialPlotareaAfterRoadWideninginSqmt, 0) > 5             )              OR              /* Residential */             (                 o.Ofcr_CorrectedPropertyUseTypeId = 2                 AND ISNULL(o.ResidentialPlotareaAfterRoadWideninginSqmt, 0) > 5             )              OR              /* Mixed - BOTH areas must be greater than 5 */             (                 o.Ofcr_CorrectedPropertyUseTypeId = 3                 AND ISNULL(o.CommercialPlotareaAfterRoadWideninginSqmt, 0) > 5                 AND ISNULL(o.ResidentialPlotareaAfterRoadWideninginSqmt, 0) > 5             )              OR              /* Industrial */             (                 o.Ofcr_CorrectedPropertyUseTypeId = 4                 AND ISNULL(o.IndustrialPlotareaAfterRoadWideninginSqmt, 0) > 5             )         )          /*=========================================================           PROPERTY USE TYPE VS MASTER PLAN VALIDATION         =========================================================*/          AND         (             /* Residential -> ONLY Residential */             (                 o.Ofcr_CorrectedPropertyUseTypeValue = 'Residential'                 AND o.KSRSACMasterPlanLandUseType = 'Residential'             )              OR              /* Commercial -> Residential OR Commercial */             (                 o.Ofcr_CorrectedPropertyUseTypeValue = 'Commercial'                 AND o.KSRSACMasterPlanLandUseType IN                     ('Residential', 'Commercial')             )              OR              /* Industrial -> Residential OR Industrial */             (                 o.Ofcr_CorrectedPropertyUseTypeValue = 'Industrial'                 AND o.KSRSACMasterPlanLandUseType IN                     ('Residential', 'Industrial')             )              OR              /* Mixed -> Residential OR Commercial */             (                 o.Ofcr_CorrectedPropertyUseTypeValue = 'Mixed'                 AND o.KSRSACMasterPlanLandUseType IN                     ('Residential', 'Commercial')             )         );           /*=========================================================           INDEX TEMP TABLE         =========================================================*/          CREATE CLUSTERED INDEX IX_Apps_AppId         ON #Apps(App_Id);           /*=========================================================           STEP 2 : GET LATEST JC MOVED DATE         =========================================================*/          SELECT             s.Sts_MainAppId AS App_Id,             MAX(s.Udt) AS App_JCMovedDate          INTO #JCMovedDate          FROM dbo.BtoA_Status_Master_Tran s          INNER JOIN #Apps a             ON a.App_Id = s.Sts_MainAppId          WHERE             s.Sts_MainAppStatus in (14,1000)          GROUP BY             s.Sts_MainAppId          HAVING             MAX(s.Udt) < DATEADD(DAY, -13, CAST(GETDATE() AS DATE));           /*=========================================================           INDEX JC TEMP TABLE         =========================================================*/          CREATE UNIQUE CLUSTERED INDEX IX_JCMovedDate_AppId         ON #JCMovedDate(App_Id);           /*=========================================================           STEP 3 : INSERT ONLY NEW ELIGIBLE APPLICATIONS            ApplicationDisplayID already existing in target table           will NOT be inserted.         =========================================================*/          INSERT INTO dbo.JC_Auto_Approved_SPA_Applications         (             ApplicationDisplayID,             MotherEPID,             Application_Status,             Corporation,             Zone,             Ward,             IsGovtProperty,             BtoA_RoadId,             BtoA_RoadName,             Road_ID,             Road_Name,             GuidanceValueSqMt,             PropertyUseType,             Application_JCMovedDate,             Application_type,             BtoA_RoadType,             IsMasterPlanMismatch,             SiteArea,             JC_Pending_Days,             CreatedDate,             OfficerName,             IsAutoApprovedManually         )          SELECT DISTINCT              a.App_DisplayId AS ApplicationDisplayID,              a.App_MotherEPID AS MotherEPID,              CASE                 WHEN a.App_Status  in (14,1000)                 THEN 'Pending with JC'                 ELSE ''             END AS Application_Status,              a.GBA AS Corporation,              a.MD_Zonename AS Zone,              a.MD_WardName AS Ward,              CASE                 WHEN ISNULL(a.Ofcr_IsGovtProperty, 0) = 0                 THEN 'NO'             END AS IsGovtProperty,              a.BtoA_RoadId,              a.BtoA_RoadName,              a.Road_ID,              a.Road_Name,              a.GuidanceValueSqMt,              a.Ofcr_CorrectedPropertyUseTypeValue AS PropertyUseType,              jc.App_JCMovedDate AS Application_JCMovedDate,              CASE                 WHEN a.App_Source <> 'newkhata'                 THEN 'B2A'             END AS Application_type,              'public' AS BtoA_RoadType,              'No' AS IsMasterPlanMismatch,              a.MD_SiteArea AS SiteArea,              DATEDIFF             (                 DAY,                 CAST(jc.App_JCMovedDate AS DATE),                 CAST(GETDATE() AS DATE)             ) AS JC_Pending_Days,              GETDATE() AS CreatedDate,              jcOfficer.Ofcr_Name AS OfficerName,              0 AS IsAutoApprovedManually          FROM #Apps a          INNER JOIN #JCMovedDate jc             ON jc.App_Id = a.App_Id           /*=========================================================           GET ONE ACTIVE JC OFFICER FOR THE ZONE         =========================================================*/          OUTER APPLY         (             SELECT TOP 1                 ofc.Ofcr_Name,                 ofc.Ofcr_Id              FROM masterDB_prod.dbo.mst_officer ofc              WHERE                 ofc.Ofcr_ZoneId = a.MD_ZoneId                 AND ofc.Ofcr_RoleId = 125                 AND ofc.Ofcr_Active = 1                 AND ofc.Ofcr_Id NOT IN (65, 11240, 11241)              ORDER BY                 ofc.Ofcr_Id          ) jcOfficer           WHERE          /*=========================================================           1. MUST HAVE AT LEAST ONE ROAD         =========================================================*/          EXISTS         (             SELECT 1              FROM dbo.BtoA_SiteRoadDetails_Officer r              WHERE r.BtoA_MainAppId = a.App_Id         )           /*=========================================================           2. ALL ROADS MUST BE PUBLIC         =========================================================*/          AND NOT EXISTS         (             SELECT 1              FROM dbo.BtoA_SiteRoadDetails_Officer r              WHERE r.BtoA_MainAppId = a.App_Id              AND             (                 r.BtoA_RoadType IS NULL                 OR LTRIM(RTRIM(r.BtoA_RoadType)) = ''                 OR LOWER(LTRIM(RTRIM(r.BtoA_RoadType))) <> 'public'             )         )           /*=========================================================           3. EVERY ROAD MUST MATCH KSRAC         =========================================================*/          AND NOT EXISTS         (             SELECT 1              FROM dbo.BtoA_SiteRoadDetails_Officer r              WHERE r.BtoA_MainAppId = a.App_Id              AND NOT EXISTS             (                 SELECT 1                  FROM masterDB_prod.dbo.mst_AROMapping aro                  INNER JOIN masterDB_prod.dbo.MstRoadKSRAC k                     ON k.GBAZONEID = aro.GBAZONEID                     AND k.BBMPWardId = aro.BBMPWardId                     AND k.Road_Active = 1                  WHERE                     aro.GBAZONEID = a.MD_ZoneId                     AND aro.BBMPWardId = a.MD_WardId                     AND aro.BBMPStreetId = a.MD_StreetId                     AND aro.easthiULBNAME_CorpId = a.GBAId                     AND k.GuidanceValueSqMt IS NOT NULL                     AND k.Road_ID = r.BtoA_RoadId                     AND LTRIM(RTRIM(k.Road_Name))                         = LTRIM(RTRIM(r.BtoA_RoadName))             )         )           /*=========================================================           4. EXCLUDE GOVERNMENT PROPERTY         =========================================================*/          AND ISNULL(a.Ofcr_IsGovtProperty, 0) = 0           /*=========================================================           5. EXCLUDE GOOGLE GOVERNMENT PROPERTY         =========================================================*/          AND NOT EXISTS         (             SELECT 1              FROM dbo.BtoA_SiteDtls s              WHERE s.Site_App_Id = a.App_Id              AND ISNULL(s.GooglePropertyType, '') = 'govt'         )           /*=========================================================           PREVENT DUPLICATE INSERTS         =========================================================*/          AND NOT EXISTS         (             SELECT 1             FROM dbo.JC_Auto_Approved_SPA_Applications j              WHERE j.ApplicationDisplayID = a.App_DisplayId               AND ISNULL(j.MotherEPID, '') = ISNULL(a.App_MotherEPID, '')         );  ",,
19-09-2026 14:34,INFRA\bbmpuser2,INFRA\bbmpuser2,KhataBtoA_prod,BBMP-DB-VP14,Microsoft SQL Server Management Studio - Query,94," DROP TABLE IF EXISTS #Apps;         DROP TABLE IF EXISTS #JCMovedDate;           /*=========================================================           STEP 1 : GET BASE ELIGIBLE APPLICATIONS         =========================================================*/          SELECT             a.App_Id,             a.App_DisplayId,             a.App_Status,             a.GBA,             a.GBAId,             a.App_MotherEPID,             a.App_Source,              ofi.BtoA_RoadId,             ofi.BtoA_RoadName,              ksr.Road_ID,             ksr.Road_Name,             ksr.GuidanceValueSqMt,              /* EPID Metadata */             b.MD_Zonename,             b.MD_WardName,             b.MD_SiteArea,             b.MD_ZoneId,             b.MD_WardId,             b.MD_StreetId,              /* Officer Details */             o.Ofcr_IsGovtProperty,             o.Ofcr_CorrectedPropertyUseTypeValue,             o.Ofcr_CorrectedPropertyUseTypeId,             o.Ofcr_RoadFacingSides,             o.KSRSACMasterPlanLandUseType          INTO #Apps          FROM dbo.BtoAMainApp a          INNER JOIN dbo.BtoA_EPIDMetaData b             ON b.MD_APP_ID = a.App_Id          INNER JOIN         (             SELECT                 Ofcr_BtoA_MainAppId,                 Ofcr_IsGovtProperty,                 Ofcr_CorrectedPropertyUseTypeValue,                 Ofcr_CorrectedPropertyUseTypeId,                 Ofcr_RoadFacingSides,                 ResidentialPlotareaAfterRoadWideninginSqmt,                 CommercialPlotareaAfterRoadWideninginSqmt,                 IndustrialPlotareaAfterRoadWideninginSqmt,                 KSRSACMasterPlanLandUseType             FROM dbo.BtoA_MainApp_Officer         ) o             ON o.Ofcr_BtoA_MainAppId = a.App_Id          INNER JOIN dbo.BtoA_SiteRoadDetails_Officer ofi             ON ofi.BtoA_MainAppId = a.App_Id          INNER JOIN masterDB_prod.dbo.MstRoadKSRAC ksr             ON ofi.BtoA_RoadId = ksr.Road_ID          /* JC Officer eligibility */         INNER JOIN masterDB_prod.dbo.mst_officer ofc             ON b.MD_ZoneId = ofc.Ofcr_ZoneId          WHERE             a.App_Active = 1             AND a.App_Status in (14,1000)             AND ofc.Ofcr_RoleId = 125             AND ofc.Ofcr_Active = 1             AND a.App_Source = 'newkhata'             AND b.MD_SiteArea >= 50             AND b.MD_SiteArea <= 1000             AND ISNULL(ofi.IsRMPPropersed, 'N') = 'N'             AND ksr.GuidanceValueSqMt IS NOT NULL 			AND a.App_JCMovedDate is not null             AND a.App_JCMovedDate < DATEADD(DAY, -13, CAST(GETDATE() AS DATE))             AND ofc.Ofcr_Id NOT IN (65, 11240, 11241) 			AND ISNULL(a.IsApp_MasterPlanMismatch, 0) = 0             AND ISNULL(a.IsApp_PropertyVerificationRequired, 0) = 0          /*=========================================================           ROAD-WIDENING AREA VALIDATION         =========================================================*/          AND         (             /* Commercial */             (                 o.Ofcr_CorrectedPropertyUseTypeId = 1                 AND ISNULL(o.CommercialPlotareaAfterRoadWideninginSqmt, 0) > 5             )              OR              /* Residential */             (                 o.Ofcr_CorrectedPropertyUseTypeId = 2                 AND ISNULL(o.ResidentialPlotareaAfterRoadWideninginSqmt, 0) > 5             )              OR              /* Mixed - BOTH areas must be greater than 5 */             (                 o.Ofcr_CorrectedPropertyUseTypeId = 3                 AND ISNULL(o.CommercialPlotareaAfterRoadWideninginSqmt, 0) > 5                 AND ISNULL(o.ResidentialPlotareaAfterRoadWideninginSqmt, 0) > 5             )              OR              /* Industrial */             (                 o.Ofcr_CorrectedPropertyUseTypeId = 4                 AND ISNULL(o.IndustrialPlotareaAfterRoadWideninginSqmt, 0) > 5             )         )          /*=========================================================           PROPERTY USE TYPE VS MASTER PLAN VALIDATION         =========================================================*/          AND         (             /* Residential -> ONLY Residential */             (                 o.Ofcr_CorrectedPropertyUseTypeValue = 'Residential'                 AND o.KSRSACMasterPlanLandUseType = 'Residential'             )              OR              /* Commercial -> Residential OR Commercial */             (                 o.Ofcr_CorrectedPropertyUseTypeValue = 'Commercial'                 AND o.KSRSACMasterPlanLandUseType IN                     ('Residential', 'Commercial')             )              OR              /* Industrial -> Residential OR Industrial */             (                 o.Ofcr_CorrectedPropertyUseTypeValue = 'Industrial'                 AND o.KSRSACMasterPlanLandUseType IN                     ('Residential', 'Industrial')             )              OR              /* Mixed -> Residential OR Commercial */             (                 o.Ofcr_CorrectedPropertyUseTypeValue = 'Mixed'                 AND o.KSRSACMasterPlanLandUseType IN                     ('Residential', 'Commercial')             )         );           /*=========================================================           INDEX TEMP TABLE         =========================================================*/          CREATE CLUSTERED INDEX IX_Apps_AppId         ON #Apps(App_Id);           /*=========================================================           STEP 2 : GET LATEST JC MOVED DATE         =========================================================*/          SELECT             s.Sts_MainAppId AS App_Id,             MAX(s.Udt) AS App_JCMovedDate          INTO #JCMovedDate          FROM dbo.BtoA_Status_Master_Tran s          INNER JOIN #Apps a             ON a.App_Id = s.Sts_MainAppId          WHERE             s.Sts_MainAppStatus in (14,1000)          GROUP BY             s.Sts_MainAppId          HAVING             MAX(s.Udt) < DATEADD(DAY, -13, CAST(GETDATE() AS DATE));           /*=========================================================           INDEX JC TEMP TABLE         =========================================================*/          CREATE UNIQUE CLUSTERED INDEX IX_JCMovedDate_AppId         ON #JCMovedDate(App_Id);           /*=========================================================           STEP 3 : INSERT ONLY NEW ELIGIBLE APPLICATIONS            ApplicationDisplayID already existing in target table           will NOT be inserted.         =========================================================*/          INSERT INTO dbo.JC_Auto_Approved_SPA_Applications         (             ApplicationDisplayID,             MotherEPID,             Application_Status,             Corporation,             Zone,             Ward,             IsGovtProperty,             BtoA_RoadId,             BtoA_RoadName,             Road_ID,             Road_Name,             GuidanceValueSqMt,             PropertyUseType,             Application_JCMovedDate,             Application_type,             BtoA_RoadType,             IsMasterPlanMismatch,             SiteArea,             JC_Pending_Days,             CreatedDate,             OfficerName,             IsAutoApprovedManually         )          SELECT DISTINCT              a.App_DisplayId AS ApplicationDisplayID,              a.App_MotherEPID AS MotherEPID,              CASE                 WHEN a.App_Status  in (14,1000)                 THEN 'Pending with JC'                 ELSE ''             END AS Application_Status,              a.GBA AS Corporation,              a.MD_Zonename AS Zone,              a.MD_WardName AS Ward,              CASE                 WHEN ISNULL(a.Ofcr_IsGovtProperty, 0) = 0                 THEN 'NO'             END AS IsGovtProperty,              a.BtoA_RoadId,              a.BtoA_RoadName,              a.Road_ID,              a.Road_Name,              a.GuidanceValueSqMt,              a.Ofcr_CorrectedPropertyUseTypeValue AS PropertyUseType,              jc.App_JCMovedDate AS Application_JCMovedDate,              CASE                 WHEN a.App_Source <> 'newkhata'                 THEN 'B2A'             END AS Application_type,              'public' AS BtoA_RoadType,              'No' AS IsMasterPlanMismatch,              a.MD_SiteArea AS SiteArea,              DATEDIFF             (                 DAY,                 CAST(jc.App_JCMovedDate AS DATE),                 CAST(GETDATE() AS DATE)             ) AS JC_Pending_Days,              GETDATE() AS CreatedDate,              jcOfficer.Ofcr_Name AS OfficerName,              0 AS IsAutoApprovedManually          FROM #Apps a          INNER JOIN #JCMovedDate jc             ON jc.App_Id = a.App_Id           /*=========================================================           GET ONE ACTIVE JC OFFICER FOR THE ZONE         =========================================================*/          OUTER APPLY         (             SELECT TOP 1                 ofc.Ofcr_Name,                 ofc.Ofcr_Id              FROM masterDB_prod.dbo.mst_officer ofc              WHERE                 ofc.Ofcr_ZoneId = a.MD_ZoneId                 AND ofc.Ofcr_RoleId = 125                 AND ofc.Ofcr_Active = 1                 AND ofc.Ofcr_Id NOT IN (65, 11240, 11241)              ORDER BY                 ofc.Ofcr_Id          ) jcOfficer           WHERE          /*=========================================================           1. MUST HAVE AT LEAST ONE ROAD         =========================================================*/          EXISTS         (             SELECT 1              FROM dbo.BtoA_SiteRoadDetails_Officer r              WHERE r.BtoA_MainAppId = a.App_Id         )           /*=========================================================           2. ALL ROADS MUST BE PUBLIC         =========================================================*/          AND NOT EXISTS         (             SELECT 1              FROM dbo.BtoA_SiteRoadDetails_Officer r              WHERE r.BtoA_MainAppId = a.App_Id              AND             (                 r.BtoA_RoadType IS NULL                 OR LTRIM(RTRIM(r.BtoA_RoadType)) = ''                 OR LOWER(LTRIM(RTRIM(r.BtoA_RoadType))) <> 'public'             )         )           /*=========================================================           3. EVERY ROAD MUST MATCH KSRAC         =========================================================*/          AND NOT EXISTS         (             SELECT 1              FROM dbo.BtoA_SiteRoadDetails_Officer r              WHERE r.BtoA_MainAppId = a.App_Id              AND NOT EXISTS             (                 SELECT 1                  FROM masterDB_prod.dbo.mst_AROMapping aro                  INNER JOIN masterDB_prod.dbo.MstRoadKSRAC k                     ON k.GBAZONEID = aro.GBAZONEID                     AND k.BBMPWardId = aro.BBMPWardId                     AND k.Road_Active = 1                  WHERE                     aro.GBAZONEID = a.MD_ZoneId                     AND aro.BBMPWardId = a.MD_WardId                     AND aro.BBMPStreetId = a.MD_StreetId                     AND aro.easthiULBNAME_CorpId = a.GBAId                     AND k.GuidanceValueSqMt IS NOT NULL                     AND k.Road_ID = r.BtoA_RoadId                     AND LTRIM(RTRIM(k.Road_Name))                         = LTRIM(RTRIM(r.BtoA_RoadName))             )         )           /*=========================================================           4. EXCLUDE GOVERNMENT PROPERTY         =========================================================*/          AND ISNULL(a.Ofcr_IsGovtProperty, 0) = 0           /*=========================================================           5. EXCLUDE GOOGLE GOVERNMENT PROPERTY         =========================================================*/          AND NOT EXISTS         (             SELECT 1              FROM dbo.BtoA_SiteDtls s              WHERE s.Site_App_Id = a.App_Id              AND ISNULL(s.GooglePropertyType, '') = 'govt'         )           /*=========================================================           PREVENT DUPLICATE INSERTS         =========================================================*/          AND NOT EXISTS         (             SELECT 1             FROM dbo.JC_Auto_Approved_SPA_Applications j              WHERE j.ApplicationDisplayID = a.App_DisplayId               AND ISNULL(j.MotherEPID, '') = ISNULL(a.App_MotherEPID, '')         );  ",,
19-09-2026 14:34,INFRA\bbmpuser2,INFRA\bbmpuser2,KhataBtoA_prod,BBMP-DB-VP14,Microsoft SQL Server Management Studio - Query,91,"UPDATE b 		SET  		    b.IsAutoApprovedManually = 1 		FROM dbo.JC_Auto_Approved_B2A_Applications b 		INNER JOIN dbo.BtoAMainApp a 		    ON a.App_DisplayId = b.ApplicationDisplayID 		    AND ISNULL(a.App_MotherEPID, '') = ISNULL(b.MotherEPID, '') 		WHERE  		ISNULL(b.IsAutoApprovedManually, 0) = 0 		AND b.CreatedDate >= CAST(GETDATE() AS DATE) 		AND b.CreatedDate < DATEADD(DAY, 1, CAST(GETDATE() AS DATE)) 		AND a.App_Status = 150 		AND ISNULL(a.IsApp_JCAutoApproved, 0) = 1 and a.App_Source<>'newkhata' 		 and isnull(a.IsApp_PropertyVerificationRequired,0)=0 and isnull(a.IsApp_MasterPlanMismatch,0)=0; ",,
19-09-2026 14:34,INFRA\bbmpuser2,INFRA\bbmpuser2,KhataBtoA_prod,BBMP-DB-VP14,Microsoft SQL Server Management Studio - Query,91,"UPDATE a         SET             a.IsApp_JCAutoApproved = 1,             a.App_JCApprovedDate = GETDATE(),             a.App_AdditionalInfo =  'The application is auto-approved in JC Login',             a.App_Status = 150,             a.App_UDte = GETDATE()          FROM dbo.BtoAMainApp a          INNER JOIN dbo.JC_Auto_Approved_B2A_Applications b             ON b.ApplicationDisplayID = a.App_DisplayId             AND ISNULL(b.MotherEPID, '') =                 ISNULL(a.App_MotherEPID, '')          WHERE             a.App_Status = 14 and a.App_Source<>'newkhata'  and  			isnull(a.IsApp_PropertyVerificationRequired,0)=0 and isnull(a.IsApp_MasterPlanMismatch,0)=0; ",,
19-09-2026 14:34,INFRA\bbmpuser2,INFRA\bbmpuser2,KhataBtoA_prod,BBMP-DB-VP14,Microsoft SQL Server Management Studio - Query,91," UPDATE s         SET             s.Sts_PrevStatusId = s.Sts_MainAppStatus,             s.Sts_MainAppStatus = 150,             s.Sts_CurrStatusId = 150,             s.Udt = GETDATE(),             s.Sts_comments = 'The application is auto-approved in JC Login',             s.Sts_PrevOfficerRoleId = s.Sts_CurrOfficerRoleId,             s.Sts_CurrOfficerRoleId = 125,             s.Sts_PrevOfficerId = s.Sts_CurrOfficerId          FROM dbo.BtoA_Status_Master_Tran s          INNER JOIN dbo.BtoAMainApp a             ON a.App_Id = s.Sts_MainAppId          INNER JOIN dbo.JC_Auto_Approved_B2A_Applications b             ON b.ApplicationDisplayID = a.App_DisplayId             AND ISNULL(b.MotherEPID, '') = ISNULL(a.App_MotherEPID, '')          WHERE             s.Sts_MainAppStatus = 14 and a.App_Source<>'newkhata' and  			isnull(a.IsApp_PropertyVerificationRequired,0)=0 and isnull(a.IsApp_MasterPlanMismatch,0)=0; ",,
19-09-2026 14:28,INFRA\bbmpuser2,INFRA\bbmpuser2,KhataBtoA_prod,BBMP-DB-VP14,Microsoft SQL Server Management Studio - Query,96," UPDATE a set a.Sts_MainAppStatus=14,a.Sts_CurrStatusId=14,a.Sts_PrevStatusId=13, a.Sts_comments='Moved back to JC' from BtoA_Status_Master_Tran a where a.Sts_MainAppId in (81604);",,
19-09-2026 14:28,INFRA\bbmpuser2,INFRA\bbmpuser2,KhataBtoA_prod,BBMP-DB-VP14,Microsoft SQL Server Management Studio - Query,96," UPDATE a set a.App_Status=14, a.App_AdditionalInfo='EMAIL : Reverted back to JC pending stage as directed Department',a.App_UDte=getdate(), a.App_UBy=1  from BtoAMainApp a  where a.App_MotherEPID in ('2746688391') and a.App_Id in (81604);",,
19-09-2026 13:32,INFRA\bbmpuser2,INFRA\bbmpuser2,KhataBtoA_prod,BBMP-DB-VP14,Microsoft SQL Server Management Studio - Query,104,"ALTER PROC [dbo].[USP_U_QC_TO_BTOA_SCH] AS BEGIN    SET XACT_ABORT ON;    BEGIN TRY       BEGIN TRAN;           ------------------------------------------------------------          -- 1. Update Site Road Details          ------------------------------------------------------------           UPDATE ff          SET             TotalPlotArea                   = JSON_VALUE(d.MD_JSON, '$.SiteDetails.SiteArea'),             PlotRMPWidnedAreainSqmt         = 0                                              ,             PlotareaAfterRoadWideninginSqmt = JSON_VALUE(d.MD_JSON, '$.SiteDetails.SiteArea'),             ArchitectRemarks                = 'By Schedular Moved to Joint Commissioner'     ,             UDte                            = GETDATE()          FROM BtoA_SiteRoadDetails_Officer ff          INNER JOIN (select Ofcr_BtoA_MainAppId from  BtoA_MainApp_Officer) a ON ff.BtoA_MainAppId = a.Ofcr_BtoA_MainAppId          INNER JOIN BtoAMainApp b ON a.Ofcr_BtoA_MainAppId = b.App_Id          INNER JOIN BtoA_Gps_ArchitectDetails_Officer c on b.App_Id=c.App_Id          inner join BtoA_EPIDMetaData d on ff.BtoA_MainAppId=d.MD_APP_ID          WHERE b.App_Status IN (13,15,16,18) and b.App_Active=1 and ISNULL(c.RoadWideningProposedInRmp,0)= 0  		 and  b.App_Id not in(8105,16380,26190,44989,11887) and  		 TotalPlotArea<>JSON_VALUE(d.MD_JSON, '$.SiteDetails.SiteArea');            ------------------------------------------------------------          -- 2. Update Plot Areas          ------------------------------------------------------------           UPDATE a          SET             ResidentialPlotareaAfterRoadWideninginSqmt =             CASE                WHEN                   Ofcr_CorrectedPropertyUseTypeValue = 'Residential'                THEN ISNULL(Ofcr_CorrectedResidentialArea,0)                WHEN                   Ofcr_CorrectedPropertyUseTypeValue = 'Mixed'                THEN ISNULL(Ofcr_CorrectedResidentialArea,0)                ELSE Ofcr_CorrectedResidentialArea             END,             CommercialPlotareaAfterRoadWideninginSqmt =             CASE                WHEN                   Ofcr_CorrectedPropertyUseTypeValue = 'Commercial'                THEN ISNULL(Ofcr_CorrectedCommercialArea,0)                WHEN                   Ofcr_CorrectedPropertyUseTypeValue = 'Mixed'                THEN ISNULL(Ofcr_CorrectedCommercialArea,0)                ELSE Ofcr_CorrectedCommercialArea             END,             IndustrialPlotareaAfterRoadWideninginSqmt =             CASE                WHEN                   Ofcr_CorrectedPropertyUseTypeValue = 'Industrial'                THEN ISNULL(Ofcr_Corrected_IndustrialArea,0)                ELSE Ofcr_Corrected_IndustrialArea             END          FROM BtoA_MainApp_Officer a          inner join BtoAMainApp b on a.Ofcr_BtoA_MainAppId=b.App_Id          WHERE Ofcr_CorrectedPropertyUseTypeValue IN ('Residential','Commercial','Industrial','Mixed')          AND Ofcr_CorrectedPropertyUseTypeId in (1,2,3,4)          AND b.App_Status IN (13,15,16,18) and  b.App_Id not in(8105,16380,26190,44989,11887)          and b.App_Active=1; 		 --and App_Id=860;            --------------------------------------------------------------          ---- 3. Update Property Verification Required          --------------------------------------------------------------          UPDATE             a          SET             IsApp_PropertyVerificationRequired = 1          FROM BtoAMainApp a          INNER JOIN             BtoA_MainApp_Officer o          ON             a.App_Id = o.Ofcr_BtoA_MainAppId          INNER JOIN             [BtoA_SiteDtls] s          ON             a.App_Id        = s.Site_App_Id          WHERE a.App_Active = 1          AND a.App_Status IN (12,13,16,18,15,1000,1110)          AND (                isnull(o.Ofcr_IsGovtProperty,0)   = 1                OR s.GooglePropertyType = 'govt')          and isnull(a.App_PropertyVerified,0)=0 and isnull(IsApp_PropertyVerificationRequired,0)=0          and a.App_Active=1;          --------------------------------------------------------------          ---- 4. Update Master Plan Mismatch Flag          --------------------------------------------------------------  		UPDATE BA 		SET IsApp_MasterPlanMismatch = 			CASE 				-- Missing values 				WHEN ISNULL(MO.Ofcr_CorrectedPropertyUseTypeValue, '') = '' 				  OR ISNULL(MO.KSRSACMasterPlanLandUseType, '') = '' 				THEN 1  				-- Valid combinations 				WHEN 					( 						MO.Ofcr_CorrectedPropertyUseTypeValue = 'Residential' 						AND MO.KSRSACMasterPlanLandUseType = 'Residential' 					) 					OR 					( 						MO.Ofcr_CorrectedPropertyUseTypeValue = 'Commercial' 						AND MO.KSRSACMasterPlanLandUseType IN 							('Residential', 'Commercial') 					) 					OR 					( 						MO.Ofcr_CorrectedPropertyUseTypeValue = 'Industrial' 						AND MO.KSRSACMasterPlanLandUseType IN 							('Residential', 'Industrial') 					) 					OR 					( 						MO.Ofcr_CorrectedPropertyUseTypeValue = 'Mixed' 						AND MO.KSRSACMasterPlanLandUseType IN 							('Residential', 'Commercial') 					) 				THEN 0  				-- All other combinations 				ELSE 1 			END 		FROM BtoAMainApp BA 		INNER JOIN (select KSRSACMasterPlanLandUseType,Ofcr_CorrectedPropertyUseTypeValue, Ofcr_BtoA_MainAppID from BtoA_MainApp_Officer) MO 			ON BA.App_Id = MO.Ofcr_BtoA_MainAppId 		WHERE BA.App_Active = 1 		  AND BA.App_Status IN (12, 13,15, 16, 18,1000,1110) 		  AND ISNULL(BA.App_MasterPlanMismatchVerified, 0) = 0;            ------------------------------------------------------------          -- 5. Update Status Transaction(BtoA)          ------------------------------------------------------------          UPDATE             ff          SET             Sts_PrevStatusId  = Sts_MainAppStatus,             Sts_CurrStatusId  = 14,             Sts_MainAppStatus = 14,             Sts_comments = 'By Schedular Moved to JC',             Udt = GETDATE()          FROM BtoA_Status_Master_Tran ff          INNER JOIN (select Ofcr_BtoA_MainAppId from BtoA_MainApp_Officer) a ON ff.Sts_MainAppId = a.Ofcr_BtoA_MainAppId          INNER JOIN BtoAMainApp b ON a.Ofcr_BtoA_MainAppId = b.App_Id          WHERE b.App_Status IN (13,15,16,18)          AND isnull(b.App_Source,'') <> 'newkhata'          and b.App_Active = 1;            ------------------------------------------------------------          -- 6. Update Main Application          ------------------------------------------------------------          UPDATE a          SET             App_Status = 14                                        ,             App_AdditionalInfo = 'By Schedular Moved to Joint Commissioner',             App_JCMovedDate =getdate()                                  ,             App_UDte = GETDATE()          FROM BtoAMainApp a          INNER JOIN (select Ofcr_BtoA_MainAppId from BtoA_MainApp_Officer) o ON a.App_Id = o.Ofcr_BtoA_MainAppId          WHERE a.App_Status IN (13,15,16,18) and a.App_Active=1          AND a.App_Source <> 'newkhata';        COMMIT TRAN;    END TRY BEGIN CATCH    ROLLBACK TRAN;    THROW; END CATCH  END  ",,
19-09-2026 13:30,INFRA\bbmpuser2,INFRA\bbmpuser2,KhataBtoA_prod,BBMP-DB-VP14,Microsoft SQL Server Management Studio - Query,104,"ALTER PROC [dbo].[USP_U_QC_TO_BTOA_SCH] AS BEGIN    SET XACT_ABORT ON;    BEGIN TRY       BEGIN TRAN;           ------------------------------------------------------------          -- 1. Update Site Road Details          ------------------------------------------------------------           UPDATE ff          SET             TotalPlotArea                   = JSON_VALUE(d.MD_JSON, '$.SiteDetails.SiteArea'),             PlotRMPWidnedAreainSqmt         = 0                                              ,             PlotareaAfterRoadWideninginSqmt = JSON_VALUE(d.MD_JSON, '$.SiteDetails.SiteArea'),             ArchitectRemarks                = 'By Schedular Moved to Joint Commissioner'     ,             UDte                            = GETDATE()          FROM BtoA_SiteRoadDetails_Officer ff          INNER JOIN (select Ofcr_BtoA_MainAppId from  BtoA_MainApp_Officer) a ON ff.BtoA_MainAppId = a.Ofcr_BtoA_MainAppId          INNER JOIN BtoAMainApp b ON a.Ofcr_BtoA_MainAppId = b.App_Id          INNER JOIN BtoA_Gps_ArchitectDetails_Officer c on b.App_Id=c.App_Id          inner join BtoA_EPIDMetaData d on ff.BtoA_MainAppId=d.MD_APP_ID          WHERE b.App_Status IN (13,15,16,18) and b.App_Active=1 and ISNULL(c.RoadWideningProposedInRmp,0)= 0  		 and  b.App_Id not in(8105,16380,26190,44989,11887) and  		 TotalPlotArea<>JSON_VALUE(d.MD_JSON, '$.SiteDetails.SiteArea');            ------------------------------------------------------------          -- 2. Update Plot Areas          ------------------------------------------------------------           UPDATE a          SET             ResidentialPlotareaAfterRoadWideninginSqmt =             CASE                WHEN                   Ofcr_CorrectedPropertyUseTypeValue = 'Residential'                THEN ISNULL(Ofcr_CorrectedResidentialArea,0)                WHEN                   Ofcr_CorrectedPropertyUseTypeValue = 'Mixed'                THEN ISNULL(Ofcr_CorrectedResidentialArea,0)                ELSE Ofcr_CorrectedResidentialArea             END,             CommercialPlotareaAfterRoadWideninginSqmt =             CASE                WHEN                   Ofcr_CorrectedPropertyUseTypeValue = 'Commercial'                THEN ISNULL(Ofcr_CorrectedCommercialArea,0)                WHEN                   Ofcr_CorrectedPropertyUseTypeValue = 'Mixed'                THEN ISNULL(Ofcr_CorrectedCommercialArea,0)                ELSE Ofcr_CorrectedCommercialArea             END,             IndustrialPlotareaAfterRoadWideninginSqmt =             CASE                WHEN                   Ofcr_CorrectedPropertyUseTypeValue = 'Industrial'                THEN ISNULL(Ofcr_Corrected_IndustrialArea,0)                ELSE Ofcr_Corrected_IndustrialArea             END          FROM BtoA_MainApp_Officer a          inner join BtoAMainApp b on a.Ofcr_BtoA_MainAppId=b.App_Id          WHERE Ofcr_CorrectedPropertyUseTypeValue IN ('Residential','Commercial','Industrial','Mixed')          AND Ofcr_CorrectedPropertyUseTypeId in (1,2,3,4)          AND b.App_Status IN (13,15,16,18) and  b.App_Id not in(8105,16380,26190,44989,11887)          and b.App_Active=1; 		 --and App_Id=860;            --------------------------------------------------------------          ---- 3. Update Property Verification Required          --------------------------------------------------------------          UPDATE             a          SET             IsApp_PropertyVerificationRequired = 1          FROM BtoAMainApp a          INNER JOIN             BtoA_MainApp_Officer o          ON             a.App_Id = o.Ofcr_BtoA_MainAppId          INNER JOIN             [BtoA_SiteDtls] s          ON             a.App_Id        = s.Site_App_Id          WHERE a.App_Active = 1          AND a.App_Status IN (12,13,16,18,15,1000,1110)          AND (                isnull(o.Ofcr_IsGovtProperty,0)   = 1                OR s.GooglePropertyType = 'govt')          and isnull(a.App_PropertyVerified,0)=0 and isnull(IsApp_PropertyVerificationRequired,0)=0          and a.App_Active=1;          --------------------------------------------------------------          ---- 4. Update Master Plan Mismatch Flag          --------------------------------------------------------------  		UPDATE BA 		SET IsApp_MasterPlanMismatch = 			CASE 				-- Missing values 				WHEN ISNULL(MO.Ofcr_CorrectedPropertyUseTypeValue, '') = '' 				  OR ISNULL(MO.KSRSACMasterPlanLandUseType, '') = '' 				THEN 1  				-- Valid combinations 				WHEN 					( 						MO.Ofcr_CorrectedPropertyUseTypeValue = 'Residential' 						AND MO.KSRSACMasterPlanLandUseType = 'Residential' 					) 					OR 					( 						MO.Ofcr_CorrectedPropertyUseTypeValue = 'Commercial' 						AND MO.KSRSACMasterPlanLandUseType IN 							('Residential', 'Commercial') 					) 					OR 					( 						MO.Ofcr_CorrectedPropertyUseTypeValue = 'Industrial' 						AND MO.KSRSACMasterPlanLandUseType IN 							('Residential', 'Industrial') 					) 					OR 					( 						MO.Ofcr_CorrectedPropertyUseTypeValue = 'Mixed' 						AND MO.KSRSACMasterPlanLandUseType IN 							('Residential', 'Commercial') 					) 				THEN 0  				-- All other combinations 				ELSE 1 			END 		FROM BtoAMainApp BA 		INNER JOIN (select KSRSACMasterPlanLandUseType,Ofcr_CorrectedPropertyUseTypeValue, Ofcr_BtoA_MainAppID from BtoA_MainApp_Officer) MO 			ON BA.App_Id = MO.Ofcr_BtoA_MainAppId 		WHERE BA.App_Active = 1 		  AND BA.App_Status IN (12, 13, 16, 18,1000,1110) 		  AND ISNULL(BA.App_MasterPlanMismatchVerified, 0) = 0;            ------------------------------------------------------------          -- 5. Update Status Transaction(BtoA)          ------------------------------------------------------------          UPDATE             ff          SET             Sts_PrevStatusId  = Sts_MainAppStatus,             Sts_CurrStatusId  = 14,             Sts_MainAppStatus = 14,             Sts_comments = 'By Schedular Moved to JC',             Udt = GETDATE()          FROM BtoA_Status_Master_Tran ff          INNER JOIN (select Ofcr_BtoA_MainAppId from BtoA_MainApp_Officer) a ON ff.Sts_MainAppId = a.Ofcr_BtoA_MainAppId          INNER JOIN BtoAMainApp b ON a.Ofcr_BtoA_MainAppId = b.App_Id          WHERE b.App_Status IN (13,15,16,18)          AND isnull(b.App_Source,'') <> 'newkhata'          and b.App_Active = 1;            ------------------------------------------------------------          -- 6. Update Main Application          ------------------------------------------------------------          UPDATE a          SET             App_Status = 14                                        ,             App_AdditionalInfo = 'By Schedular Moved to Joint Commissioner',             App_JCMovedDate =getdate()                                  ,             App_UDte = GETDATE()          FROM BtoAMainApp a          INNER JOIN (select Ofcr_BtoA_MainAppId from BtoA_MainApp_Officer) o ON a.App_Id = o.Ofcr_BtoA_MainAppId          WHERE a.App_Status IN (13,15,16,18) and a.App_Active=1          AND a.App_Source <> 'newkhata';        COMMIT TRAN;    END TRY BEGIN CATCH    ROLLBACK TRAN;    THROW; END CATCH  END  ",,
19-09-2026 13:28,INFRA\bbmpuser2,INFRA\bbmpuser2,KhataBtoA_prod,BBMP-DB-VP14,Microsoft SQL Server Management Studio - Query,95,"UPDATE a SET a.Sts_PrevStatusId=a.Sts_MainAppStatus,a.Sts_CurrStatusId=11,a.Sts_MainAppStatus=11, a.Udt=getdate(),a.Sts_comments='Rejected as per citizen request and approved by the department' FROM BtoA_Status_Master_Tran a where a.Sts_MainAppId in (11139,104242,104254);",,
19-09-2026 13:28,INFRA\bbmpuser2,INFRA\bbmpuser2,KhataBtoA_prod,BBMP-DB-VP14,Microsoft SQL Server Management Studio - Query,95,"UPDATE a set a.App_Status=11,a.App_AdditionalInfo='Department EMAIL : Rejected as per citizen request and approved by the department', a.App_UDte=getdate(),a.App_UBy=1 from BtoAMainApp a where a.App_MotherEPID in ( '9663956732','3408854901','5766903944','5766817218') and a.App_Id in (11139,104242,104254);",,
19-09-2026 13:20,INFRA\bbmpuser2,INFRA\bbmpuser2,KhataBtoA_prod,BBMP-DB-VP14,Microsoft SQL Server Management Studio - Query,104,"UPDATE             a          SET             IsApp_PropertyVerificationRequired = 1          FROM BtoAMainApp a          INNER JOIN             BtoA_MainApp_Officer o          ON             a.App_Id = o.Ofcr_BtoA_MainAppId          INNER JOIN             [BtoA_SiteDtls] s          ON             a.App_Id        = s.Site_App_Id          WHERE a.App_Active = 1          AND a.App_Status IN (12,13,16,18,15,1000,1110)          AND (                isnull(o.Ofcr_IsGovtProperty,0)   = 1                OR s.GooglePropertyType = 'govt')          and isnull(a.App_PropertyVerified,0)=0 and isnull(IsApp_PropertyVerificationRequired,0)=0          and a.App_Active=1;",,
19-09-2026 12:31,INFRA\bbmpuser2,INFRA\bbmpuser2,ekhata,BBMP-DB-VP-15,Microsoft SQL Server Management Studio - Query,93,"   ALTER proc [dbo].[USP_Sch_GetPendingKRSID]   as   begin          select  distinct top 5000    k.KRS_Id,KRS_MStsId,SchTRN_NoOfAttempt from KRS k with (nolock)    left join BBMp_Easthi_Schedular_Trn t with (nolock)   on k.KRS_Id = t.SchTRN_krs_id   and t.SchTRN_NoOfAttempt <10   and isnull(t.SchTRN_StatusId,0)=99 and t.SchTRN_sch_id=1    left join KRS_PropDetailsAsPerDeed d on k.KRS_Id=d.PDAD_KRS_ID   where    k.KRS_MStsId >=8 and KRS_Active=1   and isnull(k.KRS_EasthiSts_Id,0) not in (10,100) and isnull(t.SchTRN_NoOfAttempt,0) <10   and KRS_Id in ( (select KRS_Id from krs where KRS_MPT_ID in (1,2,3)   and KRS_MStsId in (8,10,14,11)))       and LEN(KRS_SASNo)=10  	 and len(KRS_EPID)=10  	 and isnull(KRS_EPID,'') <>'Cannot Generate EPID.Please Contact EAASTHI' 	 and isnull(PDAD_IsDeedBeforeOrAfter2004,'after') in  	 ( 	 'before', 'Notification', 'DevAprBDA', 'after', 	 'NoDeed', 'sarfaesi' 	 ) 	 	and KRS_Id not in (186230) 	 	  and  (isnull(KRS_IsSSA_applied,0)=0 or isnull(KRS_IsSSA_applied,0)=2 or  isnull(KRS_IsSSA_applied,0)=10 ) --	and KRS_EPID in --( --'3375948289', --'3230698036' --)    order by KRS_Id asc   end  ",,
19-09-2026 12:29,INFRA\bbmpuser2,INFRA\bbmpuser2,ekhata,BBMP-DB-VP-15,Microsoft SQL Server Management Studio - Query,93,"   ALTER proc [dbo].[USP_Sch_GetPendingKRSID]   as   begin          select  distinct top 5000    k.KRS_Id,KRS_MStsId,SchTRN_NoOfAttempt from KRS k with (nolock)    left join BBMp_Easthi_Schedular_Trn t with (nolock)   on k.KRS_Id = t.SchTRN_krs_id   and t.SchTRN_NoOfAttempt <10   and isnull(t.SchTRN_StatusId,0)=99 and t.SchTRN_sch_id=1    left join KRS_PropDetailsAsPerDeed d on k.KRS_Id=d.PDAD_KRS_ID   where    k.KRS_MStsId >=8 and KRS_Active=1   and isnull(k.KRS_EasthiSts_Id,0) not in (10,100) and isnull(t.SchTRN_NoOfAttempt,0) <10   and KRS_Id in ( (select KRS_Id from krs where KRS_MPT_ID in (1,2,3)   and KRS_MStsId in (8,10,14,11)))       and LEN(KRS_SASNo)=10  	 and len(KRS_EPID)=10  	 and isnull(KRS_EPID,'') <>'Cannot Generate EPID.Please Contact EAASTHI' 	 and isnull(PDAD_IsDeedBeforeOrAfter2004,'after') in  	 ( 	 'before', 'Notification', 'DevAprBDA', 'after', 	 'NoDeed', 'sarfaesi' 	 ) 	 	and KRS_Id not in (186230) 	 	  and  (isnull(KRS_IsSSA_applied,0)=0 or isnull(KRS_IsSSA_applied,0)=2 or  isnull(KRS_IsSSA_applied,0)=10 ) 	and KRS_EPID in ( '3375948289', '3230698036' )    order by KRS_Id asc   end  ",,
19-09-2026 12:28,INFRA\bbmpuser2,INFRA\bbmpuser2,ekhata,BBMP-DB-VP-15,Microsoft SQL Server Management Studio - Query,93,"update krs set KRS_EasthiSts_Id=0,KRS_IsSSA_applied=2 where KRS_EPID='3230698036' update KhataBtoA_prod.dbo.BtoAMainApp set App_IsPushedToEaasthi=0 where App_MotherEPID='3230698036'",,
19-09-2026 12:28,INFRA\bbmpuser2,INFRA\bbmpuser2,ekhata,BBMP-DB-VP-15,Microsoft SQL Server Management Studio - Query,93,"update krs set KRS_EasthiSts_Id=0,KRS_IsSSA_applied=2 where KRS_EPID='3230698036' update KhataBtoA_prod.dbo.BtoAMainApp set App_IsPushedToEaasthi=0 where App_MotherEPID='3230698036'",,
19-09-2026 12:25,INFRA\bbmpuser2,INFRA\bbmpuser2,ekhata,BBMP-DB-VP-15,Microsoft SQL Server Management Studio - Query,93,"update krs set KRS_EasthiSts_Id=0,KRS_IsSSA_applied=2 where KRS_EPID='3375948289' update KhataBtoA_prod.dbo.BtoAMainApp set App_IsPushedToEaasthi=0 where App_MotherEPID='3375948289'",,
19-09-2026 12:25,INFRA\bbmpuser2,INFRA\bbmpuser2,ekhata,BBMP-DB-VP-15,Microsoft SQL Server Management Studio - Query,93,"update krs set KRS_EasthiSts_Id=0,KRS_IsSSA_applied=2 where KRS_EPID='3375948289' update KhataBtoA_prod.dbo.BtoAMainApp set App_IsPushedToEaasthi=0 where App_MotherEPID='3375948289'",,
19-09-2026 12:07,INFRA\bbmpuser2,INFRA\bbmpuser2,KhataBtoA_preprod,BBMP-DB-VP14,Microsoft SQL Server Management Studio - Query,87,"ALTER PROCEDURE [dbo].[USP_IU_BtoA_JC_SiteDtls] (     @Site_Id              INT = NULL,     @Site_AppId           INT = NULL,     @Site_ShapeType       NVARCHAR(10) = NULL,     @Site_No              NVARCHAR(200) = NULL,     @Site_Area            NVARCHAR(200) = NULL,     @Site_TypeId          INT = NULL,     @Site_AreaInSqFt      DECIMAL(18,2) = NULL,     @Site_AreaInSqMt      DECIMAL(18,2) = NULL,     @Site_Latitude        NVARCHAR(30) = NULL,     @Site_Longitude       NVARCHAR(30) = NULL,     @Site_CornerPlot      BIT = NULL,     @Site_NoOfSides       INT = NULL,     @Site_North           NVARCHAR(300) = NULL,     @Site_South           NVARCHAR(300) = NULL,     @Site_East            NVARCHAR(300) = NULL,     @Site_West            NVARCHAR(300) = NULL,     @Site_Active          BIT = NULL,     @Site_Remarks         NVARCHAR(2000) = NULL,     @Site_AdditionalInfo  NVARCHAR(MAX) = NULL,     @Site_Ip_Address      NVARCHAR(16) = NULL,     @Site_CBy            int = NULL, 	@Site_CName           NVARCHAR(2000) = NULL,     @Site_CRole           NVARCHAR(200) = NULL ) AS BEGIN     SET NOCOUNT ON;      BEGIN TRY 		if exists (select 1 from BtoA_JC_SiteDtls where Site_AppId=@Site_AppId) 		begin 		 update BtoA_JC_SiteDtls set Site_Active=0 where Site_AppId=@Site_AppId 		end 	         IF ISNULL(@Site_Id, 0) = 0         BEGIN  	             -- INSERT             INSERT INTO [dbo].[BtoA_JC_SiteDtls]             (                 [Site_AppId],                 [Site_ShapeType],                 [Site_No],                 [Site_Area],                 [Site_TypeId],                 [Site_AreaInSqFt],                 [Site_AreaInSqMt],                 [Site_Latitude],                 [Site_Longitude],                 [Site_CornerPlot],                 [Site_NoOfSides],                 [Site_North],                 [Site_South],                 [Site_East],                 [Site_West],                 [Site_Active],                 [Site_Remarks],                 [Site_AdditionalInfo],                 [Site_Ip_Address], 				[Site_Cby],                 [Site_CDte],                 [Site_CName],                 [Site_CRole]             )             VALUES             (                 @Site_AppId,                 @Site_ShapeType,                 @Site_No,                 @Site_Area,                 @Site_TypeId,                 @Site_AreaInSqFt,                 @Site_AreaInSqMt,                 @Site_Latitude,                 @Site_Longitude,                 @Site_CornerPlot,                 @Site_NoOfSides,                 @Site_North,                 @Site_South,                 @Site_East,                 @Site_West,                 ISNULL(@Site_Active, 1),                 @Site_Remarks,                 @Site_AdditionalInfo,                 @Site_Ip_Address, 				  @Site_CBy,                 GETDATE(),                 @Site_CName,                 @Site_CRole             );              SET @Site_Id = SCOPE_IDENTITY();              SELECT                 @Site_Id AS Result, 				cast(1 as bit)	as Status,                 'Inserted Successfully' AS Message,                 @Site_Id AS Site_Id; 			END   			if @Site_Id> 0 			begin 			update a set a.App_AreaVerified=1, a.App_AreaVerifiedDate=GETDATE(), a.App_AreaVerifiedRemarks='Area is Updated by Joint Commissioner'  			from BtoAMainApp a inner join BtoA_JC_SiteDtls b on a.App_Id=b.Site_AppId  			where a.App_Id=@Site_AppId  and App_Active=1 and b.Site_Active=1  			UPDATE MAO SET MAO.ResidentialPlotareaAfterRoadWideninginSqmt = 				CASE 					WHEN MAO.Ofcr_CorrectedPropertyUseTypeId = 2 					THEN JC.Site_AreaInSqMt  					WHEN MAO.Ofcr_CorrectedPropertyUseTypeId = 3 					THEN JC.Site_AreaInSqMt  					ELSE MAO.ResidentialPlotareaAfterRoadWideninginSqmt 				END,  			MAO.CommercialPlotareaAfterRoadWideninginSqmt = 				CASE 					WHEN MAO.Ofcr_CorrectedPropertyUseTypeId = 1 					THEN JC.Site_AreaInSqMt  					--WHEN MAO.Ofcr_CorrectedPropertyUseTypeId = 3 					--THEN JC.Site_AreaInSqMt  					ELSE MAO.CommercialPlotareaAfterRoadWideninginSqmt 				END,  			MAO.IndustrialPlotareaAfterRoadWideninginSqmt = 				CASE 					WHEN MAO.Ofcr_CorrectedPropertyUseTypeId = 4 					THEN JC.Site_AreaInSqMt  					ELSE MAO.IndustrialPlotareaAfterRoadWideninginSqmt 				END 		FROM BtoA_MainApp_Officer MAO 		INNER JOIN BtoA_JC_SiteDtls JC 			ON MAO.Ofcr_BtoA_MainAppId = JC.Site_AppId 		WHERE MAO.Ofcr_BtoA_MainAppId = @Site_AppId; 			end 		                   END TRY     BEGIN CATCH          SELECT             400 AS Result,             ERROR_MESSAGE() AS Message,           cast(1 as bit) as Status, 		  @Site_Id as Site_Id      END CATCH END;   ",,
19-09-2026 10:35,INFRA\bbmpuser2,INFRA\bbmpuser2,KhataBtoA_preprod,BBMP-DB-VP14,Microsoft SQL Server Management Studio - Query,75,"update a set a.isApp_AreaVerificationRequired=1 from   BtoAMainApp a inner join BtoA_QC_ChecklistDetails_Officer b on a.App_Id=b.QC_AppId inner join BtoA_StatusDetail_Officer c on c.Ofcr_BtoA_MainAppId=a.App_Id where App_Status>11 and isProcessingFeePaid=1 and App_Status  in(14,1000,1110) and b.QC_ChecklistId in(1,2)  and isnull(b.QC_ChecklistValue,0)=0 and LOWER(Status_Remark) LIKE '%area%' or         LOWER(Status_Remark) LIKE '%not match%'     OR LOWER(Status_Remark) LIKE '%does not match%'     OR LOWER(Status_Remark) LIKE '%not matched%'     OR LOWER(Status_Remark) LIKE '%mismatch%'     OR LOWER(Status_Remark) LIKE '%wrong%'     OR LOWER(Status_Remark) LIKE '%incorrect%'     OR LOWER(Status_Remark) LIKE '%difference%' ; ",,
18-09-2026 16:57,INFRA\bbmpuser2,INFRA\bbmpuser2,KhataBtoA_prod,BBMP-DB-VP14,Microsoft SQL Server Management Studio - Query,97,update a set a.BtoA_RoadId=421  from BtoA_SiteRoadDetails_Officer a where a.BtoA_MainAppId=25665 and a.BtoA_RoadId=172; ,,
18-09-2026 16:43,INFRA\bbmpuser2,INFRA\bbmpuser2,KhataBtoA_prod,BBMP-DB-VP14,Microsoft SQL Server Management Studio - Query,108,"ALTER PROC [dbo].[USP_S_PaymentParameter_V1] --73157,1,1 @AppID INT, @cby INT, @crole INT AS BEGIN SET NOCOUNT ON;  ----------------------------------------------------- -- VARIABLES ----------------------------------------------------- DECLARE  @numberofRoadFacing INT=0, @PaymentDate DATETIME = GETDATE(), @GuidenceValueinSqMt FLOAT=0,  @ResArea FLOAT, @ComArea FLOAT, @IndArea FLOAT,  @PropertyUseTypeId INT, @AppCreatedDate DATETIME,  @dcConversionValue FLOAT = 0, @penaltyMultiplier INT = 2, @DCWithPenalty FLOAT = 0, @dcRes FLOAT = 0, @dcNonRes FLOAT = 0, @ErrMsg NVARCHAR(300), @FinalGV float, @AppDisplayId varchar(50), @IsGovtLand bit  ----------------------------------------------------- -- RESULT TABLE ----------------------------------------------------- DECLARE @Result TABLE ( PropertyTypeId INT, PropertyType NVARCHAR(50), FeesName NVARCHAR(200), TotalAreaInSqMt FLOAT, Amount FLOAT, Discount FLOAT, NetAmount FLOAT, Multiplier FLOAT, Percentagee FLOAT, StepNameId INT, StepName NVARCHAR(100), GuidenceValue FLOAT, Message NVARCHAR(500) )  ---------------------------------- ------------------- -- FETCH DATA ----------------------------------------------------- --SELECT  --@numberofRoadFacing = oa.Ofcr_RoadFacingSides, --@ResArea = oa.ResidentialPlotareaAfterRoadWideninginSqmt, --@ComArea = oa.CommercialPlotareaAfterRoadWideninginSqmt, --@IndArea = oa.IndustrialPlotareaAfterRoadWideninginSqmt, --@PropertyUseTypeId = oa.Ofcr_CorrectedPropertyUseTypeId, --@GuidenceValueinSqMt = gv.GuidanceValueSqMt, --@AppDisplayId=oa.ApplicationDisplayId, --@IsGovtLand=oa.Ofcr_IsGovtProperty, --@AppCreatedDate = cast(a.App_Cdte as date) --FROM BtoAMainApp a --inner JOIN (select Ofcr_BtoA_MainAppId,Ofcr_RoadFacingSides,ResidentialPlotareaAfterRoadWideninginSqmt,CommercialPlotareaAfterRoadWideninginSqmt,  --IndustrialPlotareaAfterRoadWideninginSqmt,Ofcr_CorrectedPropertyUseTypeId,ApplicationDisplayId,Ofcr_IsGovtProperty --from BtoA_MainApp_Officer) oa ON a.App_Id=oa.Ofcr_BtoA_MainAppId --inner JOIN ( --    SELECT TOP 1 mrk.GuidanceValueSqMt,@AppID AppId  --    FROM BtoA_SiteRoadDetails_Officer aso --    JOIN [masterDB_prod].dbo.MstRoadKSRAC mrk --        ON aso.BtoA_RoadId =mrk.Road_ID and  --	ltrim(rtrim(aso.BtoA_RoadName))=ltrim(rtrim(mrk.Road_Name))	-- Added on 24-07-2026 02:42 PM --    WHERE aso.BtoA_MainAppId=@AppID and ISNULL(aso.IsRMPPropersed, 'N') = 'N' --    ORDER BY mrk.GuidanceValueSqMt DESC --) GV ON a.App_Id=gv.AppId --WHERE a.App_Id=@AppID  SELECT    @numberofRoadFacing = oa.Ofcr_RoadFacingSides, @ResArea = oa.ResidentialPlotareaAfterRoadWideninginSqmt, @ComArea = oa.CommercialPlotareaAfterRoadWideninginSqmt, @IndArea = oa.IndustrialPlotareaAfterRoadWideninginSqmt, @PropertyUseTypeId = oa.Ofcr_CorrectedPropertyUseTypeId, @GuidenceValueinSqMt = gv.GuidanceValueSqMt, @AppDisplayId=oa.ApplicationDisplayId, @IsGovtLand=oa.Ofcr_IsGovtProperty, @AppCreatedDate = cast(a.App_Cdte as date)  FROM BtoAMainApp a  INNER JOIN (     SELECT Ofcr_BtoA_MainAppId, Ofcr_RoadFacingSides, ResidentialPlotareaAfterRoadWideninginSqmt,            CommercialPlotareaAfterRoadWideninginSqmt, IndustrialPlotareaAfterRoadWideninginSqmt,            Ofcr_CorrectedPropertyUseTypeId, ApplicationDisplayId, Ofcr_IsGovtProperty     FROM BtoA_MainApp_Officer ) oa ON a.App_Id = oa.Ofcr_BtoA_MainAppId  INNER JOIN (     SELECT TOP 1 mrk.GuidanceValueSqMt, @AppID AppId ,cby,CRole     FROM BtoA_SiteRoadDetails_Officer aso     JOIN [masterDB_prod].dbo.MstRoadKSRAC mrk         ON aso.BtoA_RoadId = mrk.Road_ID        AND ltrim(rtrim(aso.BtoA_RoadName)) = ltrim(rtrim(mrk.Road_Name))   -- Added on 24-07-2026 02:42 PM     WHERE aso.BtoA_MainAppId = @AppID        AND ISNULL(aso.IsRMPPropersed, 'N') = 'N'     ORDER BY          CASE aso.CRole WHEN 118 THEN 1 WHEN 117 THEN 2 ELSE 3 END,  -- QC beats RI beats anything else         mrk.GuidanceValueSqMt DESC                                  -- within same priority, highest value wins ) GV ON a.App_Id = gv.AppId  WHERE a.App_Id = @AppID     ----------------------------------------------------------- --Appid excluded -----------------------------------------------------------  IF EXISTS (     SELECT 1 FROM BtoAMainApp a WHERE a.App_MotherEPID IN ('3577804758','3445675546','3444517696','3444536028','3444021054','3444150754')     AND a.App_Id IN (7918,7932,7997,7998,10381,11782)     AND a.App_Id = @AppID ) BEGIN       SET @ErrMsg = 'Payment cannot be done. Please contact the helpdesk for more details';          	INSERT INTO @Result VALUES     (@PropertyUseTypeId,'ALL','ERROR',NULL,NULL,NULL,NULL,NULL,NULL,0,'Validation',NULL,@ErrMsg)      GOTO FINAL_OUTPUT END   ----------------------------------------------------- -- VALIDATION: APPLICATION CREATED ON/AFTER 24-AUG-2026 ----------------------------------------------------- -- Added on 25-08-2026 by Nikhil  IF @AppCreatedDate >= '2026-08-24' BEGIN     SET @ErrMsg = 'Dear Citizen, Please do not make the payment for your Single Plot Approval and B to A Khata conversion application until 1:00 AM on 19th Sep 2026, as the system is undergoing a technical upgrade. We regret the inconvenience and appreciate your cooperation.';      INSERT INTO @Result     VALUES     (         @PropertyUseTypeId,         'ALL',         'ERROR',         NULL,         NULL,         NULL,         NULL,         NULL,         NULL,         0,         'Validation',         NULL,         @ErrMsg     );      GOTO FINAL_OUTPUT; END   ----------------------------------------------------- -- VALIDATION Road Name Mismatch			-- Added on 24-07-2026 03:04 PM -----------------------------------------------------  IF EXISTS (     SELECT 1     FROM BtoA_SiteRoadDetails_Officer aso 	inner join BtoAMainApp b on aso.BtoA_MainAppId=b.App_Id     WHERE aso.BtoA_MainAppId = @AppID AND ISNULL(aso.IsRMPPropersed,'N') = 'N' 	and b.App_Active=1 ) AND NOT EXISTS (     SELECT 1     FROM BtoA_SiteRoadDetails_Officer aso     INNER JOIN masterDB_prod.dbo.MstRoadKSRAC mrk  	ON aso.BtoA_RoadId = mrk.Road_ID AND LTRIM(RTRIM(aso.BtoA_RoadName)) = LTRIM(RTRIM(mrk.Road_Name))     WHERE aso.BtoA_MainAppId = @AppID AND ISNULL(aso.IsRMPPropersed,'N') = 'N' ) BEGIN     SET @ErrMsg = 'Action Required. Please wait for 5 to 6 days for this issue to be resolved. If the issue persists after 5 to 6 days, please contact the helpdesk for further assistance. Application ID: ' + @AppDisplayId;      INSERT INTO @Result     VALUES     (         @PropertyUseTypeId,'ALL','ERROR',NULL,NULL,NULL,NULL,NULL,NULL,0,'Validation',NULL,@ErrMsg     );      GOTO FINAL_OUTPUT; END  -- @PropertyUseTypeId  ----------------------------------------------------- -- VALIDATION Property Usage Type added on 27-08-2026 03:20 PM captured by Master Plan Missmatch -----------------------------------------------------  IF ISNULL(@PropertyUseTypeId,0) not in (1,2,3,4) BEGIN     SET @ErrMsg = 'Property Usage Missmatch'      INSERT INTO @Result VALUES     (@PropertyUseTypeId,'ALL','ERROR',NULL,NULL,NULL,NULL,NULL,NULL,0,'Validation',NULL,@ErrMsg)      GOTO FINAL_OUTPUT END  ----------------------------------------------------- -- VALIDATION Govt Land -----------------------------------------------------  IF ISNULL(@IsGovtLand,0)=1 BEGIN     SET @ErrMsg = 'Payment is disabled because the property has been identified as Government Land.  	Please contact the support team for further assistance.'      INSERT INTO @Result VALUES     (@PropertyUseTypeId,'ALL','ERROR',NULL,NULL,NULL,NULL,NULL,NULL,0,'Validation',NULL,@ErrMsg)      GOTO FINAL_OUTPUT END  ----------------------------------------------------- -- VALIDATION Guidence value -----------------------------------------------------   ----------------------------------------------------- -- VALIDATION ----------------------------------------------------- IF ISNULL(@GuidenceValueinSqMt,0)=0 BEGIN     SET @ErrMsg = 'Action Required, Guidance value for this property is not available. Your application is with Joint Commissioner to enter the same. Application ID:' + @AppDisplayId      INSERT INTO @Result VALUES     (@PropertyUseTypeId,'ALL','ERROR',NULL,NULL,NULL,NULL,NULL,NULL,0,'Validation',NULL,@ErrMsg)      GOTO FINAL_OUTPUT END  -- Added on 31st August 2026 15:57 PM greater than 5 sqlmt area is considered  IF @PropertyUseTypeId=3 and (@ComArea is null or @ComArea<=5.0 or @ResArea<=5.0 or @ResArea is null) BEGIN     SET @ErrMsg = 'Something went wrong'      INSERT INTO @Result VALUES     (@PropertyUseTypeId,'ALL','ERROR',NULL,NULL,NULL,NULL,NULL,NULL,0,'Validation',NULL,@ErrMsg)      GOTO FINAL_OUTPUT END else if @PropertyUseTypeId=1 and (@ComArea is null or @ComArea<=5.0) begin     SET @ErrMsg = 'Something went wrong'      INSERT INTO @Result VALUES     (@PropertyUseTypeId,'ALL','ERROR',NULL,NULL,NULL,NULL,NULL,NULL,0,'Validation',NULL,@ErrMsg)      GOTO FINAL_OUTPUT END else if @PropertyUseTypeId=2 and (@ResArea is null or @ResArea<=5.0) begin     SET @ErrMsg = 'Something went wrong'      INSERT INTO @Result VALUES     (@PropertyUseTypeId,'ALL','ERROR',NULL,NULL,NULL,NULL,NULL,NULL,0,'Validation',NULL,@ErrMsg)      GOTO FINAL_OUTPUT END else if @PropertyUseTypeId=4 and (@IndArea is null or @IndArea<=5.0) begin     SET @ErrMsg = 'Something went wrong'      INSERT INTO @Result VALUES     (@PropertyUseTypeId,'ALL','ERROR',NULL,NULL,NULL,NULL,NULL,NULL,0,'Validation',NULL,@ErrMsg)      GOTO FINAL_OUTPUT END  ------------------------------------------------------- ---- DC UPDATE LOGIC ---- -----------------------------------------------------  --IF @PropertyUseTypeId IN (1,2,4) --BEGIN --    UPDATE [KhataBtoA_prod].dbo.btoa_dcconversoinfee    --	SET dc_isConsideredForConversion = 0   --   WHERE dc_appid = @AppID --      AND dc_propertyUseTypeId = @PropertyUseTypeId;  --    ;WITH CTE AS --    ( --        SELECT dc_id, --               ROW_NUMBER() OVER ( --                   PARTITION BY dc_ldg_villagecode  --                   ORDER BY dc_conversionfee DESC --               ) rn --        FROM [KhataBtoA_prod].dbo.btoa_dcconversoinfee  --        WHERE dc_appid = @AppID --          AND dc_propertyUseTypeId = @PropertyUseTypeId --          AND ( --                (@PropertyUseTypeId IN (1,4) AND dc_convertionLandType = 'Non Residential') --             OR (@PropertyUseTypeId = 2 AND dc_convertionLandType = 'Residential') --          ) and dc_remarks<>'999' --    ) --    UPDATE d --    SET d.dc_isConsideredForConversion = 1 --    FROM [KhataBtoA_prod].dbo.btoa_dcconversoinfee d --    JOIN CTE -- c ON d.dc_id = c.dc_id --    WHERE c.rn = 1; --END  --ELSE IF @PropertyUseTypeId = 3 --BEGIN --    UPDATE [KhataBtoA_prod].dbo.btoa_dcconversoinfee --    SET dc_isConsideredForConversion = 0 --    WHERE dc_appid = @AppID --      AND dc_propertyUseTypeId = 3;  --    ;WITH CTE AS --    ( --        SELECT dc_id, --               dc_convertionLandType, --               ROW_NUMBER() OVER ( --                   PARTITION BY dc_ldg_villagecode, dc_convertionLandType --                   ORDER BY dc_conversionfee DESC             --     ) rn          --FROM [KhataBtoA_prod].dbo.btoa_dcconversoinfee --        WHERE dc_appid = @AppID --          AND dc_propertyUseTypeId = 3  and dc_remarks<>'999' --    ) --    UPDATE d --    SET d.dc_isConsideredForConversion = 1 --    FROM [KhataBtoA_prod].dbo.btoa_dcconversoinfee d --    JOIN CTE c ON d.dc_id = c.dc_id --    WHERE c.rn = 1; --END  ------------------------------------------------------- ---- DC CALCULATION -------------------------------------------------------  --IF @PropertyUseTypeId = 3 --BEGIN --    SELECT @dcRes =  --ISNULL(MAX(dc_conversionfee),0) --    FROM [KhataBtoA_prod].dbo.btoa_dcconversoinfee --    WHERE dc_appid = @AppID --      AND dc_propertyUseTypeId = 3 --      AND dc_convertionLandType = 'Residential' --      AND dc_isConsideredForConversion = 1;  --    SELECT @dcNonRes = ISNULL(MAX(dc_conversionfee),0) --    FROM [KhataBtoA_prod].dbo.btoa_dcconversoinfee --    WHERE dc_appid = @AppID --      AND dc_propertyUseTypeId = 3 --      AND dc_convertionLandType = 'Non Residential' --      AND dc_isConsideredForConversion = 1  and dc_remarks<>'999';  --    SET @dcConversionValue = @dcRes + @dcNonRes; --END --ELSE --BEGIN --    SELECT @dcConversionValue = ISNULL(MAX(dc_conversionfee),0) --    FROM [KhataBtoA_prod].dbo.btoa_dcconversoinfee --    WHERE dc_appid = @AppID --      AND -- dc_propertyUseTypeId = @PropertyUseTypeId --      AND dc_isConsideredForConversion = 1 and dc_remarks<>'999'; --END  --SET @DCWithPenalty = @dcConversionValue * @penaltyMultiplier;     ----------------------------------------------------- -- DC UPDATE LOGIC NEW Manual -----------------------------------------------------    DECLARE @DCValue DECIMAL(18,2);       UPDATE dbo.btoa_dcconversoinfee     SET dc_isConsideredForConversion = 0     WHERE dc_appid = @AppID AND dc_propertyUseTypeId = @PropertyUseTypeId;   IF not EXISTS (     SELECT 1     FROM dbo.BtoA_DCConversion a     WHERE a.BtoA_DC_App_Id = @AppID       AND ISNULL(a.BtoA_DC_Conversion_Verified,0) = 1 ) BEGIN       -----------------------------------------------------     -- DC CALCULATION USING AREA * RATE     -----------------------------------------------------       SET @dcRes = 0;     SET @dcNonRes = 0;     SET @dcConversionValue = 0;       IF @PropertyUseTypeId = 3     BEGIN         SET @dcRes    = ISNULL(@ResArea,0) * 22;         SET @dcNonRes = ISNULL(@ComArea,0) * 76;           SET @dcConversionValue = ISNULL(@dcRes,0) + ISNULL(@dcNonRes,0);     END     ELSE IF @PropertyUseTypeId = 2     BEGIN         SET @dcConversionValue = ISNULL(@ResArea,0) * 22;     END     ELSE IF @PropertyUseTypeId IN (1,4)     BEGIN         SET @dcConversionValue = ISNULL(@ComArea,0) * 76;     END       SET @DCWithPenalty = @dcConversionValue * @penaltyMultiplier;     END     ----------------------------------------------------- -- INSERT CALCULATED DC (OUTSIDE IF / ELSE) -----------------------------------------------------   IF @dcConversionValue > 0   BEGIN      IF @PropertyUseTypeId = 3  -- Mixed BEGIN       -- Residential DC     INSERT INTO dbo.btoa_dcconversoinfee     (         dc_appid,         dc_conversionfee,         dc_active,         dc_status,         dc_remarks,         dc_cdate,         dc_cby,         dc_crole,         dc_propertyUseTypeId,         dc_convertionLandType,         dc_isConsideredForConversion     )     VALUES     (         @AppID,         @dcRes,         1,         'Pending',         '',         GETDATE(),         @cby,         @crole,         3,         'Residential',         1     );       -- Non Residential DC     INSERT INTO dbo.btoa_dcconversoinfee     (         dc_appid,         dc_conversionfee,         dc_active,         dc_status,         dc_remarks,         dc_cdate,         dc_cby,         dc_crole,         dc_propertyUseTypeId,         dc_convertionLandType,         dc_isConsideredForConversion     )     VALUES     (         @AppID,         @dcNonRes,         1,         'Pending',         '',         GETDATE(),         @cby,         @crole,         3,         'Non Residential',         1     );   END ELSE IF @PropertyUseTypeId IN (1,2,4)		-- If Residential,Commersial,Industrial BEGIN       INSERT INTO dbo.btoa_dcconversoinfee     (         dc_appid,         dc_conversionfee,         dc_active,         dc_status,         dc_remarks,         dc_cdate,         dc_cby,         dc_crole,         dc_propertyUseTypeId,         dc_convertionLandType,         dc_isConsideredForConversion     )     VALUES     (         @AppID,         @dcConversionValue,         1,         'Pending',         '',         GETDATE(),         @cby,         @crole,         @PropertyUseTypeId,         CASE             WHEN @PropertyUseTypeId = 2 THEN 'Residential'             ELSE 'Non Residential'         END,         1     );   END   END     ----------------------------------------------------- -- LOOP TABLE ---------- ---------------- --------------------------- DECLARE @Loop TABLE (RowId  INT IDENTITY(1,1),PropertyType NVARCHAR(50),Area FLOAT)  IF @PropertyUseTypeId=1 INSERT INTO @Loop VALUES ('Commercial',@ComArea) ELSE IF @PropertyUseTypeId=2 INSERT INTO @Loop VALUES ('Residential',@ResArea) ELSE IF @PropertyUseTypeId=4 INSERT INTO @Loop VALUES ('Industrial',@IndArea) ELSE IF @PropertyUseTypeId=3 BEGIN  INSERT INTO @Loop VALUES ('Commercial',@ComArea)  INSERT INTO @Loop VALUES ('Residential',@ResArea) END  ----------------------------------------------------- -- LOOP ----------------------------------------------------- DECLARE @i INT=1,@max INT SELECT @max=COUNT(*) FROM @Loop  DECLARE @PropName NVARCHAR(50),@CalcArea FLOAT,@GV_Local FLOAT,@LoopType INT,@KTPCActFees FLOAT  WHILE @i<=@max BEGIN   SELECT @PropName=PropertyType,@CalcArea=Area FROM @Loop WHERE RowId=@i   SET @LoopType = CASE    WHEN @PropName='Commercial' THEN 1   WHEN @PropName='Residential' THEN 2   WHEN @PropName='Industrial' THEN 4 END   IF ISNULL(@CalcArea,0)=0  BEGIN     SET @ErrMsg = @PropName + ' area is NULL or 0'      INSERT INTO @Result VALUES     (@PropertyUseTypeId,@PropName,'ERROR',@CalcArea,NULL,NULL,NULL,NULL,NULL,0,'Validation',NULL,@ErrMsg)      GOTO FINAL_OUTPUT  END   SET @GV_Local=@GuidenceValueinSqMt  ---------------- STEP 0 ---------------- INSERT INTO @Result VALUES (@PropertyUseTypeId,@PropName,'Initial GV',@CalcArea,@GV_Local,0,@GV_Local,1,0,0,'Step0',@GV_Local,'Success')  ---------------- STEP 1 ---------------- INSERT INTO @Result SELECT @PropertyUseTypeId,@PropName,GvF_Name,@CalcArea,Guidencevalue,0,Guidencevalue, GvF_FactorInMultiPer_SqMt,GvF_FactorInPercPer_SqMt, 1,'Step1',Guidencevalue,'Success' FROM masterDB_prod.dbo.FN_Mst_GV_Factor_MainFees(1,@LoopType,@CalcArea,0,@PaymentDate,@GV_Local)  SELECT TOP 1 @GV_Local = GuidenceValue FROM @Result WHERE StepNameId = 1  AND PropertyType = @PropName ORDER BY StepNameId DESC  IF NOT EXISTS (SELECT 1 FROM @Result WHERE StepNameId=1 AND PropertyType=@PropName) BEGIN     SET @ErrMsg = 'Step 1 not generated for ' + @PropName     INSERT INTO @Result VALUES (@PropertyUseTypeId,@PropName,'ERROR',@CalcArea,NULL,NULL,NULL,NULL,NULL,1,'Step1',NULL,@ErrMsg)     GOTO FINAL_OUTPUT END  ---------------- STEP 2 ---------------- INSERT INTO @Result SELECT @PropertyUseTypeId,@PropName,SRDF_Name,@CalcArea,RoadFacingGuidenceValue,0,RoadFacingGuidenceValue, SRDF_FactorInMultiPer_SqMt,SRDF_FactorInPercPer_SqMt, 2,'Step2',RoadFacingGuidenceValue,'Success' FROM masterDB_prod.dbo.FN_SiteRdFacingFeesCalculation(@numberofRoadFacing,@PaymentDate,@GV_Local)  SELECT TOP 1 @GV_Local = GuidenceValue FROM @Result WHERE StepNameId = 2  AND PropertyType = @PropName ORDER BY StepNameId DESC  IF NOT EXISTS (SELECT 1 FROM @Result WHERE StepNameId=2 AND PropertyType=@PropName) BEGIN     SET @ErrMsg = 'Step 2 not generated for ' + @PropName     INSERT INTO @Result VALUES (@PropertyUseTypeId,@PropName,'ERROR',@CalcArea,NULL,NULL,NULL,NULL,NULL,2,'Step2',NULL,@ErrMsg)     GOTO FINAL_OUTPUT END  ---------------- STEP 3 ------ ---------- INSERT INTO @Result SELECT @PropertyUseTypeId,@PropName,RdAp_Name,@CalcArea,CalculatedGuidencevalue,0,CalculatedGuidencevalue, RdAp_FactorInMultiPer_SqMt,RdAp_FactorInPercPer_SqMt, 3,'Step3',CalculatedGuidencevalue,'Success' FROM masterDB_prod.dbo.FN_TypeOfRoadApproachFeesCalculation(1,@PaymentDate,@GV_Local)  SELECT TOP 1 @GV_Local = GuidenceValue FROM @Result WHERE StepNameId = 3  AND PropertyType = @PropName ORDER BY StepNameId DESC  IF NOT EXISTS (SELECT 1 FROM @Result WHERE StepNameId=3 AND PropertyType=@PropName) BEGIN     SET @ErrMsg = 'Step 3 not generated for ' + @PropName     INSERT INTO @Result VALUES (@PropertyUseTypeId,@PropName,'ERROR',@CalcArea,NULL,NULL,NULL,NULL,NULL,3,'Step3',NULL,@ErrMsg)     GOTO FINAL_OUTPUT END  ---------------- STEP 4 ---------------- INSERT INTO @Result SELECT @PropertyUseTypeId,@PropName,SUT_Name,@CalcArea,Guidencevalue,0,Guidencevalue, SUT_FactorInMultiPer_SqMt,SUT_FactorInPercPer_SqMt, 4,'Step4',Guidencevalue,'Success' FROM masterDB_prod.dbo.FN_GetUseTypeCombination(@LoopType,@CalcArea,@CalcArea,@CalcArea,@PaymentDate,@GV_Local)  SELECT TOP 1 @GV_Local = GuidenceValue FROM @Result WHERE StepNameId = 4  AND PropertyType = @PropName ORDER BY StepNameId DESC  IF NOT EXISTS (SELECT 1 FROM @Result WHERE StepNameId=4 AND PropertyType=@PropName) BEGIN     SET @ErrMsg = 'Step 4 not generated for ' + @PropName     INSERT INTO @Result VALUES (@PropertyUseTypeId,@PropName,'ERROR',@CalcArea,NULL,NULL,NULL,NULL,NULL,4,'Step4',NULL,@ErrMsg)     GOTO FINAL_OUTPUT END   ---------------- STEP 5 ---------------- INSERT INTO @Result SELECT @PropertyUseTypeId,@PropName,KTCPS_Name,@CalcArea,ScruityFeesAmount,0,ScruityFeesAmount, KTCPS_FactorInMultiPer_SqMt,KTCPS_FactorInPercPer_SqMt, 5,'Step5',Guidencevalue,'Success' FROM masterDB_prod.dbo.FN_Mst_GV_KTCP_ScrutinyFeeFlat(@CalcArea,@PaymentDate,@GV_Local,@LoopType,1)  IF NOT EXISTS (SELECT 1 FROM @Result WHERE StepNameId=5 AND PropertyType=@PropName) BEGIN     SET @ErrMsg = 'Step 5 not generated for ' + @PropName     INSERT INTO @Result VALUES (@PropertyUseTypeId,@PropName,'ERROR',@CalcArea,NULL,NULL,NULL,NULL,NULL,5,'Step5',NULL,@ErrMsg)     GOTO FINAL_OUTPUT END  ------------------------------------------- ---------- -- ✅ FIXED STEP 6 -----------------------------------------------------   INSERT INTO @Result SELECT      @PropertyUseTypeId,     @PropName,     KTCPS_Name,     @CalcArea,     ScruityFeesAmount,     0,     ScruityFeesAmount,     KTCPS_FactorInMultiPer_SqMt,     KTCPS_FactorInPercPer_SqMt,     6,     'Step6',     GuidenceValue,     'Success' FROM masterDB_prod.dbo.FN_Mst_GV_KTCP_ScrutinyFeeFlat (      @CalcArea,     @PaymentDate,     @GV_Local,        @LoopType,     2 )  IF NOT EXISTS (SELECT 1 FROM @Result WHERE StepNameId=6 AND PropertyType=@PropName) BEGIN     SET @ErrMsg = 'Step 6 not generated for ' + @PropName     INSERT INTO @Result VALUES (@PropertyUseTypeId,@PropName,'ERROR',@CalcArea,NULL,NULL,NULL,NULL,NULL,6,'Step6',NULL,@ErrMsg)     GOTO FINAL_OUTPUT END  ---------------- STEP 7 ---------------- --enabled 2% for spa on 29 july 2026 DECLARE @IsBtoA1 INT =0;  IF EXISTS ( select 1 from KhataBtoA_prod.dbo.BtoAMainApp a  where a.App_Id=@AppID AND a.App_Active=1 and a.App_Status>=10 -- and isnull(a.App_Source,'')<>'newkhata' ) begin SET @IsBtoA1=1; end  INSERT INTO @Result SELECT @PropertyUseTypeId,@PropName,CASE      WHEN @IsBtoA1 = 1          THEN KTCPSPA_Name + ' (2%)'     ELSE          KTCPSPA_Name + ' (5%)' END AS FeesName,@CalcArea,SPAFeesAmount,CASE         WHEN @IsBtoA1 = 1         THEN ROUND(SPAFeesAmount * 1.5, 2)         ELSE 0     END,SPAFeesAmount, KTCPSPA_FactorInMultiPer_SqMt,KTCPSPA_FactorInPercPer_SqMt, 7,'Step7',Guidencevalue,'Success' FROM [masterDB_prod].dbo.[FN_Mst_GV_KTCP_SinglePlotFees](@CalcArea,@PaymentDate,@GV_Local,@AppID)  IF NOT EXISTS (SELECT 1 FROM @Result WHERE StepNameId=7 AND PropertyType=@PropName) BEGIN     SET @ErrMsg = 'Step 7 not generated for ' + @PropName     INSERT INTO @Result VALUES (@PropertyUseTypeId,@PropName,'ERROR',@CalcArea,NULL,NULL,NULL,NULL,NULL,7,'Step7',NULL,@ErrMsg)     GOTO FINAL_OUTPUT END ---------------- STEP 8 ---------------- INSERT INTO @Result SELECT @PropertyUseTypeId,@PropName,LKRF_Name,@CalcArea,LakeRejAmount,0,LakeRejAmount, LKRF_FactorInMultiPer_SqMt,LKRF_FactorInPercPer_SqMt, 8,'Step8',@GV_Local,'Success' FROM masterDB_prod.dbo.FN_Mst_GV_Lake_Reg_Fees(@PaymentDate,@CalcArea)  IF NOT EXISTS (SELECT 1 FROM @Result WHERE StepNameId=8 AND PropertyType=@PropName) BEGIN     SET @ErrMsg = 'Step 8 not generated for ' + @PropName     INSERT INTO @Result VALUES (@PropertyUseTypeId,@PropName,'ERROR',@CalcArea,NULL,NULL,NULL,NULL,NULL,8,'Step8',NULL,@ErrMsg)     GOTO FINAL_OUTPUT END  ---------------- STEP 9 - --------------- SELECT @KTPCActFees = MAX(Amount) FROM @Result WHERE StepNameId=6 AND PropertyType=@PropName  INSERT INTO @Result SELECT @PropertyUseTypeId,@PropName,KTPCCS_Name,@CalcArea,ServiceCharge,0,ServiceCharge, KTPCCS_CessFactorInPercPer_SqMt,KTPCCS_CessFactorInPercPer_SqMt, 9,'Step9',ServiceCharge,'Success' FROM masterDB_prod.dbo.FN_Mst_GV_KTCP_Cess_Service_Fee(@PaymentDate,@KTPCActFees)  ---------------- STEP 10 ---------------- DECLARE @Rate FLOAT=0,@TotalImp FLOAT=0  SELECT TOP 1 @Rate = am.RateAtImprovementChargesPerSqmt FROM [KhataBtoA_prod].dbo.BtoA_EPIDMetaData md JOIN masterDB_prod.dbo.mst_AROMapping am ON md.MD_WardId = am.BBMPWardId WHERE md.MD_APP_ID = @AppID  SET @TotalImp = ISNULL(@CalcArea,0) * ISNULL(@Rate,0)  INSERT INTO @Result VALUES (@PropertyUseTypeId,@PropName,'Improvement Charges',@CalcArea,@TotalImp,0,@TotalImp,1,0,10,'Step10',@TotalImp,'Success')  IF ISNULL(@TotalImp,0)=0 BEGIN     SET @ErrMsg = 'Improvement Rate Missing for Ward' 	INSERT INTO @Result VALUES (@PropertyUseTypeId,@PropName,'ERROR',@CalcArea,NULL,NULL,NULL,NULL,NULL,10,'Step10',NULL,@ErrMsg)     GOTO FINAL_OUTPUT END  ----------------------------------------------------- -- STEP 11 DC -----------------------------------------------------  IF @PropertyUseTypeId = 3 BEGIN     -- Residential DC     IF @PropName = 'Residential' AND @dcRes > 0     BEGIN         INSERT INTO @Result VALUES         (@PropertyUseTypeId,@PropName,'DC Conversion ',          @CalcArea,          @dcRes * @penaltyMultiplier,          0,          @dcRes * @penaltyMultiplier,          @penaltyMultiplier,          0,          11,          'Step11',          @GV_Local,          'Success')     END      -- Commercial (Non Residential) DC     IF @PropName = 'Commercial' AND @dcNonRes > 0     BEGIN         INSERT INTO @Result VALUES         (@PropertyUseTypeId,@PropName,'DC Conversion ',          @CalcArea,          @dcNonRes * @penaltyMultiplier,          0,          @dcNonRes * @penaltyMultiplier,          @penaltyMultiplier,          0,          11,          'Step11',          @GV_Local,          'Success')     END END ELSE BEGIN     -- Normal (1,2,4)     IF @DCWithPenalty > 0     BEGIN         INSERT INTO @Result VALUES         (@PropertyUseTypeId,@PropName,'DC Conversion',          @CalcArea,          @DCWithPenalty,          0,          @DCWithPenalty,          @penaltyMultiplier,          0,          11,          'Step11',          @GV_Local,          'Success')     END END  ----------------------------------------------------- -- STEP 12 Software Fee -----------------------------------------------------  ----------------------------------------------------- -- STEP 12 Software Fee (Apply Only Once) -----------------------------------------------------  IF NOT EXISTS  (     SELECT 1      FROM @Result      WHERE StepNameId = 12  ) BEGIN      IF @PropertyUseTypeId IN (1,3,4)     BEGIN         INSERT INTO @Result          VALUES         (             @PropertyUseTypeId,             @PropName,             'Software Charges',             @CalcArea,             10000.00,             0,             10000.00,             0,             0,             12,             'Step12',             @GV_Local,             'Success'         )     END      ELSE IF @PropertyUseTypeId = 2     BEGIN         INSERT INTO @Result          VALUES         (             @PropertyUseTypeId,             @PropName,             'Software Charges',             @CalcArea,             2000.00,             0,   2000.00,             0,             0,             12,             'Step12',             @GV_Local,             'Success'         )     END      ELSE     BEGIN         SET @ErrMsg = 'Step 12 not applicable for ' + @PropName          INSERT INTO @Result          VALUES         (             @PropertyUseTypeId,             @PropName,             'ERROR',             @CalcArea,             NULL,             NULL,             NULL,             NULL,             NULL,             12,             'Step12',             NULL,             @ErrMsg         )          GOTO FINAL_OUTPUT     END  END  SET @i=@i+1 END  ----------------------------------------------------- -- FINAL OUTPUT + INSERT/LOG  ----------------------------------------------------- FINAL_OUTPUT:  UPDATE BtoA_FinalPaymentTrn SET      FPC_Active = 0,     FPC_Remarks = CONCAT(ISNULL(FPC_Remarks,''), ' - Recalculated'),     FPC_UDate = GETDATE(),     FPC_UBy = @cby,     FPC_URole = @crole WHERE FPC_AppId = @AppID AND FPC_Active = 1;  -- ✅ INSERT / LOG ALWAYS EXECUTES IF @ErrMsg IS NOT NULL BEGIN      INSERT INTO BtoA_FinalPaymentTrn     (         FPC_AppId,FPC_Name,FPC_Desc,FPC_AmountCalculated,FPC_NetAmount,         FPC_PayStatus,FPC_Pay_Isdisplay,FPC_Active,FPC_Remarks,         FPC_CDate,FPC_CBy,FPC_CRole,FPC_PaymentDate,FPC_StepName     )     VALUES     (         @AppID,         'Calculation Failed',         @ErrMsg,         0,         0,         0,         1,         1,         @ErrMsg,         GETDATE(),         @cby,         @crole,         GETDATE(),         'ERROR'     ) END ELSE BEGIN        INSERT INTO BtoA_FinalPaymentTrn 	( 	FPC_AppId,FPC_Name,FPC_Desc,FPC_PercentagePerSqmt,FPC_AreaMultiplierPerSqmt, 	FPC_AmountCalculated,FPC_Rebate,FPC_NetAmount,FPC_PayStatus,FPC_Pay_Isdisplay, 	FPC_Active,FPC_Remarks,FPC_AdditionalInfo,FPC_CDate,FPC_CBy,FPC_CRole, 	FPC_PaymentDate,FPC_StepId,FPC_StepName,FPC_CessValue 	) 	SELECT 	@AppID,FeesName,FeesName,Percentagee,Multiplier, 	Amount,Discount,Amount, 	0 	,CASE WHEN StepNameId > 4 THEN 1 ELSE 0 END,1, 	CASE              WHEN @PropertyUseTypeId = 3                  THEN 'Calculation - Mixed - ' + PropertyType             ELSE                  'Calculation - ' + @PropName         END, 	NULL,GETDATE(),@cby,@crole, 	GETDATE(),StepNameId,StepName, 	CASE WHEN StepNameId=9 THEN Amount ELSE NULL END 	FROM @Result END  -- ✅ FINAL RESULT OUTPUT SELECT *  FROM @Result ORDER BY      CASE          WHEN PropertyType = 'Commercial' THEN 1         WHEN PropertyType = 'Residential' THEN 2         WHEN PropertyType = 'Industrial' THEN 3         WHEN PropertyType = 'ALL' THEN 4         ELSE 5     END,     StepNameId   END  ",,
18-09-2026 12:58,INFRA\bbmpuser2,INFRA\bbmpuser2,KhataBtoA_prod,BBMP-DB-VP14,Microsoft SQL Server Management Studio - Query,68," 		UPDATE b 		SET  		    b.IsAutoApprovedManually = 1 		FROM dbo.JC_Auto_Approved_SPA_Applications b 		INNER JOIN dbo.BtoAMainApp a 		    ON a.App_DisplayId = b.ApplicationDisplayID 		    AND ISNULL(a.App_MotherEPID, '') = ISNULL(b.MotherEPID, '') 		WHERE  		ISNULL(b.IsAutoApprovedManually, 0) = 0 		AND b.CreatedDate >= CAST(GETDATE() AS DATE) 		AND b.CreatedDate < DATEADD(DAY, 1, CAST(GETDATE() AS DATE)) 		AND a.App_Status = 150 		AND ISNULL(a.IsApp_JCAutoApproved, 0) = 1 and  		isnull(a.IsApp_PropertyVerificationRequired,0)=0 and isnull(a.IsApp_MasterPlanMismatch,0)=0; ",,
18-09-2026 12:58,INFRA\bbmpuser2,INFRA\bbmpuser2,KhataBtoA_prod,BBMP-DB-VP14,Microsoft SQL Server Management Studio - Query,68," UPDATE a         SET             a.IsApp_JCAutoApproved = 1,             a.App_JCApprovedDate = GETDATE(),             a.App_AdditionalInfo =  'The application is auto-approved in JC Login',             a.App_Status = 150,             a.App_UDte = GETDATE()          FROM dbo.BtoAMainApp a          INNER JOIN dbo.JC_Auto_Approved_SPA_Applications b             ON b.ApplicationDisplayID = a.App_DisplayId             AND ISNULL(b.MotherEPID, '') =                 ISNULL(a.App_MotherEPID, '')          WHERE a.App_Status in (14,1000) and a.App_Source='newkhata' 		and isnull(a.IsApp_PropertyVerificationRequired,0)=0 and isnull(a.IsApp_MasterPlanMismatch,0)=0; ",,
18-09-2026 12:58,INFRA\bbmpuser2,INFRA\bbmpuser2,KhataBtoA_prod,BBMP-DB-VP14,Microsoft SQL Server Management Studio - Query,68,"         UPDATE s         SET             s.Sts_PrevStatusId = s.Sts_MainAppStatus,             s.Sts_MainAppStatus = 150,             s.Sts_CurrStatusId = 150,             s.Udt = GETDATE(),             s.Sts_comments = 'The application is auto-approved in JC Login',             s.Sts_PrevOfficerRoleId = s.Sts_CurrOfficerRoleId,             s.Sts_CurrOfficerRoleId = 125,             s.Sts_PrevOfficerId = s.Sts_CurrOfficerId          FROM dbo.BtoA_Status_Master_Tran s          INNER JOIN dbo.BtoAMainApp a             ON a.App_Id = s.Sts_MainAppId          INNER JOIN dbo.JC_Auto_Approved_SPA_Applications b             ON b.ApplicationDisplayID = a.App_DisplayId             AND ISNULL(b.MotherEPID, '') = ISNULL(a.App_MotherEPID, '')          WHERE             s.Sts_MainAppStatus in (14,1000) and a.App_Status in (14,1000)  and a.App_Source='newkhata' 			and isnull(a.IsApp_PropertyVerificationRequired,0)=0 and isnull(a.IsApp_MasterPlanMismatch,0)=0; ",,
18-09-2026 12:57,INFRA\bbmpuser2,INFRA\bbmpuser2,KhataBtoA_prod,BBMP-DB-VP14,Microsoft SQL Server Management Studio - Query,68,"         DROP TABLE IF EXISTS #Apps;         DROP TABLE IF EXISTS #JCMovedDate;           /*=========================================================           STEP 1 : GET BASE ELIGIBLE APPLICATIONS         =========================================================*/          SELECT             a.App_Id,             a.App_DisplayId,             a.App_Status,             a.GBA,             a.GBAId,             a.App_MotherEPID,             a.App_Source,              ofi.BtoA_RoadId,             ofi.BtoA_RoadName,              ksr.Road_ID,             ksr.Road_Name,             ksr.GuidanceValueSqMt,              /* EPID Metadata */             b.MD_Zonename,             b.MD_WardName,             b.MD_SiteArea,             b.MD_ZoneId,             b.MD_WardId,             b.MD_StreetId,              /* Officer Details */             o.Ofcr_IsGovtProperty,             o.Ofcr_CorrectedPropertyUseTypeValue,             o.Ofcr_CorrectedPropertyUseTypeId,             o.Ofcr_RoadFacingSides,             o.KSRSACMasterPlanLandUseType          INTO #Apps          FROM dbo.BtoAMainApp a          INNER JOIN dbo.BtoA_EPIDMetaData b             ON b.MD_APP_ID = a.App_Id          INNER JOIN         (             SELECT                 Ofcr_BtoA_MainAppId,                 Ofcr_IsGovtProperty,                 Ofcr_CorrectedPropertyUseTypeValue,                 Ofcr_CorrectedPropertyUseTypeId,                 Ofcr_RoadFacingSides,                 ResidentialPlotareaAfterRoadWideninginSqmt,                 CommercialPlotareaAfterRoadWideninginSqmt,                 IndustrialPlotareaAfterRoadWideninginSqmt,                 KSRSACMasterPlanLandUseType             FROM dbo.BtoA_MainApp_Officer         ) o             ON o.Ofcr_BtoA_MainAppId = a.App_Id          INNER JOIN dbo.BtoA_SiteRoadDetails_Officer ofi             ON ofi.BtoA_MainAppId = a.App_Id          INNER JOIN masterDB_prod.dbo.MstRoadKSRAC ksr             ON ofi.BtoA_RoadId = ksr.Road_ID          /* JC Officer eligibility */         INNER JOIN masterDB_prod.dbo.mst_officer ofc             ON b.MD_ZoneId = ofc.Ofcr_ZoneId          WHERE             a.App_Active = 1             AND a.App_Status in (14,1000)             AND ofc.Ofcr_RoleId = 125             AND ofc.Ofcr_Active = 1             AND a.App_Source = 'newkhata'             AND b.MD_SiteArea >= 50             AND b.MD_SiteArea <= 1000             AND ISNULL(ofi.IsRMPPropersed, 'N') = 'N'             AND ksr.GuidanceValueSqMt IS NOT NULL 			AND a.App_JCMovedDate is not null             AND a.App_JCMovedDate < DATEADD(DAY, -13, CAST(GETDATE() AS DATE))             AND ofc.Ofcr_Id NOT IN (65, 11240, 11241) 			AND ISNULL(a.IsApp_MasterPlanMismatch, 0) = 0             AND ISNULL(a.IsApp_PropertyVerificationRequired, 0) = 0          /*=========================================================           ROAD-WIDENING AREA VALIDATION         =========================================================*/          AND         (             /* Commercial */             (                 o.Ofcr_CorrectedPropertyUseTypeId = 1                 AND ISNULL(o.CommercialPlotareaAfterRoadWideninginSqmt, 0) > 5             )              OR              /* Residential */             (                 o.Ofcr_CorrectedPropertyUseTypeId = 2                 AND ISNULL(o.ResidentialPlotareaAfterRoadWideninginSqmt, 0) > 5             )              OR              /* Mixed - BOTH areas must be greater than 5 */             (                 o.Ofcr_CorrectedPropertyUseTypeId = 3                 AND ISNULL(o.CommercialPlotareaAfterRoadWideninginSqmt, 0) > 5                 AND ISNULL(o.ResidentialPlotareaAfterRoadWideninginSqmt, 0) > 5             )              OR              /* Industrial */             (                 o.Ofcr_CorrectedPropertyUseTypeId = 4                 AND ISNULL(o.IndustrialPlotareaAfterRoadWideninginSqmt, 0) > 5             )         )          /*=========================================================           PROPERTY USE TYPE VS MASTER PLAN VALIDATION         =========================================================*/          AND         (             /* Residential -> ONLY Residential */             (                 o.Ofcr_CorrectedPropertyUseTypeValue = 'Residential'                 AND o.KSRSACMasterPlanLandUseType = 'Residential'             )              OR              /* Commercial -> Residential OR Commercial */             (                 o.Ofcr_CorrectedPropertyUseTypeValue = 'Commercial'                 AND o.KSRSACMasterPlanLandUseType IN                     ('Residential', 'Commercial')             )              OR              /* Industrial -> Residential OR Industrial */             (                 o.Ofcr_CorrectedPropertyUseTypeValue = 'Industrial'                 AND o.KSRSACMasterPlanLandUseType IN                     ('Residential', 'Industrial')             )              OR              /* Mixed -> Residential OR Commercial */             (                 o.Ofcr_CorrectedPropertyUseTypeValue = 'Mixed'                 AND o.KSRSACMasterPlanLandUseType IN                     ('Residential', 'Commercial')             )         );           /*=========================================================           INDEX TEMP TABLE         =========================================================*/          CREATE CLUSTERED INDEX IX_Apps_AppId         ON #Apps(App_Id);           /*=========================================================           STEP 2 : GET LATEST JC MOVED DATE         =========================================================*/          SELECT             s.Sts_MainAppId AS App_Id,             MAX(s.Udt) AS App_JCMovedDate          INTO #JCMovedDate          FROM dbo.BtoA_Status_Master_Tran s          INNER JOIN #Apps a             ON a.App_Id = s.Sts_MainAppId          WHERE             s.Sts_MainAppStatus in (14,1000)          GROUP BY             s.Sts_MainAppId          HAVING             MAX(s.Udt) < DATEADD(DAY, -13, CAST(GETDATE() AS DATE));           /*=========================================================           INDEX JC TEMP TABLE         =========================================================*/          CREATE UNIQUE CLUSTERED INDEX IX_JCMovedDate_AppId         ON #JCMovedDate(App_Id);           /*=========================================================           STEP 3 : INSERT ONLY NEW ELIGIBLE APPLICATIONS            ApplicationDisplayID already existing in target table           will NOT be inserted.         =========================================================*/          INSERT INTO dbo.JC_Auto_Approved_SPA_Applications         (             ApplicationDisplayID,             MotherEPID,             Application_Status,             Corporation,             Zone,             Ward,             IsGovtProperty,             BtoA_RoadId,             BtoA_RoadName,             Road_ID,             Road_Name,             GuidanceValueSqMt,             PropertyUseType,             Application_JCMovedDate,             Application_type,             BtoA_RoadType,             IsMasterPlanMismatch,             SiteArea,             JC_Pending_Days,             CreatedDate,             OfficerName,             IsAutoApprovedManually         )          SELECT DISTINCT              a.App_DisplayId AS ApplicationDisplayID,              a.App_MotherEPID AS MotherEPID,              CASE                 WHEN a.App_Status  in (14,1000)                 THEN 'Pending with JC'                 ELSE ''             END AS Application_Status,              a.GBA AS Corporation,              a.MD_Zonename AS Zone,              a.MD_WardName AS Ward,              CASE                 WHEN ISNULL(a.Ofcr_IsGovtProperty, 0) = 0                 THEN 'NO'             END AS IsGovtProperty,              a.BtoA_RoadId,              a.BtoA_RoadName,              a.Road_ID,              a.Road_Name,              a.GuidanceValueSqMt,              a.Ofcr_CorrectedPropertyUseTypeValue AS PropertyUseType,              jc.App_JCMovedDate AS Application_JCMovedDate,              CASE                 WHEN a.App_Source <> 'newkhata'                 THEN 'B2A'             END AS Application_type,              'public' AS BtoA_RoadType,              'No' AS IsMasterPlanMismatch,              a.MD_SiteArea AS SiteArea,              DATEDIFF             (                 DAY,                 CAST(jc.App_JCMovedDate AS DATE),                 CAST(GETDATE() AS DATE)             ) AS JC_Pending_Days,              GETDATE() AS CreatedDate,              jcOfficer.Ofcr_Name AS OfficerName,              0 AS IsAutoApprovedManually          FROM #Apps a          INNER JOIN #JCMovedDate jc             ON jc.App_Id = a.App_Id           /*=========================================================           GET ONE ACTIVE JC OFFICER FOR THE ZONE         =========================================================*/          OUTER APPLY         (             SELECT TOP 1                 ofc.Ofcr_Name,                 ofc.Ofcr_Id              FROM masterDB_prod.dbo.mst_officer ofc              WHERE                 ofc.Ofcr_ZoneId = a.MD_ZoneId                 AND ofc.Ofcr_RoleId = 125                 AND ofc.Ofcr_Active = 1                 AND ofc.Ofcr_Id NOT IN (65, 11240, 11241)              ORDER BY                 ofc.Ofcr_Id          ) jcOfficer           WHERE          /*=========================================================           1. MUST HAVE AT LEAST ONE ROAD         =========================================================*/          EXISTS         (             SELECT 1              FROM dbo.BtoA_SiteRoadDetails_Officer r              WHERE r.BtoA_MainAppId = a.App_Id         )           /*=========================================================           2. ALL ROADS MUST BE PUBLIC         =========================================================*/          AND NOT EXISTS         (             SELECT 1              FROM dbo.BtoA_SiteRoadDetails_Officer r              WHERE r.BtoA_MainAppId = a.App_Id              AND             (                 r.BtoA_RoadType IS NULL                 OR LTRIM(RTRIM(r.BtoA_RoadType)) = ''                 OR LOWER(LTRIM(RTRIM(r.BtoA_RoadType))) <> 'public'             )         )           /*=========================================================           3. EVERY ROAD MUST MATCH KSRAC         =========================================================*/          AND NOT EXISTS         (             SELECT 1              FROM dbo.BtoA_SiteRoadDetails_Officer r              WHERE r.BtoA_MainAppId = a.App_Id              AND NOT EXISTS             (                 SELECT 1                  FROM masterDB_prod.dbo.mst_AROMapping aro                  INNER JOIN masterDB_prod.dbo.MstRoadKSRAC k                     ON k.GBAZONEID = aro.GBAZONEID                     AND k.BBMPWardId = aro.BBMPWardId                     AND k.Road_Active = 1                  WHERE                     aro.GBAZONEID = a.MD_ZoneId                     AND aro.BBMPWardId = a.MD_WardId                     AND aro.BBMPStreetId = a.MD_StreetId                     AND aro.easthiULBNAME_CorpId = a.GBAId                     AND k.GuidanceValueSqMt IS NOT NULL                     AND k.Road_ID = r.BtoA_RoadId                     AND LTRIM(RTRIM(k.Road_Name))                         = LTRIM(RTRIM(r.BtoA_RoadName))             )         )           /*=========================================================           4. EXCLUDE GOVERNMENT PROPERTY         =========================================================*/          AND ISNULL(a.Ofcr_IsGovtProperty, 0) = 0           /*=========================================================           5. EXCLUDE GOOGLE GOVERNMENT PROPERTY         =========================================================*/          AND NOT EXISTS         (             SELECT 1              FROM dbo.BtoA_SiteDtls s              WHERE s.Site_App_Id = a.App_Id              AND ISNULL(s.GooglePropertyType, '') = 'govt'         )           /*=========================================================           PREVENT DUPLICATE INSERTS         =========================================================*/          AND NOT EXISTS         (             SELECT 1             FROM dbo.JC_Auto_Approved_SPA_Applications j              WHERE j.ApplicationDisplayID = a.App_DisplayId               AND ISNULL(j.MotherEPID, '') = ISNULL(a.App_MotherEPID, '')         ); ",,
18-09-2026 12:57,INFRA\bbmpuser2,INFRA\bbmpuser2,KhataBtoA_prod,BBMP-DB-VP14,Microsoft SQL Server Management Studio - Query,68,"         DROP TABLE IF EXISTS #Apps;         DROP TABLE IF EXISTS #JCMovedDate;           /*=========================================================           STEP 1 : GET BASE ELIGIBLE APPLICATIONS         =========================================================*/          SELECT             a.App_Id,             a.App_DisplayId,             a.App_Status,             a.GBA,             a.GBAId,             a.App_MotherEPID,             a.App_Source,              ofi.BtoA_RoadId,             ofi.BtoA_RoadName,              ksr.Road_ID,             ksr.Road_Name,             ksr.GuidanceValueSqMt,              /* EPID Metadata */             b.MD_Zonename,             b.MD_WardName,             b.MD_SiteArea,             b.MD_ZoneId,             b.MD_WardId,             b.MD_StreetId,              /* Officer Details */             o.Ofcr_IsGovtProperty,             o.Ofcr_CorrectedPropertyUseTypeValue,             o.Ofcr_CorrectedPropertyUseTypeId,             o.Ofcr_RoadFacingSides,             o.KSRSACMasterPlanLandUseType          INTO #Apps          FROM dbo.BtoAMainApp a          INNER JOIN dbo.BtoA_EPIDMetaData b             ON b.MD_APP_ID = a.App_Id          INNER JOIN         (             SELECT                 Ofcr_BtoA_MainAppId,                 Ofcr_IsGovtProperty,                 Ofcr_CorrectedPropertyUseTypeValue,                 Ofcr_CorrectedPropertyUseTypeId,                 Ofcr_RoadFacingSides,                 ResidentialPlotareaAfterRoadWideninginSqmt,                 CommercialPlotareaAfterRoadWideninginSqmt,                 IndustrialPlotareaAfterRoadWideninginSqmt,                 KSRSACMasterPlanLandUseType             FROM dbo.BtoA_MainApp_Officer         ) o             ON o.Ofcr_BtoA_MainAppId = a.App_Id          INNER JOIN dbo.BtoA_SiteRoadDetails_Officer ofi             ON ofi.BtoA_MainAppId = a.App_Id          INNER JOIN masterDB_prod.dbo.MstRoadKSRAC ksr             ON ofi.BtoA_RoadId = ksr.Road_ID          /* JC Officer eligibility */         INNER JOIN masterDB_prod.dbo.mst_officer ofc             ON b.MD_ZoneId = ofc.Ofcr_ZoneId          WHERE             a.App_Active = 1             AND a.App_Status in (14,1000)             AND ofc.Ofcr_RoleId = 125             AND ofc.Ofcr_Active = 1             AND a.App_Source = 'newkhata'             AND b.MD_SiteArea >= 50             AND b.MD_SiteArea <= 1000             AND ISNULL(ofi.IsRMPPropersed, 'N') = 'N'             AND ksr.GuidanceValueSqMt IS NOT NULL 			AND a.App_JCMovedDate is not null             AND a.App_JCMovedDate < DATEADD(DAY, -13, CAST(GETDATE() AS DATE))             AND ofc.Ofcr_Id NOT IN (65, 11240, 11241) 			AND ISNULL(a.IsApp_MasterPlanMismatch, 0) = 0             AND ISNULL(a.IsApp_PropertyVerificationRequired, 0) = 0          /*=========================================================           ROAD-WIDENING AREA VALIDATION         =========================================================*/          AND         (             /* Commercial */             (                 o.Ofcr_CorrectedPropertyUseTypeId = 1                 AND ISNULL(o.CommercialPlotareaAfterRoadWideninginSqmt, 0) > 5             )              OR              /* Residential */             (                 o.Ofcr_CorrectedPropertyUseTypeId = 2                 AND ISNULL(o.ResidentialPlotareaAfterRoadWideninginSqmt, 0) > 5             )              OR              /* Mixed - BOTH areas must be greater than 5 */             (                 o.Ofcr_CorrectedPropertyUseTypeId = 3                 AND ISNULL(o.CommercialPlotareaAfterRoadWideninginSqmt, 0) > 5                 AND ISNULL(o.ResidentialPlotareaAfterRoadWideninginSqmt, 0) > 5             )              OR              /* Industrial */             (                 o.Ofcr_CorrectedPropertyUseTypeId = 4                 AND ISNULL(o.IndustrialPlotareaAfterRoadWideninginSqmt, 0) > 5             )         )          /*=========================================================           PROPERTY USE TYPE VS MASTER PLAN VALIDATION         =========================================================*/          AND         (             /* Residential -> ONLY Residential */             (                 o.Ofcr_CorrectedPropertyUseTypeValue = 'Residential'                 AND o.KSRSACMasterPlanLandUseType = 'Residential'             )              OR              /* Commercial -> Residential OR Commercial */             (                 o.Ofcr_CorrectedPropertyUseTypeValue = 'Commercial'                 AND o.KSRSACMasterPlanLandUseType IN                     ('Residential', 'Commercial')             )              OR              /* Industrial -> Residential OR Industrial */             (                 o.Ofcr_CorrectedPropertyUseTypeValue = 'Industrial'                 AND o.KSRSACMasterPlanLandUseType IN                     ('Residential', 'Industrial')             )              OR              /* Mixed -> Residential OR Commercial */             (                 o.Ofcr_CorrectedPropertyUseTypeValue = 'Mixed'                 AND o.KSRSACMasterPlanLandUseType IN                     ('Residential', 'Commercial')             )         );           /*=========================================================           INDEX TEMP TABLE         =========================================================*/          CREATE CLUSTERED INDEX IX_Apps_AppId         ON #Apps(App_Id);           /*=========================================================           STEP 2 : GET LATEST JC MOVED DATE         =========================================================*/          SELECT             s.Sts_MainAppId AS App_Id,             MAX(s.Udt) AS App_JCMovedDate          INTO #JCMovedDate          FROM dbo.BtoA_Status_Master_Tran s          INNER JOIN #Apps a             ON a.App_Id = s.Sts_MainAppId          WHERE             s.Sts_MainAppStatus in (14,1000)          GROUP BY             s.Sts_MainAppId          HAVING             MAX(s.Udt) < DATEADD(DAY, -13, CAST(GETDATE() AS DATE));           /*=========================================================           INDEX JC TEMP TABLE         =========================================================*/          CREATE UNIQUE CLUSTERED INDEX IX_JCMovedDate_AppId         ON #JCMovedDate(App_Id);           /*=========================================================           STEP 3 : INSERT ONLY NEW ELIGIBLE APPLICATIONS            ApplicationDisplayID already existing in target table           will NOT be inserted.         =========================================================*/          INSERT INTO dbo.JC_Auto_Approved_SPA_Applications         (             ApplicationDisplayID,             MotherEPID,             Application_Status,             Corporation,             Zone,             Ward,             IsGovtProperty,             BtoA_RoadId,             BtoA_RoadName,             Road_ID,             Road_Name,             GuidanceValueSqMt,             PropertyUseType,             Application_JCMovedDate,             Application_type,             BtoA_RoadType,             IsMasterPlanMismatch,             SiteArea,             JC_Pending_Days,             CreatedDate,             OfficerName,             IsAutoApprovedManually         )          SELECT DISTINCT              a.App_DisplayId AS ApplicationDisplayID,              a.App_MotherEPID AS MotherEPID,              CASE                 WHEN a.App_Status  in (14,1000)                 THEN 'Pending with JC'                 ELSE ''             END AS Application_Status,              a.GBA AS Corporation,              a.MD_Zonename AS Zone,              a.MD_WardName AS Ward,              CASE                 WHEN ISNULL(a.Ofcr_IsGovtProperty, 0) = 0                 THEN 'NO'             END AS IsGovtProperty,              a.BtoA_RoadId,              a.BtoA_RoadName,              a.Road_ID,              a.Road_Name,              a.GuidanceValueSqMt,              a.Ofcr_CorrectedPropertyUseTypeValue AS PropertyUseType,              jc.App_JCMovedDate AS Application_JCMovedDate,              CASE                 WHEN a.App_Source <> 'newkhata'                 THEN 'B2A'             END AS Application_type,              'public' AS BtoA_RoadType,              'No' AS IsMasterPlanMismatch,              a.MD_SiteArea AS SiteArea,              DATEDIFF             (                 DAY,                 CAST(jc.App_JCMovedDate AS DATE),                 CAST(GETDATE() AS DATE)             ) AS JC_Pending_Days,              GETDATE() AS CreatedDate,              jcOfficer.Ofcr_Name AS OfficerName,              0 AS IsAutoApprovedManually          FROM #Apps a          INNER JOIN #JCMovedDate jc             ON jc.App_Id = a.App_Id           /*=========================================================           GET ONE ACTIVE JC OFFICER FOR THE ZONE         =========================================================*/          OUTER APPLY         (             SELECT TOP 1                 ofc.Ofcr_Name,                 ofc.Ofcr_Id              FROM masterDB_prod.dbo.mst_officer ofc              WHERE                 ofc.Ofcr_ZoneId = a.MD_ZoneId                 AND ofc.Ofcr_RoleId = 125                 AND ofc.Ofcr_Active = 1                 AND ofc.Ofcr_Id NOT IN (65, 11240, 11241)              ORDER BY                 ofc.Ofcr_Id          ) jcOfficer           WHERE          /*=========================================================           1. MUST HAVE AT LEAST ONE ROAD         =========================================================*/          EXISTS         (             SELECT 1              FROM dbo.BtoA_SiteRoadDetails_Officer r              WHERE r.BtoA_MainAppId = a.App_Id         )           /*=========================================================           2. ALL ROADS MUST BE PUBLIC         =========================================================*/          AND NOT EXISTS         (             SELECT 1              FROM dbo.BtoA_SiteRoadDetails_Officer r              WHERE r.BtoA_MainAppId = a.App_Id              AND             (                 r.BtoA_RoadType IS NULL                 OR LTRIM(RTRIM(r.BtoA_RoadType)) = ''                 OR LOWER(LTRIM(RTRIM(r.BtoA_RoadType))) <> 'public'             )         )           /*=========================================================           3. EVERY ROAD MUST MATCH KSRAC         =========================================================*/          AND NOT EXISTS         (             SELECT 1              FROM dbo.BtoA_SiteRoadDetails_Officer r              WHERE r.BtoA_MainAppId = a.App_Id              AND NOT EXISTS             (                 SELECT 1                  FROM masterDB_prod.dbo.mst_AROMapping aro                  INNER JOIN masterDB_prod.dbo.MstRoadKSRAC k                     ON k.GBAZONEID = aro.GBAZONEID                     AND k.BBMPWardId = aro.BBMPWardId                     AND k.Road_Active = 1                  WHERE                     aro.GBAZONEID = a.MD_ZoneId                     AND aro.BBMPWardId = a.MD_WardId                     AND aro.BBMPStreetId = a.MD_StreetId                     AND aro.easthiULBNAME_CorpId = a.GBAId                     AND k.GuidanceValueSqMt IS NOT NULL                     AND k.Road_ID = r.BtoA_RoadId                     AND LTRIM(RTRIM(k.Road_Name))                         = LTRIM(RTRIM(r.BtoA_RoadName))             )         )           /*=========================================================           4. EXCLUDE GOVERNMENT PROPERTY         =========================================================*/          AND ISNULL(a.Ofcr_IsGovtProperty, 0) = 0           /*=========================================================           5. EXCLUDE GOOGLE GOVERNMENT PROPERTY         =========================================================*/          AND NOT EXISTS         (             SELECT 1              FROM dbo.BtoA_SiteDtls s              WHERE s.Site_App_Id = a.App_Id              AND ISNULL(s.GooglePropertyType, '') = 'govt'         )           /*=========================================================           PREVENT DUPLICATE INSERTS         =========================================================*/          AND NOT EXISTS         (             SELECT 1             FROM dbo.JC_Auto_Approved_SPA_Applications j              WHERE j.ApplicationDisplayID = a.App_DisplayId               AND ISNULL(j.MotherEPID, '') = ISNULL(a.App_MotherEPID, '')         ); ",,
18-09-2026 12:57,INFRA\bbmpuser2,INFRA\bbmpuser2,KhataBtoA_prod,BBMP-DB-VP14,Microsoft SQL Server Management Studio - Query,68,"         DROP TABLE IF EXISTS #Apps;         DROP TABLE IF EXISTS #JCMovedDate;           /*=========================================================           STEP 1 : GET BASE ELIGIBLE APPLICATIONS         =========================================================*/          SELECT             a.App_Id,             a.App_DisplayId,             a.App_Status,             a.GBA,             a.GBAId,             a.App_MotherEPID,             a.App_Source,              ofi.BtoA_RoadId,             ofi.BtoA_RoadName,              ksr.Road_ID,             ksr.Road_Name,             ksr.GuidanceValueSqMt,              /* EPID Metadata */             b.MD_Zonename,             b.MD_WardName,             b.MD_SiteArea,             b.MD_ZoneId,             b.MD_WardId,             b.MD_StreetId,              /* Officer Details */             o.Ofcr_IsGovtProperty,             o.Ofcr_CorrectedPropertyUseTypeValue,             o.Ofcr_CorrectedPropertyUseTypeId,             o.Ofcr_RoadFacingSides,             o.KSRSACMasterPlanLandUseType          INTO #Apps          FROM dbo.BtoAMainApp a          INNER JOIN dbo.BtoA_EPIDMetaData b             ON b.MD_APP_ID = a.App_Id          INNER JOIN         (             SELECT                 Ofcr_BtoA_MainAppId,                 Ofcr_IsGovtProperty,                 Ofcr_CorrectedPropertyUseTypeValue,                 Ofcr_CorrectedPropertyUseTypeId,                 Ofcr_RoadFacingSides,                 ResidentialPlotareaAfterRoadWideninginSqmt,                 CommercialPlotareaAfterRoadWideninginSqmt,                 IndustrialPlotareaAfterRoadWideninginSqmt,                 KSRSACMasterPlanLandUseType             FROM dbo.BtoA_MainApp_Officer         ) o             ON o.Ofcr_BtoA_MainAppId = a.App_Id          INNER JOIN dbo.BtoA_SiteRoadDetails_Officer ofi             ON ofi.BtoA_MainAppId = a.App_Id          INNER JOIN masterDB_prod.dbo.MstRoadKSRAC ksr             ON ofi.BtoA_RoadId = ksr.Road_ID          /* JC Officer eligibility */         INNER JOIN masterDB_prod.dbo.mst_officer ofc             ON b.MD_ZoneId = ofc.Ofcr_ZoneId          WHERE             a.App_Active = 1             AND a.App_Status in (14,1000)             AND ofc.Ofcr_RoleId = 125             AND ofc.Ofcr_Active = 1             AND a.App_Source = 'newkhata'             AND b.MD_SiteArea >= 50             AND b.MD_SiteArea <= 1000             AND ISNULL(ofi.IsRMPPropersed, 'N') = 'N'             AND ksr.GuidanceValueSqMt IS NOT NULL 			AND a.App_JCMovedDate is not null             AND a.App_JCMovedDate < DATEADD(DAY, -13, CAST(GETDATE() AS DATE))             AND ofc.Ofcr_Id NOT IN (65, 11240, 11241) 			AND ISNULL(a.IsApp_MasterPlanMismatch, 0) = 0             AND ISNULL(a.IsApp_PropertyVerificationRequired, 0) = 0          /*=========================================================           ROAD-WIDENING AREA VALIDATION         =========================================================*/          AND         (             /* Commercial */             (                 o.Ofcr_CorrectedPropertyUseTypeId = 1                 AND ISNULL(o.CommercialPlotareaAfterRoadWideninginSqmt, 0) > 5             )              OR              /* Residential */             (                 o.Ofcr_CorrectedPropertyUseTypeId = 2                 AND ISNULL(o.ResidentialPlotareaAfterRoadWideninginSqmt, 0) > 5             )              OR              /* Mixed - BOTH areas must be greater than 5 */             (                 o.Ofcr_CorrectedPropertyUseTypeId = 3                 AND ISNULL(o.CommercialPlotareaAfterRoadWideninginSqmt, 0) > 5                 AND ISNULL(o.ResidentialPlotareaAfterRoadWideninginSqmt, 0) > 5             )              OR              /* Industrial */             (                 o.Ofcr_CorrectedPropertyUseTypeId = 4                 AND ISNULL(o.IndustrialPlotareaAfterRoadWideninginSqmt, 0) > 5             )         )          /*=========================================================           PROPERTY USE TYPE VS MASTER PLAN VALIDATION         =========================================================*/          AND         (             /* Residential -> ONLY Residential */             (                 o.Ofcr_CorrectedPropertyUseTypeValue = 'Residential'                 AND o.KSRSACMasterPlanLandUseType = 'Residential'             )              OR              /* Commercial -> Residential OR Commercial */             (                 o.Ofcr_CorrectedPropertyUseTypeValue = 'Commercial'                 AND o.KSRSACMasterPlanLandUseType IN                     ('Residential', 'Commercial')             )              OR              /* Industrial -> Residential OR Industrial */             (                 o.Ofcr_CorrectedPropertyUseTypeValue = 'Industrial'                 AND o.KSRSACMasterPlanLandUseType IN                     ('Residential', 'Industrial')             )              OR              /* Mixed -> Residential OR Commercial */             (                 o.Ofcr_CorrectedPropertyUseTypeValue = 'Mixed'                 AND o.KSRSACMasterPlanLandUseType IN                     ('Residential', 'Commercial')             )         );           /*=========================================================           INDEX TEMP TABLE         =========================================================*/          CREATE CLUSTERED INDEX IX_Apps_AppId         ON #Apps(App_Id);           /*=========================================================           STEP 2 : GET LATEST JC MOVED DATE         =========================================================*/          SELECT             s.Sts_MainAppId AS App_Id,             MAX(s.Udt) AS App_JCMovedDate          INTO #JCMovedDate          FROM dbo.BtoA_Status_Master_Tran s          INNER JOIN #Apps a             ON a.App_Id = s.Sts_MainAppId          WHERE             s.Sts_MainAppStatus in (14,1000)          GROUP BY             s.Sts_MainAppId          HAVING             MAX(s.Udt) < DATEADD(DAY, -13, CAST(GETDATE() AS DATE));           /*=========================================================           INDEX JC TEMP TABLE         =========================================================*/          CREATE UNIQUE CLUSTERED INDEX IX_JCMovedDate_AppId         ON #JCMovedDate(App_Id);           /*=========================================================           STEP 3 : INSERT ONLY NEW ELIGIBLE APPLICATIONS            ApplicationDisplayID already existing in target table           will NOT be inserted.         =========================================================*/          INSERT INTO dbo.JC_Auto_Approved_SPA_Applications         (             ApplicationDisplayID,             MotherEPID,             Application_Status,             Corporation,             Zone,             Ward,             IsGovtProperty,             BtoA_RoadId,             BtoA_RoadName,             Road_ID,             Road_Name,             GuidanceValueSqMt,             PropertyUseType,             Application_JCMovedDate,             Application_type,             BtoA_RoadType,             IsMasterPlanMismatch,             SiteArea,             JC_Pending_Days,             CreatedDate,             OfficerName,             IsAutoApprovedManually         )          SELECT DISTINCT              a.App_DisplayId AS ApplicationDisplayID,              a.App_MotherEPID AS MotherEPID,              CASE                 WHEN a.App_Status  in (14,1000)                 THEN 'Pending with JC'                 ELSE ''             END AS Application_Status,              a.GBA AS Corporation,              a.MD_Zonename AS Zone,              a.MD_WardName AS Ward,              CASE                 WHEN ISNULL(a.Ofcr_IsGovtProperty, 0) = 0                 THEN 'NO'             END AS IsGovtProperty,              a.BtoA_RoadId,              a.BtoA_RoadName,              a.Road_ID,              a.Road_Name,              a.GuidanceValueSqMt,              a.Ofcr_CorrectedPropertyUseTypeValue AS PropertyUseType,              jc.App_JCMovedDate AS Application_JCMovedDate,              CASE                 WHEN a.App_Source <> 'newkhata'                 THEN 'B2A'             END AS Application_type,              'public' AS BtoA_RoadType,              'No' AS IsMasterPlanMismatch,              a.MD_SiteArea AS SiteArea,              DATEDIFF             (                 DAY,                 CAST(jc.App_JCMovedDate AS DATE),                 CAST(GETDATE() AS DATE)             ) AS JC_Pending_Days,              GETDATE() AS CreatedDate,              jcOfficer.Ofcr_Name AS OfficerName,              0 AS IsAutoApprovedManually          FROM #Apps a          INNER JOIN #JCMovedDate jc             ON jc.App_Id = a.App_Id           /*=========================================================           GET ONE ACTIVE JC OFFICER FOR THE ZONE         =========================================================*/          OUTER APPLY         (             SELECT TOP 1                 ofc.Ofcr_Name,                 ofc.Ofcr_Id              FROM masterDB_prod.dbo.mst_officer ofc              WHERE                 ofc.Ofcr_ZoneId = a.MD_ZoneId                 AND ofc.Ofcr_RoleId = 125                 AND ofc.Ofcr_Active = 1                 AND ofc.Ofcr_Id NOT IN (65, 11240, 11241)              ORDER BY                 ofc.Ofcr_Id          ) jcOfficer           WHERE          /*=========================================================           1. MUST HAVE AT LEAST ONE ROAD         =========================================================*/          EXISTS         (             SELECT 1              FROM dbo.BtoA_SiteRoadDetails_Officer r              WHERE r.BtoA_MainAppId = a.App_Id         )           /*=========================================================           2. ALL ROADS MUST BE PUBLIC         =========================================================*/          AND NOT EXISTS         (             SELECT 1              FROM dbo.BtoA_SiteRoadDetails_Officer r              WHERE r.BtoA_MainAppId = a.App_Id              AND             (                 r.BtoA_RoadType IS NULL                 OR LTRIM(RTRIM(r.BtoA_RoadType)) = ''                 OR LOWER(LTRIM(RTRIM(r.BtoA_RoadType))) <> 'public'             )         )           /*=========================================================           3. EVERY ROAD MUST MATCH KSRAC         =========================================================*/          AND NOT EXISTS         (             SELECT 1              FROM dbo.BtoA_SiteRoadDetails_Officer r              WHERE r.BtoA_MainAppId = a.App_Id              AND NOT EXISTS             (                 SELECT 1                  FROM masterDB_prod.dbo.mst_AROMapping aro                  INNER JOIN masterDB_prod.dbo.MstRoadKSRAC k                     ON k.GBAZONEID = aro.GBAZONEID                     AND k.BBMPWardId = aro.BBMPWardId                     AND k.Road_Active = 1                  WHERE                     aro.GBAZONEID = a.MD_ZoneId                     AND aro.BBMPWardId = a.MD_WardId                     AND aro.BBMPStreetId = a.MD_StreetId                     AND aro.easthiULBNAME_CorpId = a.GBAId                     AND k.GuidanceValueSqMt IS NOT NULL                     AND k.Road_ID = r.BtoA_RoadId                     AND LTRIM(RTRIM(k.Road_Name))                         = LTRIM(RTRIM(r.BtoA_RoadName))             )         )           /*=========================================================           4. EXCLUDE GOVERNMENT PROPERTY         =========================================================*/          AND ISNULL(a.Ofcr_IsGovtProperty, 0) = 0           /*=========================================================           5. EXCLUDE GOOGLE GOVERNMENT PROPERTY         =========================================================*/          AND NOT EXISTS         (             SELECT 1              FROM dbo.BtoA_SiteDtls s              WHERE s.Site_App_Id = a.App_Id              AND ISNULL(s.GooglePropertyType, '') = 'govt'         )           /*=========================================================           PREVENT DUPLICATE INSERTS         =========================================================*/          AND NOT EXISTS         (             SELECT 1             FROM dbo.JC_Auto_Approved_SPA_Applications j              WHERE j.ApplicationDisplayID = a.App_DisplayId               AND ISNULL(j.MotherEPID, '') = ISNULL(a.App_MotherEPID, '')         ); ",,
18-09-2026 12:57,INFRA\bbmpuser2,INFRA\bbmpuser2,KhataBtoA_prod,BBMP-DB-VP14,Microsoft SQL Server Management Studio - Query,68,"         DROP TABLE IF EXISTS #Apps;         DROP TABLE IF EXISTS #JCMovedDate;           /*=========================================================           STEP 1 : GET BASE ELIGIBLE APPLICATIONS         =========================================================*/          SELECT             a.App_Id,             a.App_DisplayId,             a.App_Status,             a.GBA,             a.GBAId,             a.App_MotherEPID,             a.App_Source,              ofi.BtoA_RoadId,             ofi.BtoA_RoadName,              ksr.Road_ID,             ksr.Road_Name,             ksr.GuidanceValueSqMt,              /* EPID Metadata */             b.MD_Zonename,             b.MD_WardName,             b.MD_SiteArea,             b.MD_ZoneId,             b.MD_WardId,             b.MD_StreetId,              /* Officer Details */             o.Ofcr_IsGovtProperty,             o.Ofcr_CorrectedPropertyUseTypeValue,             o.Ofcr_CorrectedPropertyUseTypeId,             o.Ofcr_RoadFacingSides,             o.KSRSACMasterPlanLandUseType          INTO #Apps          FROM dbo.BtoAMainApp a          INNER JOIN dbo.BtoA_EPIDMetaData b             ON b.MD_APP_ID = a.App_Id          INNER JOIN         (             SELECT                 Ofcr_BtoA_MainAppId,                 Ofcr_IsGovtProperty,                 Ofcr_CorrectedPropertyUseTypeValue,                 Ofcr_CorrectedPropertyUseTypeId,                 Ofcr_RoadFacingSides,                 ResidentialPlotareaAfterRoadWideninginSqmt,                 CommercialPlotareaAfterRoadWideninginSqmt,                 IndustrialPlotareaAfterRoadWideninginSqmt,                 KSRSACMasterPlanLandUseType             FROM dbo.BtoA_MainApp_Officer         ) o             ON o.Ofcr_BtoA_MainAppId = a.App_Id          INNER JOIN dbo.BtoA_SiteRoadDetails_Officer ofi             ON ofi.BtoA_MainAppId = a.App_Id          INNER JOIN masterDB_prod.dbo.MstRoadKSRAC ksr             ON ofi.BtoA_RoadId = ksr.Road_ID          /* JC Officer eligibility */         INNER JOIN masterDB_prod.dbo.mst_officer ofc             ON b.MD_ZoneId = ofc.Ofcr_ZoneId          WHERE             a.App_Active = 1             AND a.App_Status in (14,1000)             AND ofc.Ofcr_RoleId = 125             AND ofc.Ofcr_Active = 1             AND a.App_Source = 'newkhata'             AND b.MD_SiteArea >= 50             AND b.MD_SiteArea <= 1000             AND ISNULL(ofi.IsRMPPropersed, 'N') = 'N'             AND ksr.GuidanceValueSqMt IS NOT NULL 			AND a.App_JCMovedDate is not null             AND a.App_JCMovedDate < DATEADD(DAY, -13, CAST(GETDATE() AS DATE))             AND ofc.Ofcr_Id NOT IN (65, 11240, 11241) 			AND ISNULL(a.IsApp_MasterPlanMismatch, 0) = 0             AND ISNULL(a.IsApp_PropertyVerificationRequired, 0) = 0          /*=========================================================           ROAD-WIDENING AREA VALIDATION         =========================================================*/          AND         (             /* Commercial */             (                 o.Ofcr_CorrectedPropertyUseTypeId = 1                 AND ISNULL(o.CommercialPlotareaAfterRoadWideninginSqmt, 0) > 5             )              OR              /* Residential */             (                 o.Ofcr_CorrectedPropertyUseTypeId = 2                 AND ISNULL(o.ResidentialPlotareaAfterRoadWideninginSqmt, 0) > 5             )              OR              /* Mixed - BOTH areas must be greater than 5 */             (                 o.Ofcr_CorrectedPropertyUseTypeId = 3                 AND ISNULL(o.CommercialPlotareaAfterRoadWideninginSqmt, 0) > 5                 AND ISNULL(o.ResidentialPlotareaAfterRoadWideninginSqmt, 0) > 5             )              OR              /* Industrial */             (                 o.Ofcr_CorrectedPropertyUseTypeId = 4                 AND ISNULL(o.IndustrialPlotareaAfterRoadWideninginSqmt, 0) > 5             )         )          /*=========================================================           PROPERTY USE TYPE VS MASTER PLAN VALIDATION         =========================================================*/          AND         (             /* Residential -> ONLY Residential */             (                 o.Ofcr_CorrectedPropertyUseTypeValue = 'Residential'                 AND o.KSRSACMasterPlanLandUseType = 'Residential'             )              OR              /* Commercial -> Residential OR Commercial */             (                 o.Ofcr_CorrectedPropertyUseTypeValue = 'Commercial'                 AND o.KSRSACMasterPlanLandUseType IN                     ('Residential', 'Commercial')             )              OR              /* Industrial -> Residential OR Industrial */             (                 o.Ofcr_CorrectedPropertyUseTypeValue = 'Industrial'                 AND o.KSRSACMasterPlanLandUseType IN                     ('Residential', 'Industrial')             )              OR              /* Mixed -> Residential OR Commercial */             (                 o.Ofcr_CorrectedPropertyUseTypeValue = 'Mixed'                 AND o.KSRSACMasterPlanLandUseType IN                     ('Residential', 'Commercial')             )         );           /*=========================================================           INDEX TEMP TABLE         =========================================================*/          CREATE CLUSTERED INDEX IX_Apps_AppId         ON #Apps(App_Id);           /*=========================================================           STEP 2 : GET LATEST JC MOVED DATE         =========================================================*/          SELECT             s.Sts_MainAppId AS App_Id,             MAX(s.Udt) AS App_JCMovedDate          INTO #JCMovedDate          FROM dbo.BtoA_Status_Master_Tran s          INNER JOIN #Apps a             ON a.App_Id = s.Sts_MainAppId          WHERE             s.Sts_MainAppStatus in (14,1000)          GROUP BY             s.Sts_MainAppId          HAVING             MAX(s.Udt) < DATEADD(DAY, -13, CAST(GETDATE() AS DATE));           /*=========================================================           INDEX JC TEMP TABLE         =========================================================*/          CREATE UNIQUE CLUSTERED INDEX IX_JCMovedDate_AppId         ON #JCMovedDate(App_Id);           /*=========================================================           STEP 3 : INSERT ONLY NEW ELIGIBLE APPLICATIONS            ApplicationDisplayID already existing in target table           will NOT be inserted.         =========================================================*/          INSERT INTO dbo.JC_Auto_Approved_SPA_Applications         (             ApplicationDisplayID,             MotherEPID,             Application_Status,             Corporation,             Zone,             Ward,             IsGovtProperty,             BtoA_RoadId,             BtoA_RoadName,             Road_ID,             Road_Name,             GuidanceValueSqMt,             PropertyUseType,             Application_JCMovedDate,             Application_type,             BtoA_RoadType,             IsMasterPlanMismatch,             SiteArea,             JC_Pending_Days,             CreatedDate,             OfficerName,             IsAutoApprovedManually         )          SELECT DISTINCT              a.App_DisplayId AS ApplicationDisplayID,              a.App_MotherEPID AS MotherEPID,              CASE                 WHEN a.App_Status  in (14,1000)                 THEN 'Pending with JC'                 ELSE ''             END AS Application_Status,              a.GBA AS Corporation,              a.MD_Zonename AS Zone,              a.MD_WardName AS Ward,              CASE                 WHEN ISNULL(a.Ofcr_IsGovtProperty, 0) = 0                 THEN 'NO'             END AS IsGovtProperty,              a.BtoA_RoadId,              a.BtoA_RoadName,              a.Road_ID,              a.Road_Name,              a.GuidanceValueSqMt,              a.Ofcr_CorrectedPropertyUseTypeValue AS PropertyUseType,              jc.App_JCMovedDate AS Application_JCMovedDate,              CASE                 WHEN a.App_Source <> 'newkhata'                 THEN 'B2A'             END AS Application_type,              'public' AS BtoA_RoadType,              'No' AS IsMasterPlanMismatch,              a.MD_SiteArea AS SiteArea,              DATEDIFF             (                 DAY,                 CAST(jc.App_JCMovedDate AS DATE),                 CAST(GETDATE() AS DATE)             ) AS JC_Pending_Days,              GETDATE() AS CreatedDate,              jcOfficer.Ofcr_Name AS OfficerName,              0 AS IsAutoApprovedManually          FROM #Apps a          INNER JOIN #JCMovedDate jc             ON jc.App_Id = a.App_Id           /*=========================================================           GET ONE ACTIVE JC OFFICER FOR THE ZONE         =========================================================*/          OUTER APPLY         (             SELECT TOP 1                 ofc.Ofcr_Name,                 ofc.Ofcr_Id              FROM masterDB_prod.dbo.mst_officer ofc              WHERE                 ofc.Ofcr_ZoneId = a.MD_ZoneId                 AND ofc.Ofcr_RoleId = 125                 AND ofc.Ofcr_Active = 1                 AND ofc.Ofcr_Id NOT IN (65, 11240, 11241)              ORDER BY                 ofc.Ofcr_Id          ) jcOfficer           WHERE          /*=========================================================           1. MUST HAVE AT LEAST ONE ROAD         =========================================================*/          EXISTS         (             SELECT 1              FROM dbo.BtoA_SiteRoadDetails_Officer r              WHERE r.BtoA_MainAppId = a.App_Id         )           /*=========================================================           2. ALL ROADS MUST BE PUBLIC         =========================================================*/          AND NOT EXISTS         (             SELECT 1              FROM dbo.BtoA_SiteRoadDetails_Officer r              WHERE r.BtoA_MainAppId = a.App_Id              AND             (                 r.BtoA_RoadType IS NULL                 OR LTRIM(RTRIM(r.BtoA_RoadType)) = ''                 OR LOWER(LTRIM(RTRIM(r.BtoA_RoadType))) <> 'public'             )         )           /*=========================================================           3. EVERY ROAD MUST MATCH KSRAC         =========================================================*/          AND NOT EXISTS         (             SELECT 1              FROM dbo.BtoA_SiteRoadDetails_Officer r              WHERE r.BtoA_MainAppId = a.App_Id              AND NOT EXISTS             (                 SELECT 1                  FROM masterDB_prod.dbo.mst_AROMapping aro                  INNER JOIN masterDB_prod.dbo.MstRoadKSRAC k                     ON k.GBAZONEID = aro.GBAZONEID                     AND k.BBMPWardId = aro.BBMPWardId                     AND k.Road_Active = 1                  WHERE                     aro.GBAZONEID = a.MD_ZoneId                     AND aro.BBMPWardId = a.MD_WardId                     AND aro.BBMPStreetId = a.MD_StreetId                     AND aro.easthiULBNAME_CorpId = a.GBAId                     AND k.GuidanceValueSqMt IS NOT NULL                     AND k.Road_ID = r.BtoA_RoadId                     AND LTRIM(RTRIM(k.Road_Name))                         = LTRIM(RTRIM(r.BtoA_RoadName))             )         )           /*=========================================================           4. EXCLUDE GOVERNMENT PROPERTY         =========================================================*/          AND ISNULL(a.Ofcr_IsGovtProperty, 0) = 0           /*=========================================================           5. EXCLUDE GOOGLE GOVERNMENT PROPERTY         =========================================================*/          AND NOT EXISTS         (             SELECT 1              FROM dbo.BtoA_SiteDtls s              WHERE s.Site_App_Id = a.App_Id              AND ISNULL(s.GooglePropertyType, '') = 'govt'         )           /*=========================================================           PREVENT DUPLICATE INSERTS         =========================================================*/          AND NOT EXISTS         (             SELECT 1             FROM dbo.JC_Auto_Approved_SPA_Applications j              WHERE j.ApplicationDisplayID = a.App_DisplayId               AND ISNULL(j.MotherEPID, '') = ISNULL(a.App_MotherEPID, '')         ); ",,
18-09-2026 12:57,INFRA\bbmpuser2,INFRA\bbmpuser2,KhataBtoA_prod,BBMP-DB-VP14,Microsoft SQL Server Management Studio - Query,68,"         DROP TABLE IF EXISTS #Apps;         DROP TABLE IF EXISTS #JCMovedDate;           /*=========================================================           STEP 1 : GET BASE ELIGIBLE APPLICATIONS         =========================================================*/          SELECT             a.App_Id,             a.App_DisplayId,             a.App_Status,             a.GBA,             a.GBAId,             a.App_MotherEPID,             a.App_Source,              ofi.BtoA_RoadId,             ofi.BtoA_RoadName,              ksr.Road_ID,             ksr.Road_Name,             ksr.GuidanceValueSqMt,              /* EPID Metadata */             b.MD_Zonename,             b.MD_WardName,             b.MD_SiteArea,             b.MD_ZoneId,             b.MD_WardId,             b.MD_StreetId,              /* Officer Details */             o.Ofcr_IsGovtProperty,             o.Ofcr_CorrectedPropertyUseTypeValue,             o.Ofcr_CorrectedPropertyUseTypeId,             o.Ofcr_RoadFacingSides,             o.KSRSACMasterPlanLandUseType          INTO #Apps          FROM dbo.BtoAMainApp a          INNER JOIN dbo.BtoA_EPIDMetaData b             ON b.MD_APP_ID = a.App_Id          INNER JOIN         (             SELECT                 Ofcr_BtoA_MainAppId,                 Ofcr_IsGovtProperty,                 Ofcr_CorrectedPropertyUseTypeValue,                 Ofcr_CorrectedPropertyUseTypeId,                 Ofcr_RoadFacingSides,                 ResidentialPlotareaAfterRoadWideninginSqmt,                 CommercialPlotareaAfterRoadWideninginSqmt,                 IndustrialPlotareaAfterRoadWideninginSqmt,                 KSRSACMasterPlanLandUseType             FROM dbo.BtoA_MainApp_Officer         ) o             ON o.Ofcr_BtoA_MainAppId = a.App_Id          INNER JOIN dbo.BtoA_SiteRoadDetails_Officer ofi             ON ofi.BtoA_MainAppId = a.App_Id          INNER JOIN masterDB_prod.dbo.MstRoadKSRAC ksr             ON ofi.BtoA_RoadId = ksr.Road_ID          /* JC Officer eligibility */         INNER JOIN masterDB_prod.dbo.mst_officer ofc             ON b.MD_ZoneId = ofc.Ofcr_ZoneId          WHERE             a.App_Active = 1             AND a.App_Status in (14,1000)             AND ofc.Ofcr_RoleId = 125             AND ofc.Ofcr_Active = 1             AND a.App_Source = 'newkhata'             AND b.MD_SiteArea >= 50             AND b.MD_SiteArea <= 1000             AND ISNULL(ofi.IsRMPPropersed, 'N') = 'N'             AND ksr.GuidanceValueSqMt IS NOT NULL 			AND a.App_JCMovedDate is not null             AND a.App_JCMovedDate < DATEADD(DAY, -13, CAST(GETDATE() AS DATE))             AND ofc.Ofcr_Id NOT IN (65, 11240, 11241) 			AND ISNULL(a.IsApp_MasterPlanMismatch, 0) = 0             AND ISNULL(a.IsApp_PropertyVerificationRequired, 0) = 0          /*=========================================================           ROAD-WIDENING AREA VALIDATION         =========================================================*/          AND         (             /* Commercial */             (                 o.Ofcr_CorrectedPropertyUseTypeId = 1                 AND ISNULL(o.CommercialPlotareaAfterRoadWideninginSqmt, 0) > 5             )              OR              /* Residential */             (                 o.Ofcr_CorrectedPropertyUseTypeId = 2                 AND ISNULL(o.ResidentialPlotareaAfterRoadWideninginSqmt, 0) > 5             )              OR              /* Mixed - BOTH areas must be greater than 5 */             (                 o.Ofcr_CorrectedPropertyUseTypeId = 3                 AND ISNULL(o.CommercialPlotareaAfterRoadWideninginSqmt, 0) > 5                 AND ISNULL(o.ResidentialPlotareaAfterRoadWideninginSqmt, 0) > 5             )              OR              /* Industrial */             (                 o.Ofcr_CorrectedPropertyUseTypeId = 4                 AND ISNULL(o.IndustrialPlotareaAfterRoadWideninginSqmt, 0) > 5             )         )          /*=========================================================           PROPERTY USE TYPE VS MASTER PLAN VALIDATION         =========================================================*/          AND         (             /* Residential -> ONLY Residential */             (                 o.Ofcr_CorrectedPropertyUseTypeValue = 'Residential'                 AND o.KSRSACMasterPlanLandUseType = 'Residential'             )              OR              /* Commercial -> Residential OR Commercial */             (                 o.Ofcr_CorrectedPropertyUseTypeValue = 'Commercial'                 AND o.KSRSACMasterPlanLandUseType IN                     ('Residential', 'Commercial')             )              OR              /* Industrial -> Residential OR Industrial */             (                 o.Ofcr_CorrectedPropertyUseTypeValue = 'Industrial'                 AND o.KSRSACMasterPlanLandUseType IN                     ('Residential', 'Industrial')             )              OR              /* Mixed -> Residential OR Commercial */             (                 o.Ofcr_CorrectedPropertyUseTypeValue = 'Mixed'                 AND o.KSRSACMasterPlanLandUseType IN                     ('Residential', 'Commercial')             )         );           /*=========================================================           INDEX TEMP TABLE         =========================================================*/          CREATE CLUSTERED INDEX IX_Apps_AppId         ON #Apps(App_Id);           /*=========================================================           STEP 2 : GET LATEST JC MOVED DATE         =========================================================*/          SELECT             s.Sts_MainAppId AS App_Id,             MAX(s.Udt) AS App_JCMovedDate          INTO #JCMovedDate          FROM dbo.BtoA_Status_Master_Tran s          INNER JOIN #Apps a             ON a.App_Id = s.Sts_MainAppId          WHERE             s.Sts_MainAppStatus in (14,1000)          GROUP BY             s.Sts_MainAppId          HAVING             MAX(s.Udt) < DATEADD(DAY, -13, CAST(GETDATE() AS DATE));           /*=========================================================           INDEX JC TEMP TABLE         =========================================================*/          CREATE UNIQUE CLUSTERED INDEX IX_JCMovedDate_AppId         ON #JCMovedDate(App_Id);           /*=========================================================           STEP 3 : INSERT ONLY NEW ELIGIBLE APPLICATIONS            ApplicationDisplayID already existing in target table           will NOT be inserted.         =========================================================*/          INSERT INTO dbo.JC_Auto_Approved_SPA_Applications         (             ApplicationDisplayID,             MotherEPID,             Application_Status,             Corporation,             Zone,             Ward,             IsGovtProperty,             BtoA_RoadId,             BtoA_RoadName,             Road_ID,             Road_Name,             GuidanceValueSqMt,             PropertyUseType,             Application_JCMovedDate,             Application_type,             BtoA_RoadType,             IsMasterPlanMismatch,             SiteArea,             JC_Pending_Days,             CreatedDate,             OfficerName,             IsAutoApprovedManually         )          SELECT DISTINCT              a.App_DisplayId AS ApplicationDisplayID,              a.App_MotherEPID AS MotherEPID,              CASE                 WHEN a.App_Status  in (14,1000)                 THEN 'Pending with JC'                 ELSE ''             END AS Application_Status,              a.GBA AS Corporation,              a.MD_Zonename AS Zone,              a.MD_WardName AS Ward,              CASE                 WHEN ISNULL(a.Ofcr_IsGovtProperty, 0) = 0                 THEN 'NO'             END AS IsGovtProperty,              a.BtoA_RoadId,              a.BtoA_RoadName,              a.Road_ID,              a.Road_Name,              a.GuidanceValueSqMt,              a.Ofcr_CorrectedPropertyUseTypeValue AS PropertyUseType,              jc.App_JCMovedDate AS Application_JCMovedDate,              CASE                 WHEN a.App_Source <> 'newkhata'                 THEN 'B2A'             END AS Application_type,              'public' AS BtoA_RoadType,              'No' AS IsMasterPlanMismatch,              a.MD_SiteArea AS SiteArea,              DATEDIFF             (                 DAY,                 CAST(jc.App_JCMovedDate AS DATE),                 CAST(GETDATE() AS DATE)             ) AS JC_Pending_Days,              GETDATE() AS CreatedDate,              jcOfficer.Ofcr_Name AS OfficerName,              0 AS IsAutoApprovedManually          FROM #Apps a          INNER JOIN #JCMovedDate jc             ON jc.App_Id = a.App_Id           /*=========================================================           GET ONE ACTIVE JC OFFICER FOR THE ZONE         =========================================================*/          OUTER APPLY         (             SELECT TOP 1                 ofc.Ofcr_Name,                 ofc.Ofcr_Id              FROM masterDB_prod.dbo.mst_officer ofc              WHERE                 ofc.Ofcr_ZoneId = a.MD_ZoneId                 AND ofc.Ofcr_RoleId = 125                 AND ofc.Ofcr_Active = 1                 AND ofc.Ofcr_Id NOT IN (65, 11240, 11241)              ORDER BY                 ofc.Ofcr_Id          ) jcOfficer           WHERE          /*=========================================================           1. MUST HAVE AT LEAST ONE ROAD         =========================================================*/          EXISTS         (             SELECT 1              FROM dbo.BtoA_SiteRoadDetails_Officer r              WHERE r.BtoA_MainAppId = a.App_Id         )           /*=========================================================           2. ALL ROADS MUST BE PUBLIC         =========================================================*/          AND NOT EXISTS         (             SELECT 1              FROM dbo.BtoA_SiteRoadDetails_Officer r              WHERE r.BtoA_MainAppId = a.App_Id              AND             (                 r.BtoA_RoadType IS NULL                 OR LTRIM(RTRIM(r.BtoA_RoadType)) = ''                 OR LOWER(LTRIM(RTRIM(r.BtoA_RoadType))) <> 'public'             )         )           /*=========================================================           3. EVERY ROAD MUST MATCH KSRAC         =========================================================*/          AND NOT EXISTS         (             SELECT 1              FROM dbo.BtoA_SiteRoadDetails_Officer r              WHERE r.BtoA_MainAppId = a.App_Id              AND NOT EXISTS             (                 SELECT 1                  FROM masterDB_prod.dbo.mst_AROMapping aro                  INNER JOIN masterDB_prod.dbo.MstRoadKSRAC k                     ON k.GBAZONEID = aro.GBAZONEID                     AND k.BBMPWardId = aro.BBMPWardId                     AND k.Road_Active = 1                  WHERE                     aro.GBAZONEID = a.MD_ZoneId                     AND aro.BBMPWardId = a.MD_WardId                     AND aro.BBMPStreetId = a.MD_StreetId                     AND aro.easthiULBNAME_CorpId = a.GBAId                     AND k.GuidanceValueSqMt IS NOT NULL                     AND k.Road_ID = r.BtoA_RoadId                     AND LTRIM(RTRIM(k.Road_Name))                         = LTRIM(RTRIM(r.BtoA_RoadName))             )         )           /*=========================================================           4. EXCLUDE GOVERNMENT PROPERTY         =========================================================*/          AND ISNULL(a.Ofcr_IsGovtProperty, 0) = 0           /*=========================================================           5. EXCLUDE GOOGLE GOVERNMENT PROPERTY         =========================================================*/          AND NOT EXISTS         (             SELECT 1              FROM dbo.BtoA_SiteDtls s              WHERE s.Site_App_Id = a.App_Id              AND ISNULL(s.GooglePropertyType, '') = 'govt'         )           /*=========================================================           PREVENT DUPLICATE INSERTS         =========================================================*/          AND NOT EXISTS         (             SELECT 1             FROM dbo.JC_Auto_Approved_SPA_Applications j              WHERE j.ApplicationDisplayID = a.App_DisplayId               AND ISNULL(j.MotherEPID, '') = ISNULL(a.App_MotherEPID, '')         ); ",,
18-09-2026 12:57,INFRA\bbmpuser2,INFRA\bbmpuser2,KhataBtoA_prod,BBMP-DB-VP14,Microsoft SQL Server Management Studio - Query,68,"         DROP TABLE IF EXISTS #Apps;         DROP TABLE IF EXISTS #JCMovedDate;           /*=========================================================           STEP 1 : GET BASE ELIGIBLE APPLICATIONS         =========================================================*/          SELECT             a.App_Id,             a.App_DisplayId,             a.App_Status,             a.GBA,             a.GBAId,             a.App_MotherEPID,             a.App_Source,              ofi.BtoA_RoadId,             ofi.BtoA_RoadName,              ksr.Road_ID,             ksr.Road_Name,             ksr.GuidanceValueSqMt,              /* EPID Metadata */             b.MD_Zonename,             b.MD_WardName,             b.MD_SiteArea,             b.MD_ZoneId,             b.MD_WardId,             b.MD_StreetId,              /* Officer Details */             o.Ofcr_IsGovtProperty,             o.Ofcr_CorrectedPropertyUseTypeValue,             o.Ofcr_CorrectedPropertyUseTypeId,             o.Ofcr_RoadFacingSides,             o.KSRSACMasterPlanLandUseType          INTO #Apps          FROM dbo.BtoAMainApp a          INNER JOIN dbo.BtoA_EPIDMetaData b             ON b.MD_APP_ID = a.App_Id          INNER JOIN         (             SELECT                 Ofcr_BtoA_MainAppId,                 Ofcr_IsGovtProperty,                 Ofcr_CorrectedPropertyUseTypeValue,                 Ofcr_CorrectedPropertyUseTypeId,                 Ofcr_RoadFacingSides,                 ResidentialPlotareaAfterRoadWideninginSqmt,                 CommercialPlotareaAfterRoadWideninginSqmt,                 IndustrialPlotareaAfterRoadWideninginSqmt,                 KSRSACMasterPlanLandUseType             FROM dbo.BtoA_MainApp_Officer         ) o             ON o.Ofcr_BtoA_MainAppId = a.App_Id          INNER JOIN dbo.BtoA_SiteRoadDetails_Officer ofi             ON ofi.BtoA_MainAppId = a.App_Id          INNER JOIN masterDB_prod.dbo.MstRoadKSRAC ksr             ON ofi.BtoA_RoadId = ksr.Road_ID          /* JC Officer eligibility */         INNER JOIN masterDB_prod.dbo.mst_officer ofc             ON b.MD_ZoneId = ofc.Ofcr_ZoneId          WHERE             a.App_Active = 1             AND a.App_Status in (14,1000)             AND ofc.Ofcr_RoleId = 125             AND ofc.Ofcr_Active = 1             AND a.App_Source = 'newkhata'             AND b.MD_SiteArea >= 50             AND b.MD_SiteArea <= 1000             AND ISNULL(ofi.IsRMPPropersed, 'N') = 'N'             AND ksr.GuidanceValueSqMt IS NOT NULL 			AND a.App_JCMovedDate is not null             AND a.App_JCMovedDate < DATEADD(DAY, -13, CAST(GETDATE() AS DATE))             AND ofc.Ofcr_Id NOT IN (65, 11240, 11241) 			AND ISNULL(a.IsApp_MasterPlanMismatch, 0) = 0             AND ISNULL(a.IsApp_PropertyVerificationRequired, 0) = 0          /*=========================================================           ROAD-WIDENING AREA VALIDATION         =========================================================*/          AND         (             /* Commercial */             (                 o.Ofcr_CorrectedPropertyUseTypeId = 1                 AND ISNULL(o.CommercialPlotareaAfterRoadWideninginSqmt, 0) > 5             )              OR              /* Residential */             (                 o.Ofcr_CorrectedPropertyUseTypeId = 2                 AND ISNULL(o.ResidentialPlotareaAfterRoadWideninginSqmt, 0) > 5             )              OR              /* Mixed - BOTH areas must be greater than 5 */             (                 o.Ofcr_CorrectedPropertyUseTypeId = 3                 AND ISNULL(o.CommercialPlotareaAfterRoadWideninginSqmt, 0) > 5                 AND ISNULL(o.ResidentialPlotareaAfterRoadWideninginSqmt, 0) > 5             )              OR              /* Industrial */             (                 o.Ofcr_CorrectedPropertyUseTypeId = 4                 AND ISNULL(o.IndustrialPlotareaAfterRoadWideninginSqmt, 0) > 5             )         )          /*=========================================================           PROPERTY USE TYPE VS MASTER PLAN VALIDATION         =========================================================*/          AND         (             /* Residential -> ONLY Residential */             (                 o.Ofcr_CorrectedPropertyUseTypeValue = 'Residential'                 AND o.KSRSACMasterPlanLandUseType = 'Residential'             )              OR              /* Commercial -> Residential OR Commercial */             (                 o.Ofcr_CorrectedPropertyUseTypeValue = 'Commercial'                 AND o.KSRSACMasterPlanLandUseType IN                     ('Residential', 'Commercial')             )              OR              /* Industrial -> Residential OR Industrial */             (                 o.Ofcr_CorrectedPropertyUseTypeValue = 'Industrial'                 AND o.KSRSACMasterPlanLandUseType IN                     ('Residential', 'Industrial')             )              OR              /* Mixed -> Residential OR Commercial */             (                 o.Ofcr_CorrectedPropertyUseTypeValue = 'Mixed'                 AND o.KSRSACMasterPlanLandUseType IN                     ('Residential', 'Commercial')             )         );           /*=========================================================           INDEX TEMP TABLE         =========================================================*/          CREATE CLUSTERED INDEX IX_Apps_AppId         ON #Apps(App_Id);           /*=========================================================           STEP 2 : GET LATEST JC MOVED DATE         =========================================================*/          SELECT             s.Sts_MainAppId AS App_Id,             MAX(s.Udt) AS App_JCMovedDate          INTO #JCMovedDate          FROM dbo.BtoA_Status_Master_Tran s          INNER JOIN #Apps a             ON a.App_Id = s.Sts_MainAppId          WHERE             s.Sts_MainAppStatus in (14,1000)          GROUP BY             s.Sts_MainAppId          HAVING             MAX(s.Udt) < DATEADD(DAY, -13, CAST(GETDATE() AS DATE));           /*=========================================================           INDEX JC TEMP TABLE         =========================================================*/          CREATE UNIQUE CLUSTERED INDEX IX_JCMovedDate_AppId         ON #JCMovedDate(App_Id);           /*=========================================================           STEP 3 : INSERT ONLY NEW ELIGIBLE APPLICATIONS            ApplicationDisplayID already existing in target table           will NOT be inserted.         =========================================================*/          INSERT INTO dbo.JC_Auto_Approved_SPA_Applications         (             ApplicationDisplayID,             MotherEPID,             Application_Status,             Corporation,             Zone,             Ward,             IsGovtProperty,             BtoA_RoadId,             BtoA_RoadName,             Road_ID,             Road_Name,             GuidanceValueSqMt,             PropertyUseType,             Application_JCMovedDate,             Application_type,             BtoA_RoadType,             IsMasterPlanMismatch,             SiteArea,             JC_Pending_Days,             CreatedDate,             OfficerName,             IsAutoApprovedManually         )          SELECT DISTINCT              a.App_DisplayId AS ApplicationDisplayID,              a.App_MotherEPID AS MotherEPID,              CASE                 WHEN a.App_Status  in (14,1000)                 THEN 'Pending with JC'                 ELSE ''             END AS Application_Status,              a.GBA AS Corporation,              a.MD_Zonename AS Zone,              a.MD_WardName AS Ward,              CASE                 WHEN ISNULL(a.Ofcr_IsGovtProperty, 0) = 0                 THEN 'NO'             END AS IsGovtProperty,              a.BtoA_RoadId,              a.BtoA_RoadName,              a.Road_ID,              a.Road_Name,              a.GuidanceValueSqMt,              a.Ofcr_CorrectedPropertyUseTypeValue AS PropertyUseType,              jc.App_JCMovedDate AS Application_JCMovedDate,              CASE                 WHEN a.App_Source <> 'newkhata'                 THEN 'B2A'             END AS Application_type,              'public' AS BtoA_RoadType,              'No' AS IsMasterPlanMismatch,              a.MD_SiteArea AS SiteArea,              DATEDIFF             (                 DAY,                 CAST(jc.App_JCMovedDate AS DATE),                 CAST(GETDATE() AS DATE)             ) AS JC_Pending_Days,              GETDATE() AS CreatedDate,              jcOfficer.Ofcr_Name AS OfficerName,              0 AS IsAutoApprovedManually          FROM #Apps a          INNER JOIN #JCMovedDate jc             ON jc.App_Id = a.App_Id           /*=========================================================           GET ONE ACTIVE JC OFFICER FOR THE ZONE         =========================================================*/          OUTER APPLY         (             SELECT TOP 1                 ofc.Ofcr_Name,                 ofc.Ofcr_Id              FROM masterDB_prod.dbo.mst_officer ofc              WHERE                 ofc.Ofcr_ZoneId = a.MD_ZoneId                 AND ofc.Ofcr_RoleId = 125                 AND ofc.Ofcr_Active = 1                 AND ofc.Ofcr_Id NOT IN (65, 11240, 11241)              ORDER BY                 ofc.Ofcr_Id          ) jcOfficer           WHERE          /*=========================================================           1. MUST HAVE AT LEAST ONE ROAD         =========================================================*/          EXISTS         (             SELECT 1              FROM dbo.BtoA_SiteRoadDetails_Officer r              WHERE r.BtoA_MainAppId = a.App_Id         )           /*=========================================================           2. ALL ROADS MUST BE PUBLIC         =========================================================*/          AND NOT EXISTS         (             SELECT 1              FROM dbo.BtoA_SiteRoadDetails_Officer r              WHERE r.BtoA_MainAppId = a.App_Id              AND             (                 r.BtoA_RoadType IS NULL                 OR LTRIM(RTRIM(r.BtoA_RoadType)) = ''                 OR LOWER(LTRIM(RTRIM(r.BtoA_RoadType))) <> 'public'             )         )           /*=========================================================           3. EVERY ROAD MUST MATCH KSRAC         =========================================================*/          AND NOT EXISTS         (             SELECT 1              FROM dbo.BtoA_SiteRoadDetails_Officer r              WHERE r.BtoA_MainAppId = a.App_Id              AND NOT EXISTS             (                 SELECT 1                  FROM masterDB_prod.dbo.mst_AROMapping aro                  INNER JOIN masterDB_prod.dbo.MstRoadKSRAC k                     ON k.GBAZONEID = aro.GBAZONEID                     AND k.BBMPWardId = aro.BBMPWardId                     AND k.Road_Active = 1                  WHERE                     aro.GBAZONEID = a.MD_ZoneId                     AND aro.BBMPWardId = a.MD_WardId                     AND aro.BBMPStreetId = a.MD_StreetId                     AND aro.easthiULBNAME_CorpId = a.GBAId                     AND k.GuidanceValueSqMt IS NOT NULL                     AND k.Road_ID = r.BtoA_RoadId                     AND LTRIM(RTRIM(k.Road_Name))                         = LTRIM(RTRIM(r.BtoA_RoadName))             )         )           /*=========================================================           4. EXCLUDE GOVERNMENT PROPERTY         =========================================================*/          AND ISNULL(a.Ofcr_IsGovtProperty, 0) = 0           /*=========================================================           5. EXCLUDE GOOGLE GOVERNMENT PROPERTY         =========================================================*/          AND NOT EXISTS         (             SELECT 1              FROM dbo.BtoA_SiteDtls s              WHERE s.Site_App_Id = a.App_Id              AND ISNULL(s.GooglePropertyType, '') = 'govt'         )           /*=========================================================           PREVENT DUPLICATE INSERTS         =========================================================*/          AND NOT EXISTS         (             SELECT 1             FROM dbo.JC_Auto_Approved_SPA_Applications j              WHERE j.ApplicationDisplayID = a.App_DisplayId               AND ISNULL(j.MotherEPID, '') = ISNULL(a.App_MotherEPID, '')         ); ",,
18-09-2026 12:57,INFRA\bbmpuser2,INFRA\bbmpuser2,KhataBtoA_prod,BBMP-DB-VP14,Microsoft SQL Server Management Studio - Query,68,"         DROP TABLE IF EXISTS #Apps;         DROP TABLE IF EXISTS #JCMovedDate;           /*=========================================================           STEP 1 : GET BASE ELIGIBLE APPLICATIONS         =========================================================*/          SELECT             a.App_Id,             a.App_DisplayId,             a.App_Status,             a.GBA,             a.GBAId,             a.App_MotherEPID,             a.App_Source,              ofi.BtoA_RoadId,             ofi.BtoA_RoadName,              ksr.Road_ID,             ksr.Road_Name,             ksr.GuidanceValueSqMt,              /* EPID Metadata */             b.MD_Zonename,             b.MD_WardName,             b.MD_SiteArea,             b.MD_ZoneId,             b.MD_WardId,             b.MD_StreetId,              /* Officer Details */             o.Ofcr_IsGovtProperty,             o.Ofcr_CorrectedPropertyUseTypeValue,             o.Ofcr_CorrectedPropertyUseTypeId,             o.Ofcr_RoadFacingSides,             o.KSRSACMasterPlanLandUseType          INTO #Apps          FROM dbo.BtoAMainApp a          INNER JOIN dbo.BtoA_EPIDMetaData b             ON b.MD_APP_ID = a.App_Id          INNER JOIN         (             SELECT                 Ofcr_BtoA_MainAppId,                 Ofcr_IsGovtProperty,                 Ofcr_CorrectedPropertyUseTypeValue,                 Ofcr_CorrectedPropertyUseTypeId,                 Ofcr_RoadFacingSides,                 ResidentialPlotareaAfterRoadWideninginSqmt,                 CommercialPlotareaAfterRoadWideninginSqmt,                 IndustrialPlotareaAfterRoadWideninginSqmt,                 KSRSACMasterPlanLandUseType             FROM dbo.BtoA_MainApp_Officer         ) o             ON o.Ofcr_BtoA_MainAppId = a.App_Id          INNER JOIN dbo.BtoA_SiteRoadDetails_Officer ofi             ON ofi.BtoA_MainAppId = a.App_Id          INNER JOIN masterDB_prod.dbo.MstRoadKSRAC ksr             ON ofi.BtoA_RoadId = ksr.Road_ID          /* JC Officer eligibility */         INNER JOIN masterDB_prod.dbo.mst_officer ofc             ON b.MD_ZoneId = ofc.Ofcr_ZoneId          WHERE             a.App_Active = 1             AND a.App_Status in (14,1000)             AND ofc.Ofcr_RoleId = 125             AND ofc.Ofcr_Active = 1             AND a.App_Source = 'newkhata'             AND b.MD_SiteArea >= 50             AND b.MD_SiteArea <= 1000             AND ISNULL(ofi.IsRMPPropersed, 'N') = 'N'             AND ksr.GuidanceValueSqMt IS NOT NULL 			AND a.App_JCMovedDate is not null             AND a.App_JCMovedDate < DATEADD(DAY, -13, CAST(GETDATE() AS DATE))             AND ofc.Ofcr_Id NOT IN (65, 11240, 11241) 			AND ISNULL(a.IsApp_MasterPlanMismatch, 0) = 0             AND ISNULL(a.IsApp_PropertyVerificationRequired, 0) = 0          /*=========================================================           ROAD-WIDENING AREA VALIDATION         =========================================================*/          AND         (             /* Commercial */             (                 o.Ofcr_CorrectedPropertyUseTypeId = 1                 AND ISNULL(o.CommercialPlotareaAfterRoadWideninginSqmt, 0) > 5             )              OR              /* Residential */             (                 o.Ofcr_CorrectedPropertyUseTypeId = 2                 AND ISNULL(o.ResidentialPlotareaAfterRoadWideninginSqmt, 0) > 5             )              OR              /* Mixed - BOTH areas must be greater than 5 */             (                 o.Ofcr_CorrectedPropertyUseTypeId = 3                 AND ISNULL(o.CommercialPlotareaAfterRoadWideninginSqmt, 0) > 5                 AND ISNULL(o.ResidentialPlotareaAfterRoadWideninginSqmt, 0) > 5             )              OR              /* Industrial */             (                 o.Ofcr_CorrectedPropertyUseTypeId = 4                 AND ISNULL(o.IndustrialPlotareaAfterRoadWideninginSqmt, 0) > 5             )         )          /*=========================================================           PROPERTY USE TYPE VS MASTER PLAN VALIDATION         =========================================================*/          AND         (             /* Residential -> ONLY Residential */             (                 o.Ofcr_CorrectedPropertyUseTypeValue = 'Residential'                 AND o.KSRSACMasterPlanLandUseType = 'Residential'             )              OR              /* Commercial -> Residential OR Commercial */             (                 o.Ofcr_CorrectedPropertyUseTypeValue = 'Commercial'                 AND o.KSRSACMasterPlanLandUseType IN                     ('Residential', 'Commercial')             )              OR              /* Industrial -> Residential OR Industrial */             (                 o.Ofcr_CorrectedPropertyUseTypeValue = 'Industrial'                 AND o.KSRSACMasterPlanLandUseType IN                     ('Residential', 'Industrial')             )              OR              /* Mixed -> Residential OR Commercial */             (                 o.Ofcr_CorrectedPropertyUseTypeValue = 'Mixed'                 AND o.KSRSACMasterPlanLandUseType IN                     ('Residential', 'Commercial')             )         );           /*=========================================================           INDEX TEMP TABLE         =========================================================*/          CREATE CLUSTERED INDEX IX_Apps_AppId         ON #Apps(App_Id);           /*=========================================================           STEP 2 : GET LATEST JC MOVED DATE         =========================================================*/          SELECT             s.Sts_MainAppId AS App_Id,             MAX(s.Udt) AS App_JCMovedDate          INTO #JCMovedDate          FROM dbo.BtoA_Status_Master_Tran s          INNER JOIN #Apps a             ON a.App_Id = s.Sts_MainAppId          WHERE             s.Sts_MainAppStatus in (14,1000)          GROUP BY             s.Sts_MainAppId          HAVING             MAX(s.Udt) < DATEADD(DAY, -13, CAST(GETDATE() AS DATE));           /*=========================================================           INDEX JC TEMP TABLE         =========================================================*/          CREATE UNIQUE CLUSTERED INDEX IX_JCMovedDate_AppId         ON #JCMovedDate(App_Id);           /*=========================================================           STEP 3 : INSERT ONLY NEW ELIGIBLE APPLICATIONS            ApplicationDisplayID already existing in target table           will NOT be inserted.         =========================================================*/          INSERT INTO dbo.JC_Auto_Approved_SPA_Applications         (             ApplicationDisplayID,             MotherEPID,             Application_Status,             Corporation,             Zone,             Ward,             IsGovtProperty,             BtoA_RoadId,             BtoA_RoadName,             Road_ID,             Road_Name,             GuidanceValueSqMt,             PropertyUseType,             Application_JCMovedDate,             Application_type,             BtoA_RoadType,             IsMasterPlanMismatch,             SiteArea,             JC_Pending_Days,             CreatedDate,             OfficerName,             IsAutoApprovedManually         )          SELECT DISTINCT              a.App_DisplayId AS ApplicationDisplayID,              a.App_MotherEPID AS MotherEPID,              CASE                 WHEN a.App_Status  in (14,1000)                 THEN 'Pending with JC'                 ELSE ''             END AS Application_Status,              a.GBA AS Corporation,              a.MD_Zonename AS Zone,              a.MD_WardName AS Ward,              CASE                 WHEN ISNULL(a.Ofcr_IsGovtProperty, 0) = 0                 THEN 'NO'             END AS IsGovtProperty,              a.BtoA_RoadId,              a.BtoA_RoadName,              a.Road_ID,              a.Road_Name,              a.GuidanceValueSqMt,              a.Ofcr_CorrectedPropertyUseTypeValue AS PropertyUseType,              jc.App_JCMovedDate AS Application_JCMovedDate,              CASE                 WHEN a.App_Source <> 'newkhata'                 THEN 'B2A'             END AS Application_type,              'public' AS BtoA_RoadType,              'No' AS IsMasterPlanMismatch,              a.MD_SiteArea AS SiteArea,              DATEDIFF             (                 DAY,                 CAST(jc.App_JCMovedDate AS DATE),                 CAST(GETDATE() AS DATE)             ) AS JC_Pending_Days,              GETDATE() AS CreatedDate,              jcOfficer.Ofcr_Name AS OfficerName,              0 AS IsAutoApprovedManually          FROM #Apps a          INNER JOIN #JCMovedDate jc             ON jc.App_Id = a.App_Id           /*=========================================================           GET ONE ACTIVE JC OFFICER FOR THE ZONE         =========================================================*/          OUTER APPLY         (             SELECT TOP 1                 ofc.Ofcr_Name,                 ofc.Ofcr_Id              FROM masterDB_prod.dbo.mst_officer ofc              WHERE                 ofc.Ofcr_ZoneId = a.MD_ZoneId                 AND ofc.Ofcr_RoleId = 125                 AND ofc.Ofcr_Active = 1                 AND ofc.Ofcr_Id NOT IN (65, 11240, 11241)              ORDER BY                 ofc.Ofcr_Id          ) jcOfficer           WHERE          /*=========================================================           1. MUST HAVE AT LEAST ONE ROAD         =========================================================*/          EXISTS         (             SELECT 1              FROM dbo.BtoA_SiteRoadDetails_Officer r              WHERE r.BtoA_MainAppId = a.App_Id         )           /*=========================================================           2. ALL ROADS MUST BE PUBLIC         =========================================================*/          AND NOT EXISTS         (             SELECT 1              FROM dbo.BtoA_SiteRoadDetails_Officer r              WHERE r.BtoA_MainAppId = a.App_Id              AND             (                 r.BtoA_RoadType IS NULL                 OR LTRIM(RTRIM(r.BtoA_RoadType)) = ''                 OR LOWER(LTRIM(RTRIM(r.BtoA_RoadType))) <> 'public'             )         )           /*=========================================================           3. EVERY ROAD MUST MATCH KSRAC         =========================================================*/          AND NOT EXISTS         (             SELECT 1              FROM dbo.BtoA_SiteRoadDetails_Officer r              WHERE r.BtoA_MainAppId = a.App_Id              AND NOT EXISTS             (                 SELECT 1                  FROM masterDB_prod.dbo.mst_AROMapping aro                  INNER JOIN masterDB_prod.dbo.MstRoadKSRAC k                     ON k.GBAZONEID = aro.GBAZONEID                     AND k.BBMPWardId = aro.BBMPWardId                     AND k.Road_Active = 1                  WHERE                     aro.GBAZONEID = a.MD_ZoneId                     AND aro.BBMPWardId = a.MD_WardId                     AND aro.BBMPStreetId = a.MD_StreetId                     AND aro.easthiULBNAME_CorpId = a.GBAId                     AND k.GuidanceValueSqMt IS NOT NULL                     AND k.Road_ID = r.BtoA_RoadId                     AND LTRIM(RTRIM(k.Road_Name))                         = LTRIM(RTRIM(r.BtoA_RoadName))             )         )           /*=========================================================           4. EXCLUDE GOVERNMENT PROPERTY         =========================================================*/          AND ISNULL(a.Ofcr_IsGovtProperty, 0) = 0           /*=========================================================           5. EXCLUDE GOOGLE GOVERNMENT PROPERTY         =========================================================*/          AND NOT EXISTS         (             SELECT 1              FROM dbo.BtoA_SiteDtls s              WHERE s.Site_App_Id = a.App_Id              AND ISNULL(s.GooglePropertyType, '') = 'govt'         )           /*=========================================================           PREVENT DUPLICATE INSERTS         =========================================================*/          AND NOT EXISTS         (             SELECT 1             FROM dbo.JC_Auto_Approved_SPA_Applications j              WHERE j.ApplicationDisplayID = a.App_DisplayId               AND ISNULL(j.MotherEPID, '') = ISNULL(a.App_MotherEPID, '')         ); ",,
18-09-2026 12:57,INFRA\bbmpuser2,INFRA\bbmpuser2,KhataBtoA_prod,BBMP-DB-VP14,Microsoft SQL Server Management Studio - Query,84, DROP TABLE IF EXISTS #JCMovedDate;         DROP TABLE IF EXISTS #Apps;,,
18-09-2026 12:57,INFRA\bbmpuser2,INFRA\bbmpuser2,KhataBtoA_prod,BBMP-DB-VP14,Microsoft SQL Server Management Studio - Query,84, DROP TABLE IF EXISTS #JCMovedDate;         DROP TABLE IF EXISTS #Apps;,,
18-09-2026 12:57,INFRA\bbmpuser2,INFRA\bbmpuser2,KhataBtoA_prod,BBMP-DB-VP14,Microsoft SQL Server Management Studio - Query,84,"UPDATE b 		SET  		    b.IsAutoApprovedManually = 1 		FROM dbo.JC_Auto_Approved_B2A_Applications b 		INNER JOIN dbo.BtoAMainApp a 		    ON a.App_DisplayId = b.ApplicationDisplayID 		    AND ISNULL(a.App_MotherEPID, '') = ISNULL(b.MotherEPID, '') 		WHERE  		ISNULL(b.IsAutoApprovedManually, 0) = 0 		AND b.CreatedDate >= CAST(GETDATE() AS DATE) 		AND b.CreatedDate < DATEADD(DAY, 1, CAST(GETDATE() AS DATE)) 		AND a.App_Status = 150 		AND ISNULL(a.IsApp_JCAutoApproved, 0) = 1 and a.App_Source<>'newkhata' 		 and isnull(a.IsApp_PropertyVerificationRequired,0)=0 and isnull(a.IsApp_MasterPlanMismatch,0)=0; ",,
18-09-2026 12:56,INFRA\bbmpuser2,INFRA\bbmpuser2,KhataBtoA_prod,BBMP-DB-VP14,Microsoft SQL Server Management Studio - Query,84,"UPDATE a         SET             a.IsApp_JCAutoApproved = 1,             a.App_JCApprovedDate = GETDATE(),             a.App_AdditionalInfo =  'The application is auto-approved in JC Login',             a.App_Status = 150,             a.App_UDte = GETDATE()          FROM dbo.BtoAMainApp a          INNER JOIN dbo.JC_Auto_Approved_B2A_Applications b             ON b.ApplicationDisplayID = a.App_DisplayId             AND ISNULL(b.MotherEPID, '') =                 ISNULL(a.App_MotherEPID, '')          WHERE             a.App_Status = 14 and a.App_Source<>'newkhata'  and  			isnull(a.IsApp_PropertyVerificationRequired,0)=0 and  			isnull(a.IsApp_MasterPlanMismatch,0)=0;",,
18-09-2026 12:56,INFRA\bbmpuser2,INFRA\bbmpuser2,KhataBtoA_prod,BBMP-DB-VP14,Microsoft SQL Server Management Studio - Query,84,"         UPDATE s         SET             s.Sts_PrevStatusId = s.Sts_MainAppStatus,             s.Sts_MainAppStatus = 150,             s.Sts_CurrStatusId = 150,             s.Udt = GETDATE(),             s.Sts_comments = 'The application is auto-approved in JC Login',             s.Sts_PrevOfficerRoleId = s.Sts_CurrOfficerRoleId,             s.Sts_CurrOfficerRoleId = 125,             s.Sts_PrevOfficerId = s.Sts_CurrOfficerId          FROM dbo.BtoA_Status_Master_Tran s          INNER JOIN dbo.BtoAMainApp a             ON a.App_Id = s.Sts_MainAppId          INNER JOIN dbo.JC_Auto_Approved_B2A_Applications b             ON b.ApplicationDisplayID = a.App_DisplayId             AND ISNULL(b.MotherEPID, '') = ISNULL(a.App_MotherEPID, '')          WHERE             s.Sts_MainAppStatus = 14 and a.App_Source<>'newkhata' and  			isnull(a.IsApp_PropertyVerificationRequired,0)=0 and  			isnull(a.IsApp_MasterPlanMismatch,0)=0;",,
18-09-2026 12:55,INFRA\bbmpuser2,INFRA\bbmpuser2,KhataBtoA_prod,BBMP-DB-VP14,Microsoft SQL Server Management Studio - Query,84,"   DROP TABLE IF EXISTS #Apps;         DROP TABLE IF EXISTS #JCMovedDate;           /*=========================================================           STEP 1 : GET BASE ELIGIBLE APPLICATIONS         =========================================================*/          SELECT             a.App_Id,             a.App_DisplayId,             a.App_Status,             a.GBA,             a.GBAId,             a.App_MotherEPID,             a.App_Source,              ofi.BtoA_RoadId,             ofi.BtoA_RoadName,              ksr.Road_ID,             ksr.Road_Name,             ksr.GuidanceValueSqMt,              /* EPID Metadata */             b.MD_Zonename,             b.MD_WardName,             b.MD_SiteArea,             b.MD_ZoneId,             b.MD_WardId,             b.MD_StreetId,              /* Officer Details */             o.Ofcr_IsGovtProperty,             o.Ofcr_CorrectedPropertyUseTypeValue,             o.Ofcr_CorrectedPropertyUseTypeId,             o.Ofcr_RoadFacingSides,             o.KSRSACMasterPlanLandUseType          INTO #Apps          FROM dbo.BtoAMainApp a          INNER JOIN dbo.BtoA_EPIDMetaData b             ON b.MD_APP_ID = a.App_Id          INNER JOIN         (             SELECT                 Ofcr_BtoA_MainAppId,                 Ofcr_IsGovtProperty,                 Ofcr_CorrectedPropertyUseTypeValue,                 Ofcr_CorrectedPropertyUseTypeId,                 Ofcr_RoadFacingSides,                 ResidentialPlotareaAfterRoadWideninginSqmt,                 CommercialPlotareaAfterRoadWideninginSqmt,                 IndustrialPlotareaAfterRoadWideninginSqmt,                 KSRSACMasterPlanLandUseType             FROM dbo.BtoA_MainApp_Officer         ) o             ON o.Ofcr_BtoA_MainAppId = a.App_Id          INNER JOIN dbo.BtoA_SiteRoadDetails_Officer ofi             ON ofi.BtoA_MainAppId = a.App_Id          INNER JOIN masterDB_prod.dbo.MstRoadKSRAC ksr             ON ofi.BtoA_RoadId = ksr.Road_ID          /* JC Officer eligibility */         INNER JOIN masterDB_prod.dbo.mst_officer ofc             ON b.MD_ZoneId = ofc.Ofcr_ZoneId          WHERE             a.App_Active = 1             AND a.App_Status = 14             AND ofc.Ofcr_RoleId = 125             AND ofc.Ofcr_Active = 1             AND a.App_Source <> 'newkhata'             AND b.MD_SiteArea >= 50             AND b.MD_SiteArea <= 1000             AND ISNULL(ofi.IsRMPPropersed, 'N') = 'N'             AND ksr.GuidanceValueSqMt IS NOT NULL 			AND a.App_JCMovedDate is not null             AND a.App_JCMovedDate < DATEADD(DAY, -13, CAST(GETDATE() AS DATE))             AND ofc.Ofcr_Id NOT IN (65, 11240, 11241)             AND ISNULL(a.IsApp_MasterPlanMismatch, 0) = 0             AND ISNULL(a.IsApp_PropertyVerificationRequired, 0) = 0          /*=========================================================           ROAD-WIDENING AREA VALIDATION         =========================================================*/          AND         (             /* Commercial */             (                 o.Ofcr_CorrectedPropertyUseTypeId = 1                 AND ISNULL(o.CommercialPlotareaAfterRoadWideninginSqmt, 0) > 5             )              OR              /* Residential */             (                 o.Ofcr_CorrectedPropertyUseTypeId = 2                 AND ISNULL(o.ResidentialPlotareaAfterRoadWideninginSqmt, 0) > 5             )              OR              /* Mixed - BOTH areas must be greater than 5 */             (                 o.Ofcr_CorrectedPropertyUseTypeId = 3                 AND ISNULL(o.CommercialPlotareaAfterRoadWideninginSqmt, 0) > 5                 AND ISNULL(o.ResidentialPlotareaAfterRoadWideninginSqmt, 0) > 5             )              OR              /* Industrial */             (                 o.Ofcr_CorrectedPropertyUseTypeId = 4                 AND ISNULL(o.IndustrialPlotareaAfterRoadWideninginSqmt, 0) > 5             )         )          /*=========================================================           PROPERTY USE TYPE VS MASTER PLAN VALIDATION         =========================================================*/          AND         (             /* Residential -> ONLY Residential */             (                 o.Ofcr_CorrectedPropertyUseTypeValue = 'Residential'                 AND o.KSRSACMasterPlanLandUseType = 'Residential'             )              OR              /* Commercial -> Residential OR Commercial */             (                 o.Ofcr_CorrectedPropertyUseTypeValue = 'Commercial'                 AND o.KSRSACMasterPlanLandUseType IN                     ('Residential', 'Commercial')             )              OR              /* Industrial -> Residential OR Industrial */             (                 o.Ofcr_CorrectedPropertyUseTypeValue = 'Industrial'                 AND o.KSRSACMasterPlanLandUseType IN                     ('Residential', 'Industrial')             )              OR              /* Mixed -> Residential OR Commercial */             (                 o.Ofcr_CorrectedPropertyUseTypeValue = 'Mixed'                 AND o.KSRSACMasterPlanLandUseType IN                     ('Residential', 'Commercial')             )         );           /*=========================================================           INDEX TEMP TABLE         =========================================================*/          CREATE CLUSTERED INDEX IX_Apps_AppId         ON #Apps(App_Id);           /*=========================================================           STEP 2 : GET LATEST JC MOVED DATE         =========================================================*/          SELECT             s.Sts_MainAppId AS App_Id,             MAX(s.Udt) AS App_JCMovedDate          INTO #JCMovedDate          FROM dbo.BtoA_Status_Master_Tran s          INNER JOIN #Apps a             ON a.App_Id = s.Sts_MainAppId          WHERE             s.Sts_MainAppStatus = 14          GROUP BY             s.Sts_MainAppId          HAVING             MAX(s.Udt) < DATEADD(DAY, -13, CAST(GETDATE() AS DATE));           /*=========================================================           INDEX JC TEMP TABLE         =========================================================*/          CREATE UNIQUE CLUSTERED INDEX IX_JCMovedDate_AppId         ON #JCMovedDate(App_Id);           /*=========================================================           STEP 3 : INSERT ONLY NEW ELIGIBLE APPLICATIONS            ApplicationDisplayID already existing in target table           will NOT be inserted.         =========================================================*/          INSERT INTO dbo.JC_Auto_Approved_B2A_Applications         (             ApplicationDisplayID,             MotherEPID,             Application_Status,             Corporation,             Zone,             Ward,             IsGovtProperty,             BtoA_RoadId,             BtoA_RoadName,             Road_ID,             Road_Name,             GuidanceValueSqMt,             PropertyUseType,             Application_JCMovedDate,             Application_type,             BtoA_RoadType,             IsMasterPlanMismatch,             SiteArea,             JC_Pending_Days,             CreatedDate,             OfficerName,             IsAutoApprovedManually         )          SELECT DISTINCT              a.App_DisplayId AS ApplicationDisplayID,              a.App_MotherEPID AS MotherEPID,              CASE                 WHEN a.App_Status = 14                 THEN 'Pending with JC'                 ELSE ''             END AS Application_Status,              a.GBA AS Corporation,              a.MD_Zonename AS Zone,              a.MD_WardName AS Ward,              CASE                 WHEN ISNULL(a.Ofcr_IsGovtProperty, 0) = 0                 THEN 'NO'             END AS IsGovtProperty,              a.BtoA_RoadId,              a.BtoA_RoadName,              a.Road_ID,              a.Road_Name,              a.GuidanceValueSqMt,              a.Ofcr_CorrectedPropertyUseTypeValue AS PropertyUseType,              jc.App_JCMovedDate AS Application_JCMovedDate,              CASE                 WHEN a.App_Source <> 'newkhata'                 THEN 'B2A'             END AS Application_type,              'public' AS BtoA_RoadType,              'No' AS IsMasterPlanMismatch,              a.MD_SiteArea AS SiteArea,              DATEDIFF             (                 DAY,                 CAST(jc.App_JCMovedDate AS DATE),                 CAST(GETDATE() AS DATE)             ) AS JC_Pending_Days,              GETDATE() AS CreatedDate,              jcOfficer.Ofcr_Name AS OfficerName,              0 AS IsAutoApprovedManually          FROM #Apps a          INNER JOIN #JCMovedDate jc             ON jc.App_Id = a.App_Id           /*=========================================================           GET ONE ACTIVE JC OFFICER FOR THE ZONE         =========================================================*/          OUTER APPLY         (             SELECT TOP 1                 ofc.Ofcr_Name,                 ofc.Ofcr_Id              FROM masterDB_prod.dbo.mst_officer ofc              WHERE                 ofc.Ofcr_ZoneId = a.MD_ZoneId                 AND ofc.Ofcr_RoleId = 125                 AND ofc.Ofcr_Active = 1                 AND ofc.Ofcr_Id NOT IN (65, 11240, 11241)              ORDER BY                 ofc.Ofcr_Id          ) jcOfficer           WHERE          /*=========================================================           1. MUST HAVE AT LEAST ONE ROAD         =========================================================*/          EXISTS         (             SELECT 1              FROM dbo.BtoA_SiteRoadDetails_Officer r              WHERE r.BtoA_MainAppId = a.App_Id         )           /*=========================================================           2. ALL ROADS MUST BE PUBLIC         =========================================================*/          AND NOT EXISTS         (             SELECT 1              FROM dbo.BtoA_SiteRoadDetails_Officer r              WHERE r.BtoA_MainAppId = a.App_Id              AND             (                 r.BtoA_RoadType IS NULL                 OR LTRIM(RTRIM(r.BtoA_RoadType)) = ''                 OR LOWER(LTRIM(RTRIM(r.BtoA_RoadType))) <> 'public'             )         )           /*=========================================================           3. EVERY ROAD MUST MATCH KSRAC         =========================================================*/          AND NOT EXISTS         (             SELECT 1              FROM dbo.BtoA_SiteRoadDetails_Officer r              WHERE r.BtoA_MainAppId = a.App_Id              AND NOT EXISTS             (                 SELECT 1                  FROM masterDB_prod.dbo.mst_AROMapping aro                  INNER JOIN masterDB_prod.dbo.MstRoadKSRAC k                     ON k.GBAZONEID = aro.GBAZONEID                     AND k.BBMPWardId = aro.BBMPWardId                     AND k.Road_Active = 1                  WHERE                     aro.GBAZONEID = a.MD_ZoneId                     AND aro.BBMPWardId = a.MD_WardId                     AND aro.BBMPStreetId = a.MD_StreetId                     AND aro.easthiULBNAME_CorpId = a.GBAId                     AND k.GuidanceValueSqMt IS NOT NULL                     AND k.Road_ID = r.BtoA_RoadId                     AND LTRIM(RTRIM(k.Road_Name))                         = LTRIM(RTRIM(r.BtoA_RoadName))             )         )           /*=========================================================           4. EXCLUDE GOVERNMENT PROPERTY         =========================================================*/          AND ISNULL(a.Ofcr_IsGovtProperty, 0) = 0           /*=========================================================           5. EXCLUDE GOOGLE GOVERNMENT PROPERTY         =========================================================*/          AND NOT EXISTS         (             SELECT 1              FROM dbo.BtoA_SiteDtls s              WHERE s.Site_App_Id = a.App_Id              AND ISNULL(s.GooglePropertyType, '') = 'govt'         )           /*=========================================================           PREVENT DUPLICATE INSERTS         =========================================================*/          AND NOT EXISTS         (             SELECT 1             FROM dbo.JC_Auto_Approved_B2A_Applications j              WHERE j.ApplicationDisplayID = a.App_DisplayId               AND ISNULL(j.MotherEPID, '') = ISNULL(a.App_MotherEPID, '')         );",,
18-09-2026 12:55,INFRA\bbmpuser2,INFRA\bbmpuser2,KhataBtoA_prod,BBMP-DB-VP14,Microsoft SQL Server Management Studio - Query,84,"   DROP TABLE IF EXISTS #Apps;         DROP TABLE IF EXISTS #JCMovedDate;           /*=========================================================           STEP 1 : GET BASE ELIGIBLE APPLICATIONS         =========================================================*/          SELECT             a.App_Id,             a.App_DisplayId,             a.App_Status,             a.GBA,             a.GBAId,             a.App_MotherEPID,             a.App_Source,              ofi.BtoA_RoadId,             ofi.BtoA_RoadName,              ksr.Road_ID,             ksr.Road_Name,             ksr.GuidanceValueSqMt,              /* EPID Metadata */             b.MD_Zonename,             b.MD_WardName,             b.MD_SiteArea,             b.MD_ZoneId,             b.MD_WardId,             b.MD_StreetId,              /* Officer Details */             o.Ofcr_IsGovtProperty,             o.Ofcr_CorrectedPropertyUseTypeValue,             o.Ofcr_CorrectedPropertyUseTypeId,             o.Ofcr_RoadFacingSides,             o.KSRSACMasterPlanLandUseType          INTO #Apps          FROM dbo.BtoAMainApp a          INNER JOIN dbo.BtoA_EPIDMetaData b             ON b.MD_APP_ID = a.App_Id          INNER JOIN         (             SELECT                 Ofcr_BtoA_MainAppId,                 Ofcr_IsGovtProperty,                 Ofcr_CorrectedPropertyUseTypeValue,                 Ofcr_CorrectedPropertyUseTypeId,                 Ofcr_RoadFacingSides,                 ResidentialPlotareaAfterRoadWideninginSqmt,                 CommercialPlotareaAfterRoadWideninginSqmt,                 IndustrialPlotareaAfterRoadWideninginSqmt,                 KSRSACMasterPlanLandUseType             FROM dbo.BtoA_MainApp_Officer         ) o             ON o.Ofcr_BtoA_MainAppId = a.App_Id          INNER JOIN dbo.BtoA_SiteRoadDetails_Officer ofi             ON ofi.BtoA_MainAppId = a.App_Id          INNER JOIN masterDB_prod.dbo.MstRoadKSRAC ksr             ON ofi.BtoA_RoadId = ksr.Road_ID          /* JC Officer eligibility */         INNER JOIN masterDB_prod.dbo.mst_officer ofc             ON b.MD_ZoneId = ofc.Ofcr_ZoneId          WHERE             a.App_Active = 1             AND a.App_Status = 14             AND ofc.Ofcr_RoleId = 125             AND ofc.Ofcr_Active = 1             AND a.App_Source <> 'newkhata'             AND b.MD_SiteArea >= 50             AND b.MD_SiteArea <= 1000             AND ISNULL(ofi.IsRMPPropersed, 'N') = 'N'             AND ksr.GuidanceValueSqMt IS NOT NULL 			AND a.App_JCMovedDate is not null             AND a.App_JCMovedDate < DATEADD(DAY, -13, CAST(GETDATE() AS DATE))             AND ofc.Ofcr_Id NOT IN (65, 11240, 11241)             AND ISNULL(a.IsApp_MasterPlanMismatch, 0) = 0             AND ISNULL(a.IsApp_PropertyVerificationRequired, 0) = 0          /*=========================================================           ROAD-WIDENING AREA VALIDATION         =========================================================*/          AND         (             /* Commercial */             (                 o.Ofcr_CorrectedPropertyUseTypeId = 1                 AND ISNULL(o.CommercialPlotareaAfterRoadWideninginSqmt, 0) > 5             )              OR              /* Residential */             (                 o.Ofcr_CorrectedPropertyUseTypeId = 2                 AND ISNULL(o.ResidentialPlotareaAfterRoadWideninginSqmt, 0) > 5             )              OR              /* Mixed - BOTH areas must be greater than 5 */             (                 o.Ofcr_CorrectedPropertyUseTypeId = 3                 AND ISNULL(o.CommercialPlotareaAfterRoadWideninginSqmt, 0) > 5                 AND ISNULL(o.ResidentialPlotareaAfterRoadWideninginSqmt, 0) > 5             )              OR              /* Industrial */             (                 o.Ofcr_CorrectedPropertyUseTypeId = 4                 AND ISNULL(o.IndustrialPlotareaAfterRoadWideninginSqmt, 0) > 5             )         )          /*=========================================================           PROPERTY USE TYPE VS MASTER PLAN VALIDATION         =========================================================*/          AND         (             /* Residential -> ONLY Residential */             (                 o.Ofcr_CorrectedPropertyUseTypeValue = 'Residential'                 AND o.KSRSACMasterPlanLandUseType = 'Residential'             )              OR              /* Commercial -> Residential OR Commercial */             (                 o.Ofcr_CorrectedPropertyUseTypeValue = 'Commercial'                 AND o.KSRSACMasterPlanLandUseType IN                     ('Residential', 'Commercial')             )              OR              /* Industrial -> Residential OR Industrial */             (                 o.Ofcr_CorrectedPropertyUseTypeValue = 'Industrial'                 AND o.KSRSACMasterPlanLandUseType IN                     ('Residential', 'Industrial')             )              OR              /* Mixed -> Residential OR Commercial */             (                 o.Ofcr_CorrectedPropertyUseTypeValue = 'Mixed'                 AND o.KSRSACMasterPlanLandUseType IN                     ('Residential', 'Commercial')             )         );           /*=========================================================           INDEX TEMP TABLE         =========================================================*/          CREATE CLUSTERED INDEX IX_Apps_AppId         ON #Apps(App_Id);           /*=========================================================           STEP 2 : GET LATEST JC MOVED DATE         =========================================================*/          SELECT             s.Sts_MainAppId AS App_Id,             MAX(s.Udt) AS App_JCMovedDate          INTO #JCMovedDate          FROM dbo.BtoA_Status_Master_Tran s          INNER JOIN #Apps a             ON a.App_Id = s.Sts_MainAppId          WHERE             s.Sts_MainAppStatus = 14          GROUP BY             s.Sts_MainAppId          HAVING             MAX(s.Udt) < DATEADD(DAY, -13, CAST(GETDATE() AS DATE));           /*=========================================================           INDEX JC TEMP TABLE         =========================================================*/          CREATE UNIQUE CLUSTERED INDEX IX_JCMovedDate_AppId         ON #JCMovedDate(App_Id);           /*=========================================================           STEP 3 : INSERT ONLY NEW ELIGIBLE APPLICATIONS            ApplicationDisplayID already existing in target table           will NOT be inserted.         =========================================================*/          INSERT INTO dbo.JC_Auto_Approved_B2A_Applications         (             ApplicationDisplayID,             MotherEPID,             Application_Status,             Corporation,             Zone,             Ward,             IsGovtProperty,             BtoA_RoadId,             BtoA_RoadName,             Road_ID,             Road_Name,             GuidanceValueSqMt,             PropertyUseType,             Application_JCMovedDate,             Application_type,             BtoA_RoadType,             IsMasterPlanMismatch,             SiteArea,             JC_Pending_Days,             CreatedDate,             OfficerName,             IsAutoApprovedManually         )          SELECT DISTINCT              a.App_DisplayId AS ApplicationDisplayID,              a.App_MotherEPID AS MotherEPID,              CASE                 WHEN a.App_Status = 14                 THEN 'Pending with JC'                 ELSE ''             END AS Application_Status,              a.GBA AS Corporation,              a.MD_Zonename AS Zone,              a.MD_WardName AS Ward,              CASE                 WHEN ISNULL(a.Ofcr_IsGovtProperty, 0) = 0                 THEN 'NO'             END AS IsGovtProperty,              a.BtoA_RoadId,              a.BtoA_RoadName,              a.Road_ID,              a.Road_Name,              a.GuidanceValueSqMt,              a.Ofcr_CorrectedPropertyUseTypeValue AS PropertyUseType,              jc.App_JCMovedDate AS Application_JCMovedDate,              CASE                 WHEN a.App_Source <> 'newkhata'                 THEN 'B2A'             END AS Application_type,              'public' AS BtoA_RoadType,              'No' AS IsMasterPlanMismatch,              a.MD_SiteArea AS SiteArea,              DATEDIFF             (                 DAY,                 CAST(jc.App_JCMovedDate AS DATE),                 CAST(GETDATE() AS DATE)             ) AS JC_Pending_Days,              GETDATE() AS CreatedDate,              jcOfficer.Ofcr_Name AS OfficerName,              0 AS IsAutoApprovedManually          FROM #Apps a          INNER JOIN #JCMovedDate jc             ON jc.App_Id = a.App_Id           /*=========================================================           GET ONE ACTIVE JC OFFICER FOR THE ZONE         =========================================================*/          OUTER APPLY         (             SELECT TOP 1                 ofc.Ofcr_Name,                 ofc.Ofcr_Id              FROM masterDB_prod.dbo.mst_officer ofc              WHERE                 ofc.Ofcr_ZoneId = a.MD_ZoneId                 AND ofc.Ofcr_RoleId = 125                 AND ofc.Ofcr_Active = 1                 AND ofc.Ofcr_Id NOT IN (65, 11240, 11241)              ORDER BY                 ofc.Ofcr_Id          ) jcOfficer           WHERE          /*=========================================================           1. MUST HAVE AT LEAST ONE ROAD         =========================================================*/          EXISTS         (             SELECT 1              FROM dbo.BtoA_SiteRoadDetails_Officer r              WHERE r.BtoA_MainAppId = a.App_Id         )           /*=========================================================           2. ALL ROADS MUST BE PUBLIC         =========================================================*/          AND NOT EXISTS         (             SELECT 1              FROM dbo.BtoA_SiteRoadDetails_Officer r              WHERE r.BtoA_MainAppId = a.App_Id              AND             (                 r.BtoA_RoadType IS NULL                 OR LTRIM(RTRIM(r.BtoA_RoadType)) = ''                 OR LOWER(LTRIM(RTRIM(r.BtoA_RoadType))) <> 'public'             )         )           /*=========================================================           3. EVERY ROAD MUST MATCH KSRAC         =========================================================*/          AND NOT EXISTS         (             SELECT 1              FROM dbo.BtoA_SiteRoadDetails_Officer r              WHERE r.BtoA_MainAppId = a.App_Id              AND NOT EXISTS             (                 SELECT 1                  FROM masterDB_prod.dbo.mst_AROMapping aro                  INNER JOIN masterDB_prod.dbo.MstRoadKSRAC k                     ON k.GBAZONEID = aro.GBAZONEID                     AND k.BBMPWardId = aro.BBMPWardId                     AND k.Road_Active = 1                  WHERE                     aro.GBAZONEID = a.MD_ZoneId                     AND aro.BBMPWardId = a.MD_WardId                     AND aro.BBMPStreetId = a.MD_StreetId                     AND aro.easthiULBNAME_CorpId = a.GBAId                     AND k.GuidanceValueSqMt IS NOT NULL                     AND k.Road_ID = r.BtoA_RoadId                     AND LTRIM(RTRIM(k.Road_Name))                         = LTRIM(RTRIM(r.BtoA_RoadName))             )         )           /*=========================================================           4. EXCLUDE GOVERNMENT PROPERTY         =========================================================*/          AND ISNULL(a.Ofcr_IsGovtProperty, 0) = 0           /*=========================================================           5. EXCLUDE GOOGLE GOVERNMENT PROPERTY         =========================================================*/          AND NOT EXISTS         (             SELECT 1              FROM dbo.BtoA_SiteDtls s              WHERE s.Site_App_Id = a.App_Id              AND ISNULL(s.GooglePropertyType, '') = 'govt'         )           /*=========================================================           PREVENT DUPLICATE INSERTS         =========================================================*/          AND NOT EXISTS         (             SELECT 1             FROM dbo.JC_Auto_Approved_B2A_Applications j              WHERE j.ApplicationDisplayID = a.App_DisplayId               AND ISNULL(j.MotherEPID, '') = ISNULL(a.App_MotherEPID, '')         );",,
18-09-2026 12:55,INFRA\bbmpuser2,INFRA\bbmpuser2,KhataBtoA_prod,BBMP-DB-VP14,Microsoft SQL Server Management Studio - Query,84,"   DROP TABLE IF EXISTS #Apps;         DROP TABLE IF EXISTS #JCMovedDate;           /*=========================================================           STEP 1 : GET BASE ELIGIBLE APPLICATIONS         =========================================================*/          SELECT             a.App_Id,             a.App_DisplayId,             a.App_Status,             a.GBA,             a.GBAId,             a.App_MotherEPID,             a.App_Source,              ofi.BtoA_RoadId,             ofi.BtoA_RoadName,              ksr.Road_ID,             ksr.Road_Name,             ksr.GuidanceValueSqMt,              /* EPID Metadata */             b.MD_Zonename,             b.MD_WardName,             b.MD_SiteArea,             b.MD_ZoneId,             b.MD_WardId,             b.MD_StreetId,              /* Officer Details */             o.Ofcr_IsGovtProperty,             o.Ofcr_CorrectedPropertyUseTypeValue,             o.Ofcr_CorrectedPropertyUseTypeId,             o.Ofcr_RoadFacingSides,             o.KSRSACMasterPlanLandUseType          INTO #Apps          FROM dbo.BtoAMainApp a          INNER JOIN dbo.BtoA_EPIDMetaData b             ON b.MD_APP_ID = a.App_Id          INNER JOIN         (             SELECT                 Ofcr_BtoA_MainAppId,                 Ofcr_IsGovtProperty,                 Ofcr_CorrectedPropertyUseTypeValue,                 Ofcr_CorrectedPropertyUseTypeId,                 Ofcr_RoadFacingSides,                 ResidentialPlotareaAfterRoadWideninginSqmt,                 CommercialPlotareaAfterRoadWideninginSqmt,                 IndustrialPlotareaAfterRoadWideninginSqmt,                 KSRSACMasterPlanLandUseType             FROM dbo.BtoA_MainApp_Officer         ) o             ON o.Ofcr_BtoA_MainAppId = a.App_Id          INNER JOIN dbo.BtoA_SiteRoadDetails_Officer ofi             ON ofi.BtoA_MainAppId = a.App_Id          INNER JOIN masterDB_prod.dbo.MstRoadKSRAC ksr             ON ofi.BtoA_RoadId = ksr.Road_ID          /* JC Officer eligibility */         INNER JOIN masterDB_prod.dbo.mst_officer ofc             ON b.MD_ZoneId = ofc.Ofcr_ZoneId          WHERE             a.App_Active = 1             AND a.App_Status = 14             AND ofc.Ofcr_RoleId = 125             AND ofc.Ofcr_Active = 1             AND a.App_Source <> 'newkhata'             AND b.MD_SiteArea >= 50             AND b.MD_SiteArea <= 1000             AND ISNULL(ofi.IsRMPPropersed, 'N') = 'N'             AND ksr.GuidanceValueSqMt IS NOT NULL 			AND a.App_JCMovedDate is not null             AND a.App_JCMovedDate < DATEADD(DAY, -13, CAST(GETDATE() AS DATE))             AND ofc.Ofcr_Id NOT IN (65, 11240, 11241)             AND ISNULL(a.IsApp_MasterPlanMismatch, 0) = 0             AND ISNULL(a.IsApp_PropertyVerificationRequired, 0) = 0          /*=========================================================           ROAD-WIDENING AREA VALIDATION         =========================================================*/          AND         (             /* Commercial */             (                 o.Ofcr_CorrectedPropertyUseTypeId = 1                 AND ISNULL(o.CommercialPlotareaAfterRoadWideninginSqmt, 0) > 5             )              OR              /* Residential */             (                 o.Ofcr_CorrectedPropertyUseTypeId = 2                 AND ISNULL(o.ResidentialPlotareaAfterRoadWideninginSqmt, 0) > 5             )              OR              /* Mixed - BOTH areas must be greater than 5 */             (                 o.Ofcr_CorrectedPropertyUseTypeId = 3                 AND ISNULL(o.CommercialPlotareaAfterRoadWideninginSqmt, 0) > 5                 AND ISNULL(o.ResidentialPlotareaAfterRoadWideninginSqmt, 0) > 5             )              OR              /* Industrial */             (                 o.Ofcr_CorrectedPropertyUseTypeId = 4                 AND ISNULL(o.IndustrialPlotareaAfterRoadWideninginSqmt, 0) > 5             )         )          /*=========================================================           PROPERTY USE TYPE VS MASTER PLAN VALIDATION         =========================================================*/          AND         (             /* Residential -> ONLY Residential */             (                 o.Ofcr_CorrectedPropertyUseTypeValue = 'Residential'                 AND o.KSRSACMasterPlanLandUseType = 'Residential'             )              OR              /* Commercial -> Residential OR Commercial */             (                 o.Ofcr_CorrectedPropertyUseTypeValue = 'Commercial'                 AND o.KSRSACMasterPlanLandUseType IN                     ('Residential', 'Commercial')             )              OR              /* Industrial -> Residential OR Industrial */             (                 o.Ofcr_CorrectedPropertyUseTypeValue = 'Industrial'                 AND o.KSRSACMasterPlanLandUseType IN                     ('Residential', 'Industrial')             )              OR              /* Mixed -> Residential OR Commercial */             (                 o.Ofcr_CorrectedPropertyUseTypeValue = 'Mixed'                 AND o.KSRSACMasterPlanLandUseType IN                     ('Residential', 'Commercial')             )         );           /*=========================================================           INDEX TEMP TABLE         =========================================================*/          CREATE CLUSTERED INDEX IX_Apps_AppId         ON #Apps(App_Id);           /*=========================================================           STEP 2 : GET LATEST JC MOVED DATE         =========================================================*/          SELECT             s.Sts_MainAppId AS App_Id,             MAX(s.Udt) AS App_JCMovedDate          INTO #JCMovedDate          FROM dbo.BtoA_Status_Master_Tran s          INNER JOIN #Apps a             ON a.App_Id = s.Sts_MainAppId          WHERE             s.Sts_MainAppStatus = 14          GROUP BY             s.Sts_MainAppId          HAVING             MAX(s.Udt) < DATEADD(DAY, -13, CAST(GETDATE() AS DATE));           /*=========================================================           INDEX JC TEMP TABLE         =========================================================*/          CREATE UNIQUE CLUSTERED INDEX IX_JCMovedDate_AppId         ON #JCMovedDate(App_Id);           /*=========================================================           STEP 3 : INSERT ONLY NEW ELIGIBLE APPLICATIONS            ApplicationDisplayID already existing in target table           will NOT be inserted.         =========================================================*/          INSERT INTO dbo.JC_Auto_Approved_B2A_Applications         (             ApplicationDisplayID,             MotherEPID,             Application_Status,             Corporation,             Zone,             Ward,             IsGovtProperty,             BtoA_RoadId,             BtoA_RoadName,             Road_ID,             Road_Name,             GuidanceValueSqMt,             PropertyUseType,             Application_JCMovedDate,             Application_type,             BtoA_RoadType,             IsMasterPlanMismatch,             SiteArea,             JC_Pending_Days,             CreatedDate,             OfficerName,             IsAutoApprovedManually         )          SELECT DISTINCT              a.App_DisplayId AS ApplicationDisplayID,              a.App_MotherEPID AS MotherEPID,              CASE                 WHEN a.App_Status = 14                 THEN 'Pending with JC'                 ELSE ''             END AS Application_Status,              a.GBA AS Corporation,              a.MD_Zonename AS Zone,              a.MD_WardName AS Ward,              CASE                 WHEN ISNULL(a.Ofcr_IsGovtProperty, 0) = 0                 THEN 'NO'             END AS IsGovtProperty,              a.BtoA_RoadId,              a.BtoA_RoadName,              a.Road_ID,              a.Road_Name,              a.GuidanceValueSqMt,              a.Ofcr_CorrectedPropertyUseTypeValue AS PropertyUseType,              jc.App_JCMovedDate AS Application_JCMovedDate,              CASE                 WHEN a.App_Source <> 'newkhata'                 THEN 'B2A'             END AS Application_type,              'public' AS BtoA_RoadType,              'No' AS IsMasterPlanMismatch,              a.MD_SiteArea AS SiteArea,              DATEDIFF             (                 DAY,                 CAST(jc.App_JCMovedDate AS DATE),                 CAST(GETDATE() AS DATE)             ) AS JC_Pending_Days,              GETDATE() AS CreatedDate,              jcOfficer.Ofcr_Name AS OfficerName,              0 AS IsAutoApprovedManually          FROM #Apps a          INNER JOIN #JCMovedDate jc             ON jc.App_Id = a.App_Id           /*=========================================================           GET ONE ACTIVE JC OFFICER FOR THE ZONE         =========================================================*/          OUTER APPLY         (             SELECT TOP 1                 ofc.Ofcr_Name,                 ofc.Ofcr_Id              FROM masterDB_prod.dbo.mst_officer ofc              WHERE                 ofc.Ofcr_ZoneId = a.MD_ZoneId                 AND ofc.Ofcr_RoleId = 125                 AND ofc.Ofcr_Active = 1                 AND ofc.Ofcr_Id NOT IN (65, 11240, 11241)              ORDER BY                 ofc.Ofcr_Id          ) jcOfficer           WHERE          /*=========================================================           1. MUST HAVE AT LEAST ONE ROAD         =========================================================*/          EXISTS         (             SELECT 1              FROM dbo.BtoA_SiteRoadDetails_Officer r              WHERE r.BtoA_MainAppId = a.App_Id         )           /*=========================================================           2. ALL ROADS MUST BE PUBLIC         =========================================================*/          AND NOT EXISTS         (             SELECT 1              FROM dbo.BtoA_SiteRoadDetails_Officer r              WHERE r.BtoA_MainAppId = a.App_Id              AND             (                 r.BtoA_RoadType IS NULL                 OR LTRIM(RTRIM(r.BtoA_RoadType)) = ''                 OR LOWER(LTRIM(RTRIM(r.BtoA_RoadType))) <> 'public'             )         )           /*=========================================================           3. EVERY ROAD MUST MATCH KSRAC         =========================================================*/          AND NOT EXISTS         (             SELECT 1              FROM dbo.BtoA_SiteRoadDetails_Officer r              WHERE r.BtoA_MainAppId = a.App_Id              AND NOT EXISTS             (                 SELECT 1                  FROM masterDB_prod.dbo.mst_AROMapping aro                  INNER JOIN masterDB_prod.dbo.MstRoadKSRAC k                     ON k.GBAZONEID = aro.GBAZONEID                     AND k.BBMPWardId = aro.BBMPWardId                     AND k.Road_Active = 1                  WHERE                     aro.GBAZONEID = a.MD_ZoneId                     AND aro.BBMPWardId = a.MD_WardId                     AND aro.BBMPStreetId = a.MD_StreetId                     AND aro.easthiULBNAME_CorpId = a.GBAId                     AND k.GuidanceValueSqMt IS NOT NULL                     AND k.Road_ID = r.BtoA_RoadId                     AND LTRIM(RTRIM(k.Road_Name))                         = LTRIM(RTRIM(r.BtoA_RoadName))             )         )           /*=========================================================           4. EXCLUDE GOVERNMENT PROPERTY         =========================================================*/          AND ISNULL(a.Ofcr_IsGovtProperty, 0) = 0           /*=========================================================           5. EXCLUDE GOOGLE GOVERNMENT PROPERTY         =========================================================*/          AND NOT EXISTS         (             SELECT 1              FROM dbo.BtoA_SiteDtls s              WHERE s.Site_App_Id = a.App_Id              AND ISNULL(s.GooglePropertyType, '') = 'govt'         )           /*=========================================================           PREVENT DUPLICATE INSERTS         =========================================================*/          AND NOT EXISTS         (             SELECT 1             FROM dbo.JC_Auto_Approved_B2A_Applications j              WHERE j.ApplicationDisplayID = a.App_DisplayId               AND ISNULL(j.MotherEPID, '') = ISNULL(a.App_MotherEPID, '')         );",,
18-09-2026 12:55,INFRA\bbmpuser2,INFRA\bbmpuser2,KhataBtoA_prod,BBMP-DB-VP14,Microsoft SQL Server Management Studio - Query,84,"   DROP TABLE IF EXISTS #Apps;         DROP TABLE IF EXISTS #JCMovedDate;           /*=========================================================           STEP 1 : GET BASE ELIGIBLE APPLICATIONS         =========================================================*/          SELECT             a.App_Id,             a.App_DisplayId,             a.App_Status,             a.GBA,             a.GBAId,             a.App_MotherEPID,             a.App_Source,              ofi.BtoA_RoadId,             ofi.BtoA_RoadName,              ksr.Road_ID,             ksr.Road_Name,             ksr.GuidanceValueSqMt,              /* EPID Metadata */             b.MD_Zonename,             b.MD_WardName,             b.MD_SiteArea,             b.MD_ZoneId,             b.MD_WardId,             b.MD_StreetId,              /* Officer Details */             o.Ofcr_IsGovtProperty,             o.Ofcr_CorrectedPropertyUseTypeValue,             o.Ofcr_CorrectedPropertyUseTypeId,             o.Ofcr_RoadFacingSides,             o.KSRSACMasterPlanLandUseType          INTO #Apps          FROM dbo.BtoAMainApp a          INNER JOIN dbo.BtoA_EPIDMetaData b             ON b.MD_APP_ID = a.App_Id          INNER JOIN         (             SELECT                 Ofcr_BtoA_MainAppId,                 Ofcr_IsGovtProperty,                 Ofcr_CorrectedPropertyUseTypeValue,                 Ofcr_CorrectedPropertyUseTypeId,                 Ofcr_RoadFacingSides,                 ResidentialPlotareaAfterRoadWideninginSqmt,                 CommercialPlotareaAfterRoadWideninginSqmt,                 IndustrialPlotareaAfterRoadWideninginSqmt,                 KSRSACMasterPlanLandUseType             FROM dbo.BtoA_MainApp_Officer         ) o             ON o.Ofcr_BtoA_MainAppId = a.App_Id          INNER JOIN dbo.BtoA_SiteRoadDetails_Officer ofi             ON ofi.BtoA_MainAppId = a.App_Id          INNER JOIN masterDB_prod.dbo.MstRoadKSRAC ksr             ON ofi.BtoA_RoadId = ksr.Road_ID          /* JC Officer eligibility */         INNER JOIN masterDB_prod.dbo.mst_officer ofc             ON b.MD_ZoneId = ofc.Ofcr_ZoneId          WHERE             a.App_Active = 1             AND a.App_Status = 14             AND ofc.Ofcr_RoleId = 125             AND ofc.Ofcr_Active = 1             AND a.App_Source <> 'newkhata'             AND b.MD_SiteArea >= 50             AND b.MD_SiteArea <= 1000             AND ISNULL(ofi.IsRMPPropersed, 'N') = 'N'             AND ksr.GuidanceValueSqMt IS NOT NULL 			AND a.App_JCMovedDate is not null             AND a.App_JCMovedDate < DATEADD(DAY, -13, CAST(GETDATE() AS DATE))             AND ofc.Ofcr_Id NOT IN (65, 11240, 11241)             AND ISNULL(a.IsApp_MasterPlanMismatch, 0) = 0             AND ISNULL(a.IsApp_PropertyVerificationRequired, 0) = 0          /*=========================================================           ROAD-WIDENING AREA VALIDATION         =========================================================*/          AND         (             /* Commercial */             (                 o.Ofcr_CorrectedPropertyUseTypeId = 1                 AND ISNULL(o.CommercialPlotareaAfterRoadWideninginSqmt, 0) > 5             )              OR              /* Residential */             (                 o.Ofcr_CorrectedPropertyUseTypeId = 2                 AND ISNULL(o.ResidentialPlotareaAfterRoadWideninginSqmt, 0) > 5             )              OR              /* Mixed - BOTH areas must be greater than 5 */             (                 o.Ofcr_CorrectedPropertyUseTypeId = 3                 AND ISNULL(o.CommercialPlotareaAfterRoadWideninginSqmt, 0) > 5                 AND ISNULL(o.ResidentialPlotareaAfterRoadWideninginSqmt, 0) > 5             )              OR              /* Industrial */             (                 o.Ofcr_CorrectedPropertyUseTypeId = 4                 AND ISNULL(o.IndustrialPlotareaAfterRoadWideninginSqmt, 0) > 5             )         )          /*=========================================================           PROPERTY USE TYPE VS MASTER PLAN VALIDATION         =========================================================*/          AND         (             /* Residential -> ONLY Residential */             (                 o.Ofcr_CorrectedPropertyUseTypeValue = 'Residential'                 AND o.KSRSACMasterPlanLandUseType = 'Residential'             )              OR              /* Commercial -> Residential OR Commercial */             (                 o.Ofcr_CorrectedPropertyUseTypeValue = 'Commercial'                 AND o.KSRSACMasterPlanLandUseType IN                     ('Residential', 'Commercial')             )              OR              /* Industrial -> Residential OR Industrial */             (                 o.Ofcr_CorrectedPropertyUseTypeValue = 'Industrial'                 AND o.KSRSACMasterPlanLandUseType IN                     ('Residential', 'Industrial')             )              OR              /* Mixed -> Residential OR Commercial */             (                 o.Ofcr_CorrectedPropertyUseTypeValue = 'Mixed'                 AND o.KSRSACMasterPlanLandUseType IN                     ('Residential', 'Commercial')             )         );           /*=========================================================           INDEX TEMP TABLE         =========================================================*/          CREATE CLUSTERED INDEX IX_Apps_AppId         ON #Apps(App_Id);           /*=========================================================           STEP 2 : GET LATEST JC MOVED DATE         =========================================================*/          SELECT             s.Sts_MainAppId AS App_Id,             MAX(s.Udt) AS App_JCMovedDate          INTO #JCMovedDate          FROM dbo.BtoA_Status_Master_Tran s          INNER JOIN #Apps a             ON a.App_Id = s.Sts_MainAppId          WHERE             s.Sts_MainAppStatus = 14          GROUP BY             s.Sts_MainAppId          HAVING             MAX(s.Udt) < DATEADD(DAY, -13, CAST(GETDATE() AS DATE));           /*=========================================================           INDEX JC TEMP TABLE         =========================================================*/          CREATE UNIQUE CLUSTERED INDEX IX_JCMovedDate_AppId         ON #JCMovedDate(App_Id);           /*=========================================================           STEP 3 : INSERT ONLY NEW ELIGIBLE APPLICATIONS            ApplicationDisplayID already existing in target table           will NOT be inserted.         =========================================================*/          INSERT INTO dbo.JC_Auto_Approved_B2A_Applications         (             ApplicationDisplayID,             MotherEPID,             Application_Status,             Corporation,             Zone,             Ward,             IsGovtProperty,             BtoA_RoadId,             BtoA_RoadName,             Road_ID,             Road_Name,             GuidanceValueSqMt,             PropertyUseType,             Application_JCMovedDate,             Application_type,             BtoA_RoadType,             IsMasterPlanMismatch,             SiteArea,             JC_Pending_Days,             CreatedDate,             OfficerName,             IsAutoApprovedManually         )          SELECT DISTINCT              a.App_DisplayId AS ApplicationDisplayID,              a.App_MotherEPID AS MotherEPID,              CASE                 WHEN a.App_Status = 14                 THEN 'Pending with JC'                 ELSE ''             END AS Application_Status,              a.GBA AS Corporation,              a.MD_Zonename AS Zone,              a.MD_WardName AS Ward,              CASE                 WHEN ISNULL(a.Ofcr_IsGovtProperty, 0) = 0                 THEN 'NO'             END AS IsGovtProperty,              a.BtoA_RoadId,              a.BtoA_RoadName,              a.Road_ID,              a.Road_Name,              a.GuidanceValueSqMt,              a.Ofcr_CorrectedPropertyUseTypeValue AS PropertyUseType,              jc.App_JCMovedDate AS Application_JCMovedDate,              CASE                 WHEN a.App_Source <> 'newkhata'                 THEN 'B2A'             END AS Application_type,              'public' AS BtoA_RoadType,              'No' AS IsMasterPlanMismatch,              a.MD_SiteArea AS SiteArea,              DATEDIFF             (                 DAY,                 CAST(jc.App_JCMovedDate AS DATE),                 CAST(GETDATE() AS DATE)             ) AS JC_Pending_Days,              GETDATE() AS CreatedDate,              jcOfficer.Ofcr_Name AS OfficerName,              0 AS IsAutoApprovedManually          FROM #Apps a          INNER JOIN #JCMovedDate jc             ON jc.App_Id = a.App_Id           /*=========================================================           GET ONE ACTIVE JC OFFICER FOR THE ZONE         =========================================================*/          OUTER APPLY         (             SELECT TOP 1                 ofc.Ofcr_Name,                 ofc.Ofcr_Id              FROM masterDB_prod.dbo.mst_officer ofc              WHERE                 ofc.Ofcr_ZoneId = a.MD_ZoneId                 AND ofc.Ofcr_RoleId = 125                 AND ofc.Ofcr_Active = 1                 AND ofc.Ofcr_Id NOT IN (65, 11240, 11241)              ORDER BY                 ofc.Ofcr_Id          ) jcOfficer           WHERE          /*=========================================================           1. MUST HAVE AT LEAST ONE ROAD         =========================================================*/          EXISTS         (             SELECT 1              FROM dbo.BtoA_SiteRoadDetails_Officer r              WHERE r.BtoA_MainAppId = a.App_Id         )           /*=========================================================           2. ALL ROADS MUST BE PUBLIC         =========================================================*/          AND NOT EXISTS         (             SELECT 1              FROM dbo.BtoA_SiteRoadDetails_Officer r              WHERE r.BtoA_MainAppId = a.App_Id              AND             (                 r.BtoA_RoadType IS NULL                 OR LTRIM(RTRIM(r.BtoA_RoadType)) = ''                 OR LOWER(LTRIM(RTRIM(r.BtoA_RoadType))) <> 'public'             )         )           /*=========================================================           3. EVERY ROAD MUST MATCH KSRAC         =========================================================*/          AND NOT EXISTS         (             SELECT 1              FROM dbo.BtoA_SiteRoadDetails_Officer r              WHERE r.BtoA_MainAppId = a.App_Id              AND NOT EXISTS             (                 SELECT 1                  FROM masterDB_prod.dbo.mst_AROMapping aro                  INNER JOIN masterDB_prod.dbo.MstRoadKSRAC k                     ON k.GBAZONEID = aro.GBAZONEID                     AND k.BBMPWardId = aro.BBMPWardId                     AND k.Road_Active = 1                  WHERE                     aro.GBAZONEID = a.MD_ZoneId                     AND aro.BBMPWardId = a.MD_WardId                     AND aro.BBMPStreetId = a.MD_StreetId                     AND aro.easthiULBNAME_CorpId = a.GBAId                     AND k.GuidanceValueSqMt IS NOT NULL                     AND k.Road_ID = r.BtoA_RoadId                     AND LTRIM(RTRIM(k.Road_Name))                         = LTRIM(RTRIM(r.BtoA_RoadName))             )         )           /*=========================================================           4. EXCLUDE GOVERNMENT PROPERTY         =========================================================*/          AND ISNULL(a.Ofcr_IsGovtProperty, 0) = 0           /*=========================================================           5. EXCLUDE GOOGLE GOVERNMENT PROPERTY         =========================================================*/          AND NOT EXISTS         (             SELECT 1              FROM dbo.BtoA_SiteDtls s              WHERE s.Site_App_Id = a.App_Id              AND ISNULL(s.GooglePropertyType, '') = 'govt'         )           /*=========================================================           PREVENT DUPLICATE INSERTS         =========================================================*/          AND NOT EXISTS         (             SELECT 1             FROM dbo.JC_Auto_Approved_B2A_Applications j              WHERE j.ApplicationDisplayID = a.App_DisplayId               AND ISNULL(j.MotherEPID, '') = ISNULL(a.App_MotherEPID, '')         );",,
18-09-2026 12:55,INFRA\bbmpuser2,INFRA\bbmpuser2,KhataBtoA_prod,BBMP-DB-VP14,Microsoft SQL Server Management Studio - Query,84,"   DROP TABLE IF EXISTS #Apps;         DROP TABLE IF EXISTS #JCMovedDate;           /*=========================================================           STEP 1 : GET BASE ELIGIBLE APPLICATIONS         =========================================================*/          SELECT             a.App_Id,             a.App_DisplayId,             a.App_Status,             a.GBA,             a.GBAId,             a.App_MotherEPID,             a.App_Source,              ofi.BtoA_RoadId,             ofi.BtoA_RoadName,              ksr.Road_ID,             ksr.Road_Name,             ksr.GuidanceValueSqMt,              /* EPID Metadata */             b.MD_Zonename,             b.MD_WardName,             b.MD_SiteArea,             b.MD_ZoneId,             b.MD_WardId,             b.MD_StreetId,              /* Officer Details */             o.Ofcr_IsGovtProperty,             o.Ofcr_CorrectedPropertyUseTypeValue,             o.Ofcr_CorrectedPropertyUseTypeId,             o.Ofcr_RoadFacingSides,             o.KSRSACMasterPlanLandUseType          INTO #Apps          FROM dbo.BtoAMainApp a          INNER JOIN dbo.BtoA_EPIDMetaData b             ON b.MD_APP_ID = a.App_Id          INNER JOIN         (             SELECT                 Ofcr_BtoA_MainAppId,                 Ofcr_IsGovtProperty,                 Ofcr_CorrectedPropertyUseTypeValue,                 Ofcr_CorrectedPropertyUseTypeId,                 Ofcr_RoadFacingSides,                 ResidentialPlotareaAfterRoadWideninginSqmt,                 CommercialPlotareaAfterRoadWideninginSqmt,                 IndustrialPlotareaAfterRoadWideninginSqmt,                 KSRSACMasterPlanLandUseType             FROM dbo.BtoA_MainApp_Officer         ) o             ON o.Ofcr_BtoA_MainAppId = a.App_Id          INNER JOIN dbo.BtoA_SiteRoadDetails_Officer ofi             ON ofi.BtoA_MainAppId = a.App_Id          INNER JOIN masterDB_prod.dbo.MstRoadKSRAC ksr             ON ofi.BtoA_RoadId = ksr.Road_ID          /* JC Officer eligibility */         INNER JOIN masterDB_prod.dbo.mst_officer ofc             ON b.MD_ZoneId = ofc.Ofcr_ZoneId          WHERE             a.App_Active = 1             AND a.App_Status = 14             AND ofc.Ofcr_RoleId = 125             AND ofc.Ofcr_Active = 1             AND a.App_Source <> 'newkhata'             AND b.MD_SiteArea >= 50             AND b.MD_SiteArea <= 1000             AND ISNULL(ofi.IsRMPPropersed, 'N') = 'N'             AND ksr.GuidanceValueSqMt IS NOT NULL 			AND a.App_JCMovedDate is not null             AND a.App_JCMovedDate < DATEADD(DAY, -13, CAST(GETDATE() AS DATE))             AND ofc.Ofcr_Id NOT IN (65, 11240, 11241)             AND ISNULL(a.IsApp_MasterPlanMismatch, 0) = 0             AND ISNULL(a.IsApp_PropertyVerificationRequired, 0) = 0          /*=========================================================           ROAD-WIDENING AREA VALIDATION         =========================================================*/          AND         (             /* Commercial */             (                 o.Ofcr_CorrectedPropertyUseTypeId = 1                 AND ISNULL(o.CommercialPlotareaAfterRoadWideninginSqmt, 0) > 5             )              OR              /* Residential */             (                 o.Ofcr_CorrectedPropertyUseTypeId = 2                 AND ISNULL(o.ResidentialPlotareaAfterRoadWideninginSqmt, 0) > 5             )              OR              /* Mixed - BOTH areas must be greater than 5 */             (                 o.Ofcr_CorrectedPropertyUseTypeId = 3                 AND ISNULL(o.CommercialPlotareaAfterRoadWideninginSqmt, 0) > 5                 AND ISNULL(o.ResidentialPlotareaAfterRoadWideninginSqmt, 0) > 5             )              OR              /* Industrial */             (                 o.Ofcr_CorrectedPropertyUseTypeId = 4                 AND ISNULL(o.IndustrialPlotareaAfterRoadWideninginSqmt, 0) > 5             )         )          /*=========================================================           PROPERTY USE TYPE VS MASTER PLAN VALIDATION         =========================================================*/          AND         (             /* Residential -> ONLY Residential */             (                 o.Ofcr_CorrectedPropertyUseTypeValue = 'Residential'                 AND o.KSRSACMasterPlanLandUseType = 'Residential'             )              OR              /* Commercial -> Residential OR Commercial */             (                 o.Ofcr_CorrectedPropertyUseTypeValue = 'Commercial'                 AND o.KSRSACMasterPlanLandUseType IN                     ('Residential', 'Commercial')             )              OR              /* Industrial -> Residential OR Industrial */             (                 o.Ofcr_CorrectedPropertyUseTypeValue = 'Industrial'                 AND o.KSRSACMasterPlanLandUseType IN                     ('Residential', 'Industrial')             )              OR              /* Mixed -> Residential OR Commercial */             (                 o.Ofcr_CorrectedPropertyUseTypeValue = 'Mixed'                 AND o.KSRSACMasterPlanLandUseType IN                     ('Residential', 'Commercial')             )         );           /*=========================================================           INDEX TEMP TABLE         =========================================================*/          CREATE CLUSTERED INDEX IX_Apps_AppId         ON #Apps(App_Id);           /*=========================================================           STEP 2 : GET LATEST JC MOVED DATE         =========================================================*/          SELECT             s.Sts_MainAppId AS App_Id,             MAX(s.Udt) AS App_JCMovedDate          INTO #JCMovedDate          FROM dbo.BtoA_Status_Master_Tran s          INNER JOIN #Apps a             ON a.App_Id = s.Sts_MainAppId          WHERE             s.Sts_MainAppStatus = 14          GROUP BY             s.Sts_MainAppId          HAVING             MAX(s.Udt) < DATEADD(DAY, -13, CAST(GETDATE() AS DATE));           /*=========================================================           INDEX JC TEMP TABLE         =========================================================*/          CREATE UNIQUE CLUSTERED INDEX IX_JCMovedDate_AppId         ON #JCMovedDate(App_Id);           /*=========================================================           STEP 3 : INSERT ONLY NEW ELIGIBLE APPLICATIONS            ApplicationDisplayID already existing in target table           will NOT be inserted.         =========================================================*/          INSERT INTO dbo.JC_Auto_Approved_B2A_Applications         (             ApplicationDisplayID,             MotherEPID,             Application_Status,             Corporation,             Zone,             Ward,             IsGovtProperty,             BtoA_RoadId,             BtoA_RoadName,             Road_ID,             Road_Name,             GuidanceValueSqMt,             PropertyUseType,             Application_JCMovedDate,             Application_type,             BtoA_RoadType,             IsMasterPlanMismatch,             SiteArea,             JC_Pending_Days,             CreatedDate,             OfficerName,             IsAutoApprovedManually         )          SELECT DISTINCT              a.App_DisplayId AS ApplicationDisplayID,              a.App_MotherEPID AS MotherEPID,              CASE                 WHEN a.App_Status = 14                 THEN 'Pending with JC'                 ELSE ''             END AS Application_Status,              a.GBA AS Corporation,              a.MD_Zonename AS Zone,              a.MD_WardName AS Ward,              CASE                 WHEN ISNULL(a.Ofcr_IsGovtProperty, 0) = 0                 THEN 'NO'             END AS IsGovtProperty,              a.BtoA_RoadId,              a.BtoA_RoadName,              a.Road_ID,              a.Road_Name,              a.GuidanceValueSqMt,              a.Ofcr_CorrectedPropertyUseTypeValue AS PropertyUseType,              jc.App_JCMovedDate AS Application_JCMovedDate,              CASE                 WHEN a.App_Source <> 'newkhata'                 THEN 'B2A'             END AS Application_type,              'public' AS BtoA_RoadType,              'No' AS IsMasterPlanMismatch,              a.MD_SiteArea AS SiteArea,              DATEDIFF             (                 DAY,                 CAST(jc.App_JCMovedDate AS DATE),                 CAST(GETDATE() AS DATE)             ) AS JC_Pending_Days,              GETDATE() AS CreatedDate,              jcOfficer.Ofcr_Name AS OfficerName,              0 AS IsAutoApprovedManually          FROM #Apps a          INNER JOIN #JCMovedDate jc             ON jc.App_Id = a.App_Id           /*=========================================================           GET ONE ACTIVE JC OFFICER FOR THE ZONE         =========================================================*/          OUTER APPLY         (             SELECT TOP 1                 ofc.Ofcr_Name,                 ofc.Ofcr_Id              FROM masterDB_prod.dbo.mst_officer ofc              WHERE                 ofc.Ofcr_ZoneId = a.MD_ZoneId                 AND ofc.Ofcr_RoleId = 125                 AND ofc.Ofcr_Active = 1                 AND ofc.Ofcr_Id NOT IN (65, 11240, 11241)              ORDER BY                 ofc.Ofcr_Id          ) jcOfficer           WHERE          /*=========================================================           1. MUST HAVE AT LEAST ONE ROAD         =========================================================*/          EXISTS         (             SELECT 1              FROM dbo.BtoA_SiteRoadDetails_Officer r              WHERE r.BtoA_MainAppId = a.App_Id         )           /*=========================================================           2. ALL ROADS MUST BE PUBLIC         =========================================================*/          AND NOT EXISTS         (             SELECT 1              FROM dbo.BtoA_SiteRoadDetails_Officer r              WHERE r.BtoA_MainAppId = a.App_Id              AND             (                 r.BtoA_RoadType IS NULL                 OR LTRIM(RTRIM(r.BtoA_RoadType)) = ''                 OR LOWER(LTRIM(RTRIM(r.BtoA_RoadType))) <> 'public'             )         )           /*=========================================================           3. EVERY ROAD MUST MATCH KSRAC         =========================================================*/          AND NOT EXISTS         (             SELECT 1              FROM dbo.BtoA_SiteRoadDetails_Officer r              WHERE r.BtoA_MainAppId = a.App_Id              AND NOT EXISTS             (                 SELECT 1                  FROM masterDB_prod.dbo.mst_AROMapping aro                  INNER JOIN masterDB_prod.dbo.MstRoadKSRAC k                     ON k.GBAZONEID = aro.GBAZONEID                     AND k.BBMPWardId = aro.BBMPWardId                     AND k.Road_Active = 1                  WHERE                     aro.GBAZONEID = a.MD_ZoneId                     AND aro.BBMPWardId = a.MD_WardId                     AND aro.BBMPStreetId = a.MD_StreetId                     AND aro.easthiULBNAME_CorpId = a.GBAId                     AND k.GuidanceValueSqMt IS NOT NULL                     AND k.Road_ID = r.BtoA_RoadId                     AND LTRIM(RTRIM(k.Road_Name))                         = LTRIM(RTRIM(r.BtoA_RoadName))             )         )           /*=========================================================           4. EXCLUDE GOVERNMENT PROPERTY         =========================================================*/          AND ISNULL(a.Ofcr_IsGovtProperty, 0) = 0           /*=========================================================           5. EXCLUDE GOOGLE GOVERNMENT PROPERTY         =========================================================*/          AND NOT EXISTS         (             SELECT 1              FROM dbo.BtoA_SiteDtls s              WHERE s.Site_App_Id = a.App_Id              AND ISNULL(s.GooglePropertyType, '') = 'govt'         )           /*=========================================================           PREVENT DUPLICATE INSERTS         =========================================================*/          AND NOT EXISTS         (             SELECT 1             FROM dbo.JC_Auto_Approved_B2A_Applications j              WHERE j.ApplicationDisplayID = a.App_DisplayId               AND ISNULL(j.MotherEPID, '') = ISNULL(a.App_MotherEPID, '')         );",,
18-09-2026 12:55,INFRA\bbmpuser2,INFRA\bbmpuser2,KhataBtoA_prod,BBMP-DB-VP14,Microsoft SQL Server Management Studio - Query,84,"   DROP TABLE IF EXISTS #Apps;         DROP TABLE IF EXISTS #JCMovedDate;           /*=========================================================           STEP 1 : GET BASE ELIGIBLE APPLICATIONS         =========================================================*/          SELECT             a.App_Id,             a.App_DisplayId,             a.App_Status,             a.GBA,             a.GBAId,             a.App_MotherEPID,             a.App_Source,              ofi.BtoA_RoadId,             ofi.BtoA_RoadName,              ksr.Road_ID,             ksr.Road_Name,             ksr.GuidanceValueSqMt,              /* EPID Metadata */             b.MD_Zonename,             b.MD_WardName,             b.MD_SiteArea,             b.MD_ZoneId,             b.MD_WardId,             b.MD_StreetId,              /* Officer Details */             o.Ofcr_IsGovtProperty,             o.Ofcr_CorrectedPropertyUseTypeValue,             o.Ofcr_CorrectedPropertyUseTypeId,             o.Ofcr_RoadFacingSides,             o.KSRSACMasterPlanLandUseType          INTO #Apps          FROM dbo.BtoAMainApp a          INNER JOIN dbo.BtoA_EPIDMetaData b             ON b.MD_APP_ID = a.App_Id          INNER JOIN         (             SELECT                 Ofcr_BtoA_MainAppId,                 Ofcr_IsGovtProperty,                 Ofcr_CorrectedPropertyUseTypeValue,                 Ofcr_CorrectedPropertyUseTypeId,                 Ofcr_RoadFacingSides,                 ResidentialPlotareaAfterRoadWideninginSqmt,                 CommercialPlotareaAfterRoadWideninginSqmt,                 IndustrialPlotareaAfterRoadWideninginSqmt,                 KSRSACMasterPlanLandUseType             FROM dbo.BtoA_MainApp_Officer         ) o             ON o.Ofcr_BtoA_MainAppId = a.App_Id          INNER JOIN dbo.BtoA_SiteRoadDetails_Officer ofi             ON ofi.BtoA_MainAppId = a.App_Id          INNER JOIN masterDB_prod.dbo.MstRoadKSRAC ksr             ON ofi.BtoA_RoadId = ksr.Road_ID          /* JC Officer eligibility */         INNER JOIN masterDB_prod.dbo.mst_officer ofc             ON b.MD_ZoneId = ofc.Ofcr_ZoneId          WHERE             a.App_Active = 1             AND a.App_Status = 14             AND ofc.Ofcr_RoleId = 125             AND ofc.Ofcr_Active = 1             AND a.App_Source <> 'newkhata'             AND b.MD_SiteArea >= 50             AND b.MD_SiteArea <= 1000             AND ISNULL(ofi.IsRMPPropersed, 'N') = 'N'             AND ksr.GuidanceValueSqMt IS NOT NULL 			AND a.App_JCMovedDate is not null             AND a.App_JCMovedDate < DATEADD(DAY, -13, CAST(GETDATE() AS DATE))             AND ofc.Ofcr_Id NOT IN (65, 11240, 11241)             AND ISNULL(a.IsApp_MasterPlanMismatch, 0) = 0             AND ISNULL(a.IsApp_PropertyVerificationRequired, 0) = 0          /*=========================================================           ROAD-WIDENING AREA VALIDATION         =========================================================*/          AND         (             /* Commercial */             (                 o.Ofcr_CorrectedPropertyUseTypeId = 1                 AND ISNULL(o.CommercialPlotareaAfterRoadWideninginSqmt, 0) > 5             )              OR              /* Residential */             (                 o.Ofcr_CorrectedPropertyUseTypeId = 2                 AND ISNULL(o.ResidentialPlotareaAfterRoadWideninginSqmt, 0) > 5             )              OR              /* Mixed - BOTH areas must be greater than 5 */             (                 o.Ofcr_CorrectedPropertyUseTypeId = 3                 AND ISNULL(o.CommercialPlotareaAfterRoadWideninginSqmt, 0) > 5                 AND ISNULL(o.ResidentialPlotareaAfterRoadWideninginSqmt, 0) > 5             )              OR              /* Industrial */             (                 o.Ofcr_CorrectedPropertyUseTypeId = 4                 AND ISNULL(o.IndustrialPlotareaAfterRoadWideninginSqmt, 0) > 5             )         )          /*=========================================================           PROPERTY USE TYPE VS MASTER PLAN VALIDATION         =========================================================*/          AND         (             /* Residential -> ONLY Residential */             (                 o.Ofcr_CorrectedPropertyUseTypeValue = 'Residential'                 AND o.KSRSACMasterPlanLandUseType = 'Residential'             )              OR              /* Commercial -> Residential OR Commercial */             (                 o.Ofcr_CorrectedPropertyUseTypeValue = 'Commercial'                 AND o.KSRSACMasterPlanLandUseType IN                     ('Residential', 'Commercial')             )              OR              /* Industrial -> Residential OR Industrial */             (                 o.Ofcr_CorrectedPropertyUseTypeValue = 'Industrial'                 AND o.KSRSACMasterPlanLandUseType IN                     ('Residential', 'Industrial')             )              OR              /* Mixed -> Residential OR Commercial */             (                 o.Ofcr_CorrectedPropertyUseTypeValue = 'Mixed'                 AND o.KSRSACMasterPlanLandUseType IN                     ('Residential', 'Commercial')             )         );           /*=========================================================           INDEX TEMP TABLE         =========================================================*/          CREATE CLUSTERED INDEX IX_Apps_AppId         ON #Apps(App_Id);           /*=========================================================           STEP 2 : GET LATEST JC MOVED DATE         =========================================================*/          SELECT             s.Sts_MainAppId AS App_Id,             MAX(s.Udt) AS App_JCMovedDate          INTO #JCMovedDate          FROM dbo.BtoA_Status_Master_Tran s          INNER JOIN #Apps a             ON a.App_Id = s.Sts_MainAppId          WHERE             s.Sts_MainAppStatus = 14          GROUP BY             s.Sts_MainAppId          HAVING             MAX(s.Udt) < DATEADD(DAY, -13, CAST(GETDATE() AS DATE));           /*=========================================================           INDEX JC TEMP TABLE         =========================================================*/          CREATE UNIQUE CLUSTERED INDEX IX_JCMovedDate_AppId         ON #JCMovedDate(App_Id);           /*=========================================================           STEP 3 : INSERT ONLY NEW ELIGIBLE APPLICATIONS            ApplicationDisplayID already existing in target table           will NOT be inserted.         =========================================================*/          INSERT INTO dbo.JC_Auto_Approved_B2A_Applications         (             ApplicationDisplayID,             MotherEPID,             Application_Status,             Corporation,             Zone,             Ward,             IsGovtProperty,             BtoA_RoadId,             BtoA_RoadName,             Road_ID,             Road_Name,             GuidanceValueSqMt,             PropertyUseType,             Application_JCMovedDate,             Application_type,             BtoA_RoadType,             IsMasterPlanMismatch,             SiteArea,             JC_Pending_Days,             CreatedDate,             OfficerName,             IsAutoApprovedManually         )          SELECT DISTINCT              a.App_DisplayId AS ApplicationDisplayID,              a.App_MotherEPID AS MotherEPID,              CASE                 WHEN a.App_Status = 14                 THEN 'Pending with JC'                 ELSE ''             END AS Application_Status,              a.GBA AS Corporation,              a.MD_Zonename AS Zone,              a.MD_WardName AS Ward,              CASE                 WHEN ISNULL(a.Ofcr_IsGovtProperty, 0) = 0                 THEN 'NO'             END AS IsGovtProperty,              a.BtoA_RoadId,              a.BtoA_RoadName,              a.Road_ID,              a.Road_Name,              a.GuidanceValueSqMt,              a.Ofcr_CorrectedPropertyUseTypeValue AS PropertyUseType,              jc.App_JCMovedDate AS Application_JCMovedDate,              CASE                 WHEN a.App_Source <> 'newkhata'                 THEN 'B2A'             END AS Application_type,              'public' AS BtoA_RoadType,              'No' AS IsMasterPlanMismatch,              a.MD_SiteArea AS SiteArea,              DATEDIFF             (                 DAY,                 CAST(jc.App_JCMovedDate AS DATE),                 CAST(GETDATE() AS DATE)             ) AS JC_Pending_Days,              GETDATE() AS CreatedDate,              jcOfficer.Ofcr_Name AS OfficerName,              0 AS IsAutoApprovedManually          FROM #Apps a          INNER JOIN #JCMovedDate jc             ON jc.App_Id = a.App_Id           /*=========================================================           GET ONE ACTIVE JC OFFICER FOR THE ZONE         =========================================================*/          OUTER APPLY         (             SELECT TOP 1                 ofc.Ofcr_Name,                 ofc.Ofcr_Id              FROM masterDB_prod.dbo.mst_officer ofc              WHERE                 ofc.Ofcr_ZoneId = a.MD_ZoneId                 AND ofc.Ofcr_RoleId = 125                 AND ofc.Ofcr_Active = 1                 AND ofc.Ofcr_Id NOT IN (65, 11240, 11241)              ORDER BY                 ofc.Ofcr_Id          ) jcOfficer           WHERE          /*=========================================================           1. MUST HAVE AT LEAST ONE ROAD         =========================================================*/          EXISTS         (             SELECT 1              FROM dbo.BtoA_SiteRoadDetails_Officer r              WHERE r.BtoA_MainAppId = a.App_Id         )           /*=========================================================           2. ALL ROADS MUST BE PUBLIC         =========================================================*/          AND NOT EXISTS         (             SELECT 1              FROM dbo.BtoA_SiteRoadDetails_Officer r              WHERE r.BtoA_MainAppId = a.App_Id              AND             (                 r.BtoA_RoadType IS NULL                 OR LTRIM(RTRIM(r.BtoA_RoadType)) = ''                 OR LOWER(LTRIM(RTRIM(r.BtoA_RoadType))) <> 'public'             )         )           /*=========================================================           3. EVERY ROAD MUST MATCH KSRAC         =========================================================*/          AND NOT EXISTS         (             SELECT 1              FROM dbo.BtoA_SiteRoadDetails_Officer r              WHERE r.BtoA_MainAppId = a.App_Id              AND NOT EXISTS             (                 SELECT 1                  FROM masterDB_prod.dbo.mst_AROMapping aro                  INNER JOIN masterDB_prod.dbo.MstRoadKSRAC k                     ON k.GBAZONEID = aro.GBAZONEID                     AND k.BBMPWardId = aro.BBMPWardId                     AND k.Road_Active = 1                  WHERE                     aro.GBAZONEID = a.MD_ZoneId                     AND aro.BBMPWardId = a.MD_WardId                     AND aro.BBMPStreetId = a.MD_StreetId                     AND aro.easthiULBNAME_CorpId = a.GBAId                     AND k.GuidanceValueSqMt IS NOT NULL                     AND k.Road_ID = r.BtoA_RoadId                     AND LTRIM(RTRIM(k.Road_Name))                         = LTRIM(RTRIM(r.BtoA_RoadName))             )         )           /*=========================================================           4. EXCLUDE GOVERNMENT PROPERTY         =========================================================*/          AND ISNULL(a.Ofcr_IsGovtProperty, 0) = 0           /*=========================================================           5. EXCLUDE GOOGLE GOVERNMENT PROPERTY         =========================================================*/          AND NOT EXISTS         (             SELECT 1              FROM dbo.BtoA_SiteDtls s              WHERE s.Site_App_Id = a.App_Id              AND ISNULL(s.GooglePropertyType, '') = 'govt'         )           /*=========================================================           PREVENT DUPLICATE INSERTS         =========================================================*/          AND NOT EXISTS         (             SELECT 1             FROM dbo.JC_Auto_Approved_B2A_Applications j              WHERE j.ApplicationDisplayID = a.App_DisplayId               AND ISNULL(j.MotherEPID, '') = ISNULL(a.App_MotherEPID, '')         );",,
18-09-2026 12:55,INFRA\bbmpuser2,INFRA\bbmpuser2,KhataBtoA_prod,BBMP-DB-VP14,Microsoft SQL Server Management Studio - Query,84,"   DROP TABLE IF EXISTS #Apps;         DROP TABLE IF EXISTS #JCMovedDate;           /*=========================================================           STEP 1 : GET BASE ELIGIBLE APPLICATIONS         =========================================================*/          SELECT             a.App_Id,             a.App_DisplayId,             a.App_Status,             a.GBA,             a.GBAId,             a.App_MotherEPID,             a.App_Source,              ofi.BtoA_RoadId,             ofi.BtoA_RoadName,              ksr.Road_ID,             ksr.Road_Name,             ksr.GuidanceValueSqMt,              /* EPID Metadata */             b.MD_Zonename,             b.MD_WardName,             b.MD_SiteArea,             b.MD_ZoneId,             b.MD_WardId,             b.MD_StreetId,              /* Officer Details */             o.Ofcr_IsGovtProperty,             o.Ofcr_CorrectedPropertyUseTypeValue,             o.Ofcr_CorrectedPropertyUseTypeId,             o.Ofcr_RoadFacingSides,             o.KSRSACMasterPlanLandUseType          INTO #Apps          FROM dbo.BtoAMainApp a          INNER JOIN dbo.BtoA_EPIDMetaData b             ON b.MD_APP_ID = a.App_Id          INNER JOIN         (             SELECT                 Ofcr_BtoA_MainAppId,                 Ofcr_IsGovtProperty,                 Ofcr_CorrectedPropertyUseTypeValue,                 Ofcr_CorrectedPropertyUseTypeId,                 Ofcr_RoadFacingSides,                 ResidentialPlotareaAfterRoadWideninginSqmt,                 CommercialPlotareaAfterRoadWideninginSqmt,                 IndustrialPlotareaAfterRoadWideninginSqmt,                 KSRSACMasterPlanLandUseType             FROM dbo.BtoA_MainApp_Officer         ) o             ON o.Ofcr_BtoA_MainAppId = a.App_Id          INNER JOIN dbo.BtoA_SiteRoadDetails_Officer ofi             ON ofi.BtoA_MainAppId = a.App_Id          INNER JOIN masterDB_prod.dbo.MstRoadKSRAC ksr             ON ofi.BtoA_RoadId = ksr.Road_ID          /* JC Officer eligibility */         INNER JOIN masterDB_prod.dbo.mst_officer ofc             ON b.MD_ZoneId = ofc.Ofcr_ZoneId          WHERE             a.App_Active = 1             AND a.App_Status = 14             AND ofc.Ofcr_RoleId = 125             AND ofc.Ofcr_Active = 1             AND a.App_Source <> 'newkhata'             AND b.MD_SiteArea >= 50             AND b.MD_SiteArea <= 1000             AND ISNULL(ofi.IsRMPPropersed, 'N') = 'N'             AND ksr.GuidanceValueSqMt IS NOT NULL 			AND a.App_JCMovedDate is not null             AND a.App_JCMovedDate < DATEADD(DAY, -13, CAST(GETDATE() AS DATE))             AND ofc.Ofcr_Id NOT IN (65, 11240, 11241)             AND ISNULL(a.IsApp_MasterPlanMismatch, 0) = 0             AND ISNULL(a.IsApp_PropertyVerificationRequired, 0) = 0          /*=========================================================           ROAD-WIDENING AREA VALIDATION         =========================================================*/          AND         (             /* Commercial */             (                 o.Ofcr_CorrectedPropertyUseTypeId = 1                 AND ISNULL(o.CommercialPlotareaAfterRoadWideninginSqmt, 0) > 5             )              OR              /* Residential */             (                 o.Ofcr_CorrectedPropertyUseTypeId = 2                 AND ISNULL(o.ResidentialPlotareaAfterRoadWideninginSqmt, 0) > 5             )              OR              /* Mixed - BOTH areas must be greater than 5 */             (                 o.Ofcr_CorrectedPropertyUseTypeId = 3                 AND ISNULL(o.CommercialPlotareaAfterRoadWideninginSqmt, 0) > 5                 AND ISNULL(o.ResidentialPlotareaAfterRoadWideninginSqmt, 0) > 5             )              OR              /* Industrial */             (                 o.Ofcr_CorrectedPropertyUseTypeId = 4                 AND ISNULL(o.IndustrialPlotareaAfterRoadWideninginSqmt, 0) > 5             )         )          /*=========================================================           PROPERTY USE TYPE VS MASTER PLAN VALIDATION         =========================================================*/          AND         (             /* Residential -> ONLY Residential */             (                 o.Ofcr_CorrectedPropertyUseTypeValue = 'Residential'                 AND o.KSRSACMasterPlanLandUseType = 'Residential'             )              OR              /* Commercial -> Residential OR Commercial */             (                 o.Ofcr_CorrectedPropertyUseTypeValue = 'Commercial'                 AND o.KSRSACMasterPlanLandUseType IN                     ('Residential', 'Commercial')             )              OR              /* Industrial -> Residential OR Industrial */             (                 o.Ofcr_CorrectedPropertyUseTypeValue = 'Industrial'                 AND o.KSRSACMasterPlanLandUseType IN                     ('Residential', 'Industrial')             )              OR              /* Mixed -> Residential OR Commercial */             (                 o.Ofcr_CorrectedPropertyUseTypeValue = 'Mixed'                 AND o.KSRSACMasterPlanLandUseType IN                     ('Residential', 'Commercial')             )         );           /*=========================================================           INDEX TEMP TABLE         =========================================================*/          CREATE CLUSTERED INDEX IX_Apps_AppId         ON #Apps(App_Id);           /*=========================================================           STEP 2 : GET LATEST JC MOVED DATE         =========================================================*/          SELECT             s.Sts_MainAppId AS App_Id,             MAX(s.Udt) AS App_JCMovedDate          INTO #JCMovedDate          FROM dbo.BtoA_Status_Master_Tran s          INNER JOIN #Apps a             ON a.App_Id = s.Sts_MainAppId          WHERE             s.Sts_MainAppStatus = 14          GROUP BY             s.Sts_MainAppId          HAVING             MAX(s.Udt) < DATEADD(DAY, -13, CAST(GETDATE() AS DATE));           /*=========================================================           INDEX JC TEMP TABLE         =========================================================*/          CREATE UNIQUE CLUSTERED INDEX IX_JCMovedDate_AppId         ON #JCMovedDate(App_Id);           /*=========================================================           STEP 3 : INSERT ONLY NEW ELIGIBLE APPLICATIONS            ApplicationDisplayID already existing in target table           will NOT be inserted.         =========================================================*/          INSERT INTO dbo.JC_Auto_Approved_B2A_Applications         (             ApplicationDisplayID,             MotherEPID,             Application_Status,             Corporation,             Zone,             Ward,             IsGovtProperty,             BtoA_RoadId,             BtoA_RoadName,             Road_ID,             Road_Name,             GuidanceValueSqMt,             PropertyUseType,             Application_JCMovedDate,             Application_type,             BtoA_RoadType,             IsMasterPlanMismatch,             SiteArea,             JC_Pending_Days,             CreatedDate,             OfficerName,             IsAutoApprovedManually         )          SELECT DISTINCT              a.App_DisplayId AS ApplicationDisplayID,              a.App_MotherEPID AS MotherEPID,              CASE                 WHEN a.App_Status = 14                 THEN 'Pending with JC'                 ELSE ''             END AS Application_Status,              a.GBA AS Corporation,              a.MD_Zonename AS Zone,              a.MD_WardName AS Ward,              CASE                 WHEN ISNULL(a.Ofcr_IsGovtProperty, 0) = 0                 THEN 'NO'             END AS IsGovtProperty,              a.BtoA_RoadId,              a.BtoA_RoadName,              a.Road_ID,              a.Road_Name,              a.GuidanceValueSqMt,              a.Ofcr_CorrectedPropertyUseTypeValue AS PropertyUseType,              jc.App_JCMovedDate AS Application_JCMovedDate,              CASE                 WHEN a.App_Source <> 'newkhata'                 THEN 'B2A'             END AS Application_type,              'public' AS BtoA_RoadType,              'No' AS IsMasterPlanMismatch,              a.MD_SiteArea AS SiteArea,              DATEDIFF             (                 DAY,                 CAST(jc.App_JCMovedDate AS DATE),                 CAST(GETDATE() AS DATE)             ) AS JC_Pending_Days,              GETDATE() AS CreatedDate,              jcOfficer.Ofcr_Name AS OfficerName,              0 AS IsAutoApprovedManually          FROM #Apps a          INNER JOIN #JCMovedDate jc             ON jc.App_Id = a.App_Id           /*=========================================================           GET ONE ACTIVE JC OFFICER FOR THE ZONE         =========================================================*/          OUTER APPLY         (             SELECT TOP 1                 ofc.Ofcr_Name,                 ofc.Ofcr_Id              FROM masterDB_prod.dbo.mst_officer ofc              WHERE                 ofc.Ofcr_ZoneId = a.MD_ZoneId                 AND ofc.Ofcr_RoleId = 125                 AND ofc.Ofcr_Active = 1                 AND ofc.Ofcr_Id NOT IN (65, 11240, 11241)              ORDER BY                 ofc.Ofcr_Id          ) jcOfficer           WHERE          /*=========================================================           1. MUST HAVE AT LEAST ONE ROAD         =========================================================*/          EXISTS         (             SELECT 1              FROM dbo.BtoA_SiteRoadDetails_Officer r              WHERE r.BtoA_MainAppId = a.App_Id         )           /*=========================================================           2. ALL ROADS MUST BE PUBLIC         =========================================================*/          AND NOT EXISTS         (             SELECT 1              FROM dbo.BtoA_SiteRoadDetails_Officer r              WHERE r.BtoA_MainAppId = a.App_Id              AND             (                 r.BtoA_RoadType IS NULL                 OR LTRIM(RTRIM(r.BtoA_RoadType)) = ''                 OR LOWER(LTRIM(RTRIM(r.BtoA_RoadType))) <> 'public'             )         )           /*=========================================================           3. EVERY ROAD MUST MATCH KSRAC         =========================================================*/          AND NOT EXISTS         (             SELECT 1              FROM dbo.BtoA_SiteRoadDetails_Officer r              WHERE r.BtoA_MainAppId = a.App_Id              AND NOT EXISTS             (                 SELECT 1                  FROM masterDB_prod.dbo.mst_AROMapping aro                  INNER JOIN masterDB_prod.dbo.MstRoadKSRAC k                     ON k.GBAZONEID = aro.GBAZONEID                     AND k.BBMPWardId = aro.BBMPWardId                     AND k.Road_Active = 1                  WHERE                     aro.GBAZONEID = a.MD_ZoneId                     AND aro.BBMPWardId = a.MD_WardId                     AND aro.BBMPStreetId = a.MD_StreetId                     AND aro.easthiULBNAME_CorpId = a.GBAId                     AND k.GuidanceValueSqMt IS NOT NULL                     AND k.Road_ID = r.BtoA_RoadId                     AND LTRIM(RTRIM(k.Road_Name))                         = LTRIM(RTRIM(r.BtoA_RoadName))             )         )           /*=========================================================           4. EXCLUDE GOVERNMENT PROPERTY         =========================================================*/          AND ISNULL(a.Ofcr_IsGovtProperty, 0) = 0           /*=========================================================           5. EXCLUDE GOOGLE GOVERNMENT PROPERTY         =========================================================*/          AND NOT EXISTS         (             SELECT 1              FROM dbo.BtoA_SiteDtls s              WHERE s.Site_App_Id = a.App_Id              AND ISNULL(s.GooglePropertyType, '') = 'govt'         )           /*=========================================================           PREVENT DUPLICATE INSERTS         =========================================================*/          AND NOT EXISTS         (             SELECT 1             FROM dbo.JC_Auto_Approved_B2A_Applications j              WHERE j.ApplicationDisplayID = a.App_DisplayId               AND ISNULL(j.MotherEPID, '') = ISNULL(a.App_MotherEPID, '')         );",,
18-09-2026 11:42,INFRA\bbmpuser2,INFRA\bbmpuser2,ekhata,BBMP-DB-VP-15,Microsoft SQL Server Management Studio - Query,58,"  ALTER proc [dbo].[USP_S_KRS]     @KRSID bigint,     @SASNumber nvarchar(50),  @EPID nvarchar(11), @level int=0    --1 means search by KRSId, 2 means search by SAS ID as     begin         declare @KhataType nvarchar(20)=''  	if @level =0 or @level is null 		begin 			set @level=1 		end  		if @level=1 		begin  		 		  		set @KhataType = (select  case when count(1)>0 then 'A-Khata' else 'B-Khata' end KhataType  		from documentTran with (nolock) where docTrn_KRS_Id=@KRSID and  docTrn_Mdoc_id between 20 and 26 )   		SELECT   distinct    		 [KRS_Id] KRSId     			  ,[KRS_SASNo] AS SASNo     			  ,[KRS_PNR] PNR     			  ,[KRS_MPT_ID] MasterPropertyTypeId    , 			  mpt.MPT_name masterPropertyname 			  ,[KRS_MRT_ID] MasterresidentialTypeId           			  ,[KRS_Street] Street     			  ,[KRS_MStreetId] StreetId     			  ,[KRS_latitude] Latitude     			  ,[KRS_longitude] Longitude     			  ,[KRS_MStsId] StausId               			  ,[KRS_Active]     			  ,[KRS_AdditionalInfo]     			  ,[KRS_CBy] UserId     			  ,[KRS_CDte]     			  ,[KRS_CRole] 			  ,[KRS_IsSSA_applied], 			  pd.propertyAreaPreferenceValue, 		   ms.Name ZoneName,   		   ms.StreetName as StreetName,   		   ms.WardName Wardname , 		   KRS_DoorOrPlotNo DoorOrPlotNo,  		KRS_BuildingOrLand BuildingOrLand, 		KRS_landMark landmark, 		KRS_Pincode Pincode, 		KRS_locality locality, 		KRS_EPID, 		-- newly added for dc 		[KRS_IS_DC_Approved],       [KRS_DC_Approved_Remarks],       [KRS_DC_Approved_By],       [KRS_DC_Approved_Date], 		isnull(KRS_BhoomiLandIdentityType,'') as BhoomiLandIdentityType, 		  			  KRS_AdditionalStreet AdditionalStreet, 			  krs_MPUT_ID PropertyUseType, 			 KRS_IsBDAKhataExist IsBDAKhataExist , 			 isnull(krs_HasPropertyTaxPaidButNoKhata,0)  HasPropertyTaxPaidButNoKhata , 			 @KhataType KhataType, 			 cast( case when  isnull(PDAD_IsDeedBeforeOrAfter2004,'after') ='after' then 0 else 1 end as bit) IsDeedBefore01042004, 			 case when  isnull(PDAD_IsDeedBeforeOrAfter2004,'after') ='after'  then 'Deed after 01.04.2004' 			   when   isnull(PDAD_IsDeedBeforeOrAfter2004,'after') ='before' then 'Deed before 01.04.2004' 			   when   isnull(PDAD_IsDeedBeforeOrAfter2004,'after') ='Notification' then 'Govt Agency Acquiring/Getting land from Govt.' 			   when   isnull(PDAD_IsDeedBeforeOrAfter2004,'after') ='DevAprBDA' then 'Devlopment plan approved by BDA/BMICPA'  			   when   isnull(PDAD_IsDeedBeforeOrAfter2004,'NoDeed') ='NoDeed' then 'NoDeed'  			   when   isnull(PDAD_IsDeedBeforeOrAfter2004,'after') ='tdr' then 'TDR /DRC (Form 3)'  			   end 			  ApplicablePropertyCategory, 			 Isnull(KRS_EasthiSts_Id ,0) EasthiStatus 		  FROM [dbo].[KRS] krs   with (nolock)   		  left JOIN KRS_PropDetailsAsPerDeed pd with (nolock) ON krs.KRS_Id = pd.PDAD_KRS_ID 			 left join Mst_Street ms with (nolock) on krs.KRS_MStreetId = ms.StreetId   		   and krs.KRS_ZoneId = ms.ZoneID and krs.KRS_WardId = ms.WardId   		   left join mst_propertyType mpt on krs.KRS_MPT_ID = mpt.MPT_Id 		  where KRS_Id=@KRSID and krs_active=1     	end else if @level =2 -- search with sas id 	begin 	set @KhataType = (select  case when count(1)>0 then 'A-Khata' else 'B-Khata' end KhataType  		from documentTran with (nolock) where docTrn_KRS_Id=@KRSID and  docTrn_Mdoc_id between 20 and 26 )  		SELECT   distinct    		 [KRS_Id] KRSId     			  ,[KRS_SASNo] AS SASNo     			  ,[KRS_PNR] PNR     			  ,[KRS_MPT_ID] MasterPropertyTypeId    , 			  mpt.MPT_name masterPropertyname 			  ,[KRS_MRT_ID] MasterresidentialTypeId           			  ,[KRS_Street] Street     			  ,[KRS_MStreetId] StreetId     			  ,[KRS_latitude] Latitude     			  ,[KRS_longitude] Longitude     			  ,[KRS_MStsId] StausId               			  ,[KRS_Active]     			  ,[KRS_AdditionalInfo]     			  ,[KRS_CBy] UserId     			  ,[KRS_CDte]     			  ,[KRS_CRole] 			  ,[KRS_IsSSA_applied], 			  pd.propertyAreaPreferenceValue, 		   ms.Name ZoneName,   		   ms.StreetName as StreetName,   		   ms.WardName Wardname , 		   KRS_DoorOrPlotNo DoorOrPlotNo,  		KRS_BuildingOrLand BuildingOrLand, 		KRS_landMark landmark, 		KRS_Pincode Pincode, 		KRS_locality locality, 		KRS_EPID, 		-- newly added for DC 		[KRS_IS_DC_Approved],       [KRS_DC_Approved_Remarks],       [KRS_DC_Approved_By],       [KRS_DC_Approved_Date],  		isnull(KRS_BhoomiLandIdentityType,'') as BhoomiLandIdentityType, 		KRS_AdditionalStreet AdditionalStreet, 			  krs_MPUT_ID PropertyUseType, 			 KRS_IsBDAKhataExist IsBDAKhataExist  , 			 isnull(krs_HasPropertyTaxPaidButNoKhata,0)  HasPropertyTaxPaidButNoKhata, 			 @KhataType KhataType, 			  cast( case when  isnull(PDAD_IsDeedBeforeOrAfter2004,'after') ='after' then 0 else 1 end as bit) IsDeedBefore01042004, 			  case when  isnull(PDAD_IsDeedBeforeOrAfter2004,'after') ='after'  then 'Deed after 01.04.2004' 			   when   isnull(PDAD_IsDeedBeforeOrAfter2004,'after') ='before' then 'Deed before 01.04.2004' 			   when   isnull(PDAD_IsDeedBeforeOrAfter2004,'after') ='Notification' then 'Govt Agency Acquiring/Getting land from Govt.' 			   when   isnull(PDAD_IsDeedBeforeOrAfter2004,'after') ='DevAprBDA' then 'Devlopment plan approved by BDA/BMICPA'  			    when   isnull(PDAD_IsDeedBeforeOrAfter2004,'NoDeed') ='NoDeed' then 'NoDeed'  				when   isnull(PDAD_IsDeedBeforeOrAfter2004,'after') ='tdr' then 'TDR /DRC (Form 3)' 				end 			  ApplicablePropertyCategory,  			  Isnull(KRS_EasthiSts_Id ,0) EasthiStatus 		  FROM [dbo].[KRS] krs    with (nolock) 		   left JOIN KRS_PropDetailsAsPerDeed pd with (nolock) ON krs.KRS_Id = pd.PDAD_KRS_ID 			 left join Mst_Street ms with (nolock) on krs.KRS_MStreetId = ms.StreetId   		   and krs.KRS_ZoneId = ms.ZoneID and krs.KRS_WardId = ms.WardId   		   left join mst_propertyType mpt on krs.KRS_MPT_ID = mpt.MPT_Id 		  where ISNULL(KRS_SASNo,'')=@SASNumber and krs_active=1 	end  	else if @level =3 -- search with EPID id 	begin 	set @KhataType = (select  case when count(1)>0 then 'A-Khata' else 'B-Khata' end KhataType  		from documentTran with (nolock) where docTrn_KRS_Id=@KRSID and  docTrn_Mdoc_id between 20 and 26 )  		SELECT   distinct    		 [KRS_Id] KRSId     			  ,[KRS_SASNo] AS SASNo     			  ,[KRS_PNR] PNR     			  ,[KRS_MPT_ID] MasterPropertyTypeId    , 			  mpt.MPT_name masterPropertyname 			  ,[KRS_MRT_ID] MasterresidentialTypeId           			  ,[KRS_Street] Street     			  ,[KRS_MStreetId] StreetId     			  ,[KRS_latitude] Latitude     			  ,[KRS_longitude] Longitude     			  ,[KRS_MStsId] StausId               			  ,[KRS_Active]     			  ,[KRS_AdditionalInfo]     			  ,[KRS_CBy] UserId     			  ,[KRS_CDte]     			  ,[KRS_CRole] 			  ,[KRS_IsSSA_applied], 			  pd.propertyAreaPreferenceValue, 		   ms.Name ZoneName,   		   ms.StreetName as StreetName,   		   ms.WardName Wardname , 		   KRS_DoorOrPlotNo DoorOrPlotNo,  		KRS_BuildingOrLand BuildingOrLand, 		KRS_landMark landmark, 		KRS_Pincode Pincode, 		KRS_locality locality, 		KRS_EPID, 		-- newly added for dc 		[KRS_IS_DC_Approved],       [KRS_DC_Approved_Remarks],       [KRS_DC_Approved_By],       [KRS_DC_Approved_Date], 		isnull(KRS_BhoomiLandIdentityType,'') as BhoomiLandIdentityType, 		KRS_AdditionalStreet AdditionalStreet, 			  krs_MPUT_ID PropertyUseType, 			 KRS_IsBDAKhataExist IsBDAKhataExist  , 			 isnull(krs_HasPropertyTaxPaidButNoKhata,0)  HasPropertyTaxPaidButNoKhata, 			 @KhataType KhataType, 			  cast( case when  isnull(PDAD_IsDeedBeforeOrAfter2004,'after') ='after' then 0 else 1 end as bit) IsDeedBefore01042004, 			  case when  isnull(PDAD_IsDeedBeforeOrAfter2004,'after') ='after'  then 'Deed after 01.04.2004' 			   when   isnull(PDAD_IsDeedBeforeOrAfter2004,'after') ='before' then 'Deed before 01.04.2004' 			   when   isnull(PDAD_IsDeedBeforeOrAfter2004,'after') ='Notification' then 'Govt Agency Acquiring/Getting land from Govt.' 			   when   isnull(PDAD_IsDeedBeforeOrAfter2004,'after') ='DevAprBDA' then 'Devlopment plan approved by BDA/BMICPA'  			    when   isnull(PDAD_IsDeedBeforeOrAfter2004,'NoDeed') ='NoDeed' then 'NoDeed'  				when   isnull(PDAD_IsDeedBeforeOrAfter2004,'after') ='tdr' then 'TDR /DRC (Form 3)' 				end 			  ApplicablePropertyCategory,  			  Isnull(KRS_EasthiSts_Id ,0) EasthiStatus 		  FROM [dbo].[KRS] krs    with (nolock) 		   left JOIN KRS_PropDetailsAsPerDeed pd with (nolock) ON krs.KRS_Id = pd.PDAD_KRS_ID 			 left join Mst_Street ms with (nolock) on krs.KRS_MStreetId = ms.StreetId   		   and krs.KRS_ZoneId = ms.ZoneID and krs.KRS_WardId = ms.WardId   		   left join mst_propertyType mpt on krs.KRS_MPT_ID = mpt.MPT_Id 		  where ISNULL(KRS_EPID,'')=@EPID and krs_active=1 	end else 	begin 	set @KhataType = (select  case when count(1)>0 then 'A-Khata' else 'B-Khata' end KhataType  		from documentTran with (nolock) where docTrn_KRS_Id=@KRSID and  docTrn_Mdoc_id between 20 and 26 )  		SELECT      distinct 		 [KRS_Id] KRSId     			  ,[KRS_SASNo] AS SASNo     			  ,[KRS_PNR] PNR     			  ,[KRS_MPT_ID] MasterPropertyTypeId    , 			  mpt.MPT_name masterPropertyname 			  ,[KRS_MRT_ID] MasterresidentialTypeId           			  ,[KRS_Street] Street     			  ,[KRS_MStreetId] StreetId     			  ,[KRS_latitude] Latitude     			  ,[KRS_longitude] Longitude     			  ,[KRS_MStsId] StausId               			  ,[KRS_Active]     			  ,[KRS_AdditionalInfo]     			  ,[KRS_CBy] UserId     			  ,[KRS_CDte]     			  ,[KRS_CRole] 			  ,[KRS_IsSSA_applied],  			  pd.propertyAreaPreferenceValue, 		   ms.Name ZoneName,   		   ms.StreetName as StreetName,   		   ms.WardName Wardname , 		   KRS_DoorOrPlotNo DoorOrPlotNo,  		KRS_BuildingOrLand BuildingOrLand, 		KRS_landMark landmark, 		KRS_Pincode Pincode, 		KRS_locality locality, 		KRS_EPID, 		-- newly added for dc 		[KRS_IS_DC_Approved],       [KRS_DC_Approved_Remarks],       [KRS_DC_Approved_By],       [KRS_DC_Approved_Date], 		isnull(KRS_BhoomiLandIdentityType,'') as BhoomiLandIdentityType, 		KRS_AdditionalStreet AdditionalStreet, 			  krs_MPUT_ID PropertyUseType, 			KRS_IsBDAKhataExist  IsBDAKhataExist  , 			 isnull(krs_HasPropertyTaxPaidButNoKhata,0)  HasPropertyTaxPaidButNoKhata, 			 @KhataType KhataType, 			  cast( case when  isnull(PDAD_IsDeedBeforeOrAfter2004,'after') ='after' then 0 else 1 end as bit) IsDeedBefore01042004, 			  case when  isnull(PDAD_IsDeedBeforeOrAfter2004,'after') ='after'  then 'Deed after 01.04.2004' 			   when   isnull(PDAD_IsDeedBeforeOrAfter2004,'after') ='before' then 'Deed before 01.04.2004' 			   when   isnull(PDAD_IsDeedBeforeOrAfter2004,'after') ='Notification' then 'Govt Agency Acquiring/Getting land from Govt.' 			   when   isnull(PDAD_IsDeedBeforeOrAfter2004,'after') ='DevAprBDA' then 'Devlopment plan approved by BDA/BMICPA'  			    when   isnull(PDAD_IsDeedBeforeOrAfter2004,'NoDeed') ='NoDeed' then 'NoDeed'  				when   isnull(PDAD_IsDeedBeforeOrAfter2004,'after') ='tdr' then 'TDR /DRC (Form 3)' 				end 			  ApplicablePropertyCategory,  			  Isnull(KRS_EasthiSts_Id ,0) EasthiStatus 		  FROM [dbo].[KRS] krs    with (nolock) 		   left JOIN KRS_PropDetailsAsPerDeed pd with (nolock) ON krs.KRS_Id = pd.PDAD_KRS_ID 			 left join Mst_Street ms with (nolock) on krs.KRS_MStreetId = ms.StreetId   		   and krs.KRS_ZoneId = ms.ZoneID and krs.KRS_WardId = ms.WardId   		   left join mst_propertyType mpt on krs.KRS_MPT_ID = mpt.MPT_Id 		  where KRS_Id=@KRSID and krs_active=1 	end end ",,
18-09-2026 11:32,INFRA\bbmpuser2,INFRA\bbmpuser2,ekhata,BBMP-DB-VP-15,Microsoft SQL Server Management Studio - Query,73," CREATE PROCEDURE [dbo].[USP_S_GetAdrApplications_DashData] (     @KRS_CBy BIGINT ) AS BEGIN     SET NOCOUNT ON;      DECLARE @mobileNo NVARCHAR(20);       /* Get citizen mobile number */     SELECT TOP 1         @mobileNo = Citz_MNo     FROM mst_citizen WITH (NOLOCK)     WHERE Citz_Id = @KRS_CBy       AND Citz_Active = 1;       /* Get KRS data for CaseWorker's mapped zone */     SELECT DISTINCT          CASE             WHEN K.KRS_EPID IS NULL THEN ''             ELSE CAST(K.KRS_EPID AS NVARCHAR(50))         END AS KRS_EPID,          K.KRS_Id,         K.KRS_PNR,          M.GBAZoneName_En AS ZoneName,          '' AS DivisionName,          '' AS WardName,          sts.Sts_Name,          K.KRS_IS_DC_Approved,          CASE             WHEN K.KRS_SASNo IS NULL                  OR K.KRS_SASNo = ''                  OR K.KRS_SASNo = '0'             THEN '-'             ELSE K.KRS_SASNo         END AS SASNo,          CONVERT(NVARCHAR(10), K.KRS_CDte, 103) AS ApplicationDate      FROM KRS K WITH (NOLOCK)      INNER JOIN [masterDB_prod].[dbo].[mst_AROMapping] M WITH (NOLOCK)         ON K.KRS_ZoneId = M.BBMPZoneID      INNER JOIN mst_CaseWorker CW WITH (NOLOCK)         ON CW.cw_UserZoneId = M.GBAZoneID         AND CW.cw_IsActive = 1      INNER JOIN KRS_PropDetailsAsPerDeed APD WITH (NOLOCK)         ON K.KRS_Id = APD.PDAD_KRS_ID      INNER JOIN Mst_AppStatus sts WITH (NOLOCK)         ON sts.Sts_Id = K.KRS_MStsId      WHERE         CW.cw_UserRoleId = 4         AND CW.cw_UserMobile = @mobileNo          AND K.KRS_Active = 1         AND K.KRS_MStsId >= 8          AND APD.PDAD_IsDeedBeforeOrAfter2004 = 'tdr'      ORDER BY         K.KRS_Id DESC;  END",,
18-09-2026 11:30,INFRA\bbmpuser2,INFRA\bbmpuser2,ekhata,BBMP-DB-VP-15,Microsoft SQL Server Management Studio - Query,52," CREATE proc [dbo].[USP_S_ValidateDCOTP]           @OTP int,           @MobileNO nvarchar(20) --@DeviceID NVARCHAR(20)           as           begin           declare @Count int=0      declare @thresholdLockValue int =4    set  @Count= (select Count(*) from OTP_Tran where otp=@OTP  and MobileNO=@MobileNO and DATEDIFF(MINUTE, cdte,getdate()) <5 and ACTIVE is null    )              print @count    if @count =0 or @Count is null or @Count =''       begin     --check if user is valid and update the failed attempt     update mst_citizen set NoOfFailedAttempt = ISNULL(NoOfFailedAttempt,0)+1 ,    Citz_ACTIVE = case when NoOfFailedAttempt <= @thresholdLockValue then 1 else 0 end,    Citz_AdditionalInfo = case when NoOfFailedAttempt <= @thresholdLockValue then Citz_AdditionalInfo else 'Account is deactivated because of multiple invalid attempts' end ,  Citz_Locked_Date=GETDATE()   where   Citz_MNo=@MobileNO and Citz_RolId=4              end   else    begin     update mst_citizen set NoOfFailedAttempt = 0    where   Citz_MNo=@MobileNO    and Citz_Active=1 and Citz_RolId=4   end         --delete from DCA_OTP where otp=@OTP and  MobileNO= @MobileNO           --update OTP_Tran set ACTIVE=1 where otp=@OTP and  MobileNO=@MobileNO                             SELECT     case when  (@Count>0 and Citz_Active=1)  then cast(1 as bit) else cast(0 as bit) end  isvalidOTP  ,          Citz_Id,  Citz_MNo  , Citz_RolId,Citz_name,citz_zoneid,citz_divisionid,citz_wardid ,     Citz_AdditionalInfo AdditionalInfo,NoOfFailedAttempt      FROM mst_citizen USR            where    Citz_MNo=@MobileNO and Citz_RolId=4             end ",,
18-09-2026 11:30,INFRA\bbmpuser2,INFRA\bbmpuser2,ekhata,BBMP-DB-VP-15,Microsoft SQL Server Management Studio - Query,52," CREATE PROCEDURE [dbo].[USP_U_UpdateDCApproval] (     @KRS_Id BIGINT,     @DC_Approved BIT = NULL,     @DC_Approved_Remarks NVARCHAR(MAX) = NULL,     @DC_ApprovedBy INT ) AS BEGIN     SET NOCOUNT ON;      -- Helps EDMX detect result columns     IF 1 = 0     BEGIN         SELECT              CAST(NULL AS BIGINT) AS KRS_Id,             CAST(NULL AS BIT) AS DC_Approved,             CAST(NULL AS NVARCHAR(MAX)) AS DC_Approved_Remarks,             CAST(NULL AS INT) AS DC_ApprovedBy,             CAST(NULL AS DATETIME) AS DC_ApprovedDate;     END;      UPDATE [Ekhata].[dbo].[KRS]     SET         KRS_IS_DC_Approved = @DC_Approved,         KRS_DC_Approved_Remarks = @DC_Approved_Remarks,         KRS_DC_Approved_By = @DC_ApprovedBy,         KRS_DC_Approved_Date = GETDATE()     WHERE KRS_Id = @KRS_Id;      SELECT          CAST(KRS_Id AS BIGINT) AS KRS_Id,         CAST(KRS_IS_DC_Approved AS BIT) AS DC_Approved,         CAST(KRS_DC_Approved_Remarks AS NVARCHAR(MAX)) AS DC_Approved_Remarks,         CAST(KRS_DC_Approved_By AS INT) AS DC_ApprovedBy,         CAST(KRS_DC_Approved_Date AS DATETIME) AS DC_ApprovedDate     FROM [Ekhata].[dbo].[KRS]     WHERE KRS_Id = @KRS_Id; END",,
18-09-2026 11:29,INFRA\bbmpuser2,INFRA\bbmpuser2,ekhata,BBMP-DB-VP-15,Microsoft SQL Server Management Studio - Query,63,"ALTER TABLE [ekhata].[dbo].[KRS] ADD     [KRS_IS_DC_Approved] BIT NULL,     [KRS_DC_Approved_Remarks] NVARCHAR(MAX) NULL,     [KRS_DC_Approved_By] INT NULL,     [KRS_DC_Approved_Date] DATETIME NULL;",,
18-09-2026 11:23,INFRA\bbmpuser2,INFRA\bbmpuser2,KhataBtoA_preprod,BBMP-DB-VP-15,Microsoft SQL Server Management Studio - Query,115,"ALTER PROCEDURE [dbo].[USP_IU_BtoA_JC_SiteDimension] (     @SiteDim_id             INT = NULL,     @SiteDim_Siteid         INT = NULL,     @SiteDim_AppId          INT = NULL,     @SiteDim_SideInFt       DECIMAL(18,2) = NULL,     @SiteDim_SideInMt       DECIMAL(18,2) = NULL,     @SiteDim_RoadFacing     INT = NULL,     @SiteDim_Active         BIT = NULL,     @SiteDim_Remarks        NVARCHAR(MAX) = NULL,     @SiteDim_AdditionalInfo NVARCHAR(MAX) = NULL,     @SiteDim_IPAddress      NVARCHAR(16) = NULL,     @SiteDim_CBy            NVARCHAR(10) = NULL,     @SiteDim_CName          NVARCHAR(2000) = NULL,     @SiteDim_CRole          NVARCHAR(200) = NULL ) AS BEGIN     SET NOCOUNT ON;          DECLARE @Result INT = 1     DECLARE @Message NVARCHAR(MAX) = 'Success'     DECLARE @Status BIT = 1     DECLARE @ReturnSiteDimId INT = @SiteDim_id     DECLARE @ReturnSiteId INT = @SiteDim_Siteid      BEGIN TRY          IF ISNULL(@SiteDim_id, 0) = 0         BEGIN             -- INSERT             INSERT INTO [dbo].[BtoA_JC_SiteDimension]             (                 [SiteDim_Siteid],                 [SiteDim_AppId],                 [SiteDim_SideInFt],                 [SiteDim_SideInMt],                 [SiteDim_RoadFacing],                 [SiteDim_Active],                 [SiteDim_Remarks],                 [SiteDim_AdditionalInfo],                 [SiteDim_IPAddress],                 [SiteDim_CBy],                 [SiteDim_CName],                 [SiteDim_CRole],                 [SiteDim_CDate]             )             VALUES             (                 @SiteDim_Siteid,                 @SiteDim_AppId,                 @SiteDim_SideInFt,                 @SiteDim_SideInMt,                 @SiteDim_RoadFacing,                 ISNULL(@SiteDim_Active, 1),                 @SiteDim_Remarks,                 @SiteDim_AdditionalInfo,                 @SiteDim_IPAddress,                 @SiteDim_CBy,                 @SiteDim_CName,                 @SiteDim_CRole,                 GETDATE()             );              SET @ReturnSiteDimId = SCOPE_IDENTITY();             SET @Message = 'Success'             SET @Status = 1         END         ELSE         BEGIN             -- UPDATE             UPDATE [dbo].[BtoA_JC_SiteDimension]             SET                 [SiteDim_Siteid]         = @SiteDim_Siteid,                 [SiteDim_AppId]          = @SiteDim_AppId,                 [SiteDim_SideInFt]       = @SiteDim_SideInFt,                 [SiteDim_SideInMt]       = @SiteDim_SideInMt,                 [SiteDim_RoadFacing]     = @SiteDim_RoadFacing,                 [SiteDim_Active]         = @SiteDim_Active,                 [SiteDim_Remarks]        = @SiteDim_Remarks,                 [SiteDim_AdditionalInfo] = @SiteDim_AdditionalInfo,                 [SiteDim_IPAddress]      = @SiteDim_IPAddress,                 [SiteDim_UBy]            = @SiteDim_CBy,                 [SiteDim_UName]          = @SiteDim_CName,                 [SiteDim_URole]          = @SiteDim_CRole,                 [SiteDim_UDate]          = GETDATE()             WHERE [SiteDim_id] = @SiteDim_id;              IF @@ROWCOUNT = 0             BEGIN                 SET @Result = 0                 SET @Status = 0                 SET @Message = 'Error - Record Not Found'             END             ELSE             BEGIN                 SET @Result = 1                 SET @Status = 1                 SET @Message = 'Success'             END         END      END TRY     BEGIN CATCH         SET @Result = 400         SET @Status = 0         SET @Message = ERROR_MESSAGE()     END CATCH      -- SINGLE result set returned     SELECT         @ReturnSiteId AS SiteID,         @Message AS Message,         @Status AS Status,         @ReturnSiteDimId AS SiteDim_id;  END;",,
18-09-2026 11:23,INFRA\bbmpuser2,INFRA\bbmpuser2,KhataBtoA_preprod,BBMP-DB-VP-15,Microsoft SQL Server Management Studio - Query,113,"ALTER  PROCEDURE [dbo].[USP_IU_BtoA_JC_SiteDtls] (     @Site_Id              INT = NULL,     @Site_AppId           INT = NULL,     @Site_ShapeType       NVARCHAR(10) = NULL,     @Site_No              NVARCHAR(200) = NULL,     @Site_Area            NVARCHAR(200) = NULL,     @Site_TypeId          INT = NULL,     @Site_AreaInSqFt      DECIMAL(18,2) = NULL,     @Site_AreaInSqMt      DECIMAL(18,2) = NULL,     @Site_Latitude        NVARCHAR(30) = NULL,     @Site_Longitude       NVARCHAR(30) = NULL,     @Site_CornerPlot      BIT = NULL,     @Site_NoOfSides       INT = NULL,     @Site_North           NVARCHAR(300) = NULL,     @Site_South           NVARCHAR(300) = NULL,     @Site_East            NVARCHAR(300) = NULL,     @Site_West            NVARCHAR(300) = NULL,     @Site_Active          BIT = NULL,     @Site_Remarks         NVARCHAR(2000) = NULL,     @Site_AdditionalInfo  NVARCHAR(MAX) = NULL,     @Site_Ip_Address      NVARCHAR(16) = NULL,     @Site_CBy            int = NULL, 	@Site_CName           NVARCHAR(2000) = NULL,     @Site_CRole           NVARCHAR(200) = NULL ) AS BEGIN     SET NOCOUNT ON;      BEGIN TRY  	         IF ISNULL(@Site_Id, 0) = 0         BEGIN  		if exists (select 1 from BtoA_JC_SiteDtls where Site_AppId=@Site_AppId) 		begin 		 update BtoA_JC_SiteDtls set Site_Active=0 where Site_AppId=@Site_AppId 	              -- INSERT             INSERT INTO [dbo].[BtoA_JC_SiteDtls]             (                 [Site_AppId],                 [Site_ShapeType],                 [Site_No],                 [Site_Area],                 [Site_TypeId],                 [Site_AreaInSqFt],                 [Site_AreaInSqMt],                 [Site_Latitude],                 [Site_Longitude],                 [Site_CornerPlot],                 [Site_NoOfSides],                 [Site_North],                 [Site_South],                 [Site_East],                 [Site_West],                 [Site_Active],                 [Site_Remarks],                 [Site_AdditionalInfo],                 [Site_Ip_Address], 				[Site_Cby],                 [Site_CDte],                 [Site_CName],                 [Site_CRole]             )             VALUES             (                 @Site_AppId,                 @Site_ShapeType,                 @Site_No,                 @Site_Area,                 @Site_TypeId,                 @Site_AreaInSqFt,                 @Site_AreaInSqMt,                 @Site_Latitude,                 @Site_Longitude,                 @Site_CornerPlot,                 @Site_NoOfSides,                 @Site_North,                 @Site_South,                 @Site_East,                 @Site_West,                 ISNULL(@Site_Active, 1),                 @Site_Remarks,                 @Site_AdditionalInfo,                 @Site_Ip_Address, 				  @Site_CBy,                 GETDATE(),                 @Site_CName,                 @Site_CRole             );              SET @Site_Id = SCOPE_IDENTITY();              SELECT                 @Site_Id AS Result, 				cast(1 as bit)	as Status,                 'Inserted Successfully' AS Message,                 @Site_Id AS Site_Id; 			END  		  			update a set a.App_AreaVerified=1, a.App_AreaVerifiedDate=GETDATE(), a.App_AreaVerifiedRemarks='Area is Updated by Joint Commissioner'  			from BtoAMainApp a inner join BtoA_JC_SiteDtls b on a.App_Id=b.Site_AppId  			where a.App_Id=@Site_AppId  and App_Active=1 and b.Site_Active=1  			UPDATE MAO SET MAO.ResidentialPlotareaAfterRoadWideninginSqmt =         CASE             WHEN MAO.Ofcr_CorrectedPropertyUseTypeId = 2             THEN JC.Site_AreaInSqMt              WHEN MAO.Ofcr_CorrectedPropertyUseTypeId = 3             THEN JC.Site_AreaInSqMt              ELSE MAO.ResidentialPlotareaAfterRoadWideninginSqmt         END,      MAO.CommercialPlotareaAfterRoadWideninginSqmt =         CASE             WHEN MAO.Ofcr_CorrectedPropertyUseTypeId = 1             THEN JC.Site_AreaInSqMt              --WHEN MAO.Ofcr_CorrectedPropertyUseTypeId = 3             --THEN JC.Site_AreaInSqMt              ELSE MAO.CommercialPlotareaAfterRoadWideninginSqmt         END,      MAO.IndustrialPlotareaAfterRoadWideninginSqmt =         CASE             WHEN MAO.Ofcr_CorrectedPropertyUseTypeId = 4             THEN JC.Site_AreaInSqMt              ELSE MAO.IndustrialPlotareaAfterRoadWideninginSqmt         END FROM BtoA_MainApp_Officer MAO INNER JOIN BtoA_JC_SiteDtls JC     ON MAO.Ofcr_BtoA_MainAppId = JC.Site_AppId WHERE MAO.Ofcr_BtoA_MainAppId = @Site_AppId;         END         ELSE         BEGIN             -- UPDATE             UPDATE [dbo].[BtoA_JC_SiteDtls]             SET                 [Site_AppId]          = @Site_AppId,                 [Site_ShapeType]      = @Site_ShapeType,                 [Site_No]             = @Site_No,                 [Site_Area]           = @Site_Area,                 [Site_TypeId]         = @Site_TypeId,                 [Site_AreaInSqFt]     = @Site_AreaInSqFt,                 [Site_AreaInSqMt]     = @Site_AreaInSqMt,                 [Site_Latitude]       = @Site_Latitude,                 [Site_Longitude]      = @Site_Longitude,                 [Site_CornerPlot]     = @Site_CornerPlot,                 [Site_NoOfSides]      = @Site_NoOfSides,                 [Site_North]          = @Site_North,                 [Site_South]          = @Site_South,                 [Site_East]           = @Site_East,                 [Site_West]           = @Site_West,                 [Site_Active]         = @Site_Active,                 [Site_Remarks]        = @Site_Remarks,                 [Site_AdditionalInfo] = @Site_AdditionalInfo,                 [Site_Ip_Address]     = @Site_Ip_Address, 				[Site_UBy]          = @Site_CBy,                 [Site_UDte]           = GETDATE(),                 [Site_UName]          = @Site_CName,                 [Site_URole]          = @Site_CRole             WHERE [Site_Id] = @Site_Id;              IF @@ROWCOUNT = 0             BEGIN                 SELECT                     0 AS Result, 					cast(0 as bit) as Status,                     'Record Not Found' AS Message,                     @Site_Id AS Site_Id;             END             ELSE             BEGIN                 SELECT                     1 AS Result, 					cast(1 as bit) as Status,                     'Updated Successfully' AS Message,                     @Site_Id AS Site_Id;             END         END      END TRY     BEGIN CATCH          SELECT             400 AS Result,             ERROR_MESSAGE() AS Message,           cast(1 as bit) as Status, 		  @Site_Id as Site_Id      END CATCH END;  ",,
18-09-2026 11:22,INFRA\bbmpuser2,INFRA\bbmpuser2,KhataBtoA_preprod,BBMP-DB-VP-15,Microsoft SQL Server Management Studio - Query,112,"  ALTER TRIGGER [dbo].[Tr_BtoA_MainApp_Officer] ON [dbo].[BtoA_MainApp_Officer] AFTER UPDATE AS BEGIN     SET NOCOUNT ON;  --select * from BtoA_MainApp_Officer_Hist   --ALTER TABLE BtoA_MainApp_Officer_Hist Add KSRSACMasterPlanLandUseType	nvarchar --ALTER TABLE BtoA_MainApp_Officer_Hist Add Ofcr_Existing_CorrectedPropertyUseTypeId	int --ALTER TABLE BtoA_MainApp_Officer_Hist Add Ofcr_Existing_CorrectedPropertyUseTypeValue	nvarchar --ALTER TABLE BtoA_MainApp_Officer_Hist Add Ofcr_Existing_Ofcr_IsGovtProperty	bit --ALTER TABLE BtoA_MainApp_Officer_Hist Add Ofcr_Existing_IsGovtProperty	bit   --sp_help BtoA_MainApp_Officer_Hist  --ALTER TABLE BtoA_MainApp_Officer_Hist ADD Ofcr_Corrected_IndustrialArea float --update BtoA_MainApp_Officer set Ofcr_Aditional='Tr Test' where ApplicationDisplayId='202511030004033'     INSERT INTO BtoA_MainApp_Officer_Hist     (        Ofcr_RowId       ,ApplicationDisplayId       ,Ofcr_BtoA_MainAppId       ,SsaId       ,PropertyId       ,ApplicationDate       ,Ofcr_PropertyLandExistOnSpot       ,Ofcr_IsAllBhoomiSurveyNosCorrect       ,Ofcr_IsGovtProperty       ,Ofcr_CorrectedGpsLocation       ,Ofcr_CorrectedLatitude       ,Ofcr_CorrectedLongitude       ,Ofcr_CorrectedPropertyUseType       ,Ofcr_CorrectedPropertyUseTypeId       ,Ofcr_CorrectedPropertyUseTypeValue       ,Ofcr_CorrectedCommercialArea       ,Ofcr_CorrectedResidentialArea       ,Ofcr_Corrected_IndustrialArea       ,Ofcr_CorrectedRoadDetails       ,Ofcr_IsCornerPlotOrMoreThanTwoSidesRoadFacing       ,Ofcr_RoadFacingSides       ,Ofcr_RoadWidthInFrontOfPropertyInSqft       ,Ofcr_RoadWidthInFrontOfPropertyInSqmt       ,Ofcr_nearest_public_Road_Latitude       ,Ofcr_nearest_public_Road_Longitude       ,Ofcr_gpsStatusFullWorkflowJSON       ,Ofcr_Aditional       ,Ofcr_JsonRQ       ,Ofcr_JsonRS       ,Ofcr_IsMasterPlanProcessed       ,Ofcr_IsMasterPlanVerified       ,CBy       ,CDte       ,CRole       ,UBy       ,UDte       ,URole       ,ResidentialPlotRMPWidnedAreainSqmt       ,ResidentialPlotareaAfterRoadWideninginSqmt       ,isPlotinBufferZone       ,BufferZoneArea       ,CommercialPlotRMPWidnedAreainSqmt       ,CommercialPlotareaAfterRoadWideninginSqmt       ,IndustrialPlotRMPWidnedAreainSqmt       ,IndustrialPlotareaAfterRoadWideninginSqmt       ,matchedSurveyNo       ,surveyRemark       ,IsBuildingExists 	  ,Ofcr_Existing_CorrectedPropertyUseTypeId 	  ,Ofcr_Existing_CorrectedPropertyUseTypeValue 	  ,Ofcr_Existing_Ofcr_IsGovtProperty 	  ,Ofcr_Existing_IsGovtProperty     )     SELECT        d.Ofcr_RowId       ,d.ApplicationDisplayId       ,d.Ofcr_BtoA_MainAppId       ,d.SsaId       ,d.PropertyId       ,d.ApplicationDate       ,d.Ofcr_PropertyLandExistOnSpot       ,d.Ofcr_IsAllBhoomiSurveyNosCorrect       ,d.Ofcr_IsGovtProperty       ,d.Ofcr_CorrectedGpsLocation       ,d.Ofcr_CorrectedLatitude       ,d.Ofcr_CorrectedLongitude       ,d.Ofcr_CorrectedPropertyUseType       ,d.Ofcr_CorrectedPropertyUseTypeId       ,d.Ofcr_CorrectedPropertyUseTypeValue       ,d.Ofcr_CorrectedCommercialArea       ,d.Ofcr_CorrectedResidentialArea       ,d.Ofcr_Corrected_IndustrialArea       ,d.Ofcr_CorrectedRoadDetails       ,d.Ofcr_IsCornerPlotOrMoreThanTwoSidesRoadFacing       ,d.Ofcr_RoadFacingSides       ,d.Ofcr_RoadWidthInFrontOfPropertyInSqft       ,d.Ofcr_RoadWidthInFrontOfPropertyInSqmt       ,d.Ofcr_nearest_public_Road_Latitude       ,d.Ofcr_nearest_public_Road_Longitude       ,d.Ofcr_gpsStatusFullWorkflowJSON       ,d.Ofcr_Aditional       ,d.Ofcr_JsonRQ       ,d.Ofcr_JsonRS       ,d.Ofcr_IsMasterPlanProcessed       ,d.Ofcr_IsMasterPlanVerified       ,d.CBy       ,d.CDte       ,d.CRole       ,d.UBy       ,d.UDte       ,d.URole       ,d.ResidentialPlotRMPWidnedAreainSqmt       ,d.ResidentialPlotareaAfterRoadWideninginSqmt       ,d.isPlotinBufferZone       ,d.BufferZoneArea       ,d.CommercialPlotRMPWidnedAreainSqmt       ,d.CommercialPlotareaAfterRoadWideninginSqmt       ,d.IndustrialPlotRMPWidnedAreainSqmt       ,d.IndustrialPlotareaAfterRoadWideninginSqmt       ,d.matchedSurveyNo       ,d.surveyRemark       ,d.IsBuildingExists 	  ,d.Ofcr_Existing_CorrectedPropertyUseTypeId 	  ,d.Ofcr_Existing_CorrectedPropertyUseTypeValue 	  ,d.Ofcr_Existing_IsGovtProperty 	  ,d.Ofcr_Existing_IsGovtProperty       FROM DELETED d     END; ",,
18-09-2026 11:22,INFRA\bbmpuser2,INFRA\bbmpuser2,KhataBtoA_preprod,BBMP-DB-VP-15,Microsoft SQL Server Management Studio - Query,112,"ALTER TABLE BtoA_MainApp_Officer_Hist Add Ofcr_Existing_Ofcr_IsGovtProperty	bit",,
18-09-2026 11:21,INFRA\bbmpuser2,INFRA\bbmpuser2,KhataBtoA_preprod,BBMP-DB-VP-15,Microsoft SQL Server Management Studio - Query,112,"ALTER TABLE BtoA_MainApp_Officer_Hist Add KSRSACMasterPlanLandUseType	nvarchar ALTER TABLE BtoA_MainApp_Officer_Hist Add Ofcr_Existing_CorrectedPropertyUseTypeId	int ALTER TABLE BtoA_MainApp_Officer_Hist Add Ofcr_Existing_CorrectedPropertyUseTypeValue	nvarchar   ALTER TABLE BtoA_MainApp_Officer_Hist Add Ofcr_Existing_IsGovtProperty	bit",,
18-09-2026 11:21,INFRA\bbmpuser2,INFRA\bbmpuser2,KhataBtoA_preprod,BBMP-DB-VP-15,Microsoft SQL Server Management Studio - Query,112,"ALTER TABLE BtoA_MainApp_Officer_Hist Add KSRSACMasterPlanLandUseType	nvarchar ALTER TABLE BtoA_MainApp_Officer_Hist Add Ofcr_Existing_CorrectedPropertyUseTypeId	int ALTER TABLE BtoA_MainApp_Officer_Hist Add Ofcr_Existing_CorrectedPropertyUseTypeValue	nvarchar   ALTER TABLE BtoA_MainApp_Officer_Hist Add Ofcr_Existing_IsGovtProperty	bit",,
18-09-2026 11:21,INFRA\bbmpuser2,INFRA\bbmpuser2,KhataBtoA_preprod,BBMP-DB-VP-15,Microsoft SQL Server Management Studio - Query,112,"ALTER TABLE BtoA_MainApp_Officer_Hist Add KSRSACMasterPlanLandUseType	nvarchar ALTER TABLE BtoA_MainApp_Officer_Hist Add Ofcr_Existing_CorrectedPropertyUseTypeId	int ALTER TABLE BtoA_MainApp_Officer_Hist Add Ofcr_Existing_CorrectedPropertyUseTypeValue	nvarchar   ALTER TABLE BtoA_MainApp_Officer_Hist Add Ofcr_Existing_IsGovtProperty	bit",,
18-09-2026 11:21,INFRA\bbmpuser2,INFRA\bbmpuser2,KhataBtoA_preprod,BBMP-DB-VP-15,Microsoft SQL Server Management Studio - Query,112,"ALTER TABLE BtoA_MainApp_Officer_Hist Add KSRSACMasterPlanLandUseType	nvarchar ALTER TABLE BtoA_MainApp_Officer_Hist Add Ofcr_Existing_CorrectedPropertyUseTypeId	int ALTER TABLE BtoA_MainApp_Officer_Hist Add Ofcr_Existing_CorrectedPropertyUseTypeValue	nvarchar   ALTER TABLE BtoA_MainApp_Officer_Hist Add Ofcr_Existing_IsGovtProperty	bit",,
18-09-2026 11:20,INFRA\bbmpuser2,INFRA\bbmpuser2,KhataBtoA_preprod,BBMP-DB-VP-15,Microsoft SQL Server Management Studio - Query,109,"",,
18-09-2026 11:20,INFRA\bbmpuser2,INFRA\bbmpuser2,KhataBtoA_preprod,BBMP-DB-VP-15,Microsoft SQL Server Management Studio - Query,108,"",,
18-09-2026 11:20,INFRA\bbmpuser2,INFRA\bbmpuser2,KhataBtoA_preprod,BBMP-DB-VP-15,Microsoft SQL Server Management Studio - Query,107,"  ALTER   PROCEDURE [dbo].[USP_IU_BtoA_JC_SiteDimension] (     @SiteDim_id             INT = NULL,     @SiteDim_Siteid         INT = NULL,     @SiteDim_AppId          INT = NULL,     @SiteDim_SideInFt       DECIMAL(18,2) = NULL,     @SiteDim_SideInMt       DECIMAL(18,2) = NULL,     @SiteDim_RoadFacing     INT = NULL,     @SiteDim_Active         BIT = NULL,     @SiteDim_Remarks        NVARCHAR(MAX) = NULL,     @SiteDim_AdditionalInfo NVARCHAR(MAX) = NULL,     @SiteDim_IPAddress      NVARCHAR(16) = NULL,     @SiteDim_CBy            NVARCHAR(10) = NULL,     @SiteDim_CName          NVARCHAR(2000) = NULL,     @SiteDim_CRole          NVARCHAR(200) = NULL ) AS BEGIN     SET NOCOUNT ON;      BEGIN TRY          IF ISNULL(@SiteDim_id, 0) = 0         BEGIN             -- INSERT             INSERT INTO [dbo].[BtoA_JC_SiteDimension]             (                 [SiteDim_Siteid],                 [SiteDim_AppId],                 [SiteDim_SideInFt],                 [SiteDim_SideInMt],                 [SiteDim_RoadFacing],                 [SiteDim_Active],                 [SiteDim_Remarks],                 [SiteDim_AdditionalInfo],                 [SiteDim_IPAddress],                 [SiteDim_CBy],                 [SiteDim_CName],                 [SiteDim_CRole],                 [SiteDim_CDate]             )             VALUES             (                 @SiteDim_Siteid,                 @SiteDim_AppId,                 @SiteDim_SideInFt,                 @SiteDim_SideInMt,                 @SiteDim_RoadFacing,                 ISNULL(@SiteDim_Active, 1),                 @SiteDim_Remarks,                 @SiteDim_AdditionalInfo,                 @SiteDim_IPAddress,                 @SiteDim_CBy,                 @SiteDim_CName,                 @SiteDim_CRole,                 GETDATE()             );              SET @SiteDim_id = SCOPE_IDENTITY();               SELECT             @SiteDim_Siteid AS SiteID,  			'Success' AS Message,             cast(1 as bit) as Status, 		    @SiteDim_id as SiteDim_id  			update a set a.App_AreaVerified=1, a.App_AreaVerifiedDate=GETDATE(), a.App_AreaVerifiedRemarks='Area is Updated by Joint Commissioner'  			from BtoAMainApp a inner join BtoA_JC_SiteDtls b on a.App_Id=b.Site_AppId  			where a.App_Id=@SiteDim_AppId  and App_Active=1 and b.Site_Active=1  			UPDATE MAO SET MAO.ResidentialPlotareaAfterRoadWideninginSqmt =         CASE             WHEN MAO.Ofcr_CorrectedPropertyUseTypeId = 2             THEN JC.Site_AreaInSqMt              WHEN MAO.Ofcr_CorrectedPropertyUseTypeId = 3             THEN JC.Site_AreaInSqMt              ELSE MAO.ResidentialPlotareaAfterRoadWideninginSqmt         END,      MAO.CommercialPlotareaAfterRoadWideninginSqmt =         CASE             WHEN MAO.Ofcr_CorrectedPropertyUseTypeId = 1             THEN JC.Site_AreaInSqMt              --WHEN MAO.Ofcr_CorrectedPropertyUseTypeId = 3             --THEN JC.Site_AreaInSqMt              ELSE MAO.CommercialPlotareaAfterRoadWideninginSqmt         END,      MAO.IndustrialPlotareaAfterRoadWideninginSqmt =         CASE             WHEN MAO.Ofcr_CorrectedPropertyUseTypeId = 4             THEN JC.Site_AreaInSqMt              ELSE MAO.IndustrialPlotareaAfterRoadWideninginSqmt         END FROM BtoA_MainApp_Officer MAO INNER JOIN BtoA_JC_SiteDtls JC     ON MAO.Ofcr_BtoA_MainAppId = JC.Site_AppId WHERE MAO.Ofcr_BtoA_MainAppId = @SiteDim_AppId;           END         ELSE         BEGIN             -- UPDATE             UPDATE [dbo].[BtoA_JC_SiteDimension]             SET                 [SiteDim_Siteid]         = @SiteDim_Siteid,                 [SiteDim_AppId]          = @SiteDim_AppId,                 [SiteDim_SideInFt]       = @SiteDim_SideInFt,                 [SiteDim_SideInMt]       = @SiteDim_SideInMt,                 [SiteDim_RoadFacing]     = @SiteDim_RoadFacing,                 [SiteDim_Active]         = @SiteDim_Active,                 [SiteDim_Remarks]        = @SiteDim_Remarks,                 [SiteDim_AdditionalInfo] = @SiteDim_AdditionalInfo,                 [SiteDim_IPAddress]      = @SiteDim_IPAddress,                 [SiteDim_UBy]            = @SiteDim_CBy,                 [SiteDim_UName]          = @SiteDim_CName,                 [SiteDim_URole]          = @SiteDim_CRole,                 [SiteDim_UDate]          = GETDATE()             WHERE [SiteDim_id] = @SiteDim_id;              IF @@ROWCOUNT = 0             BEGIN                    SELECT             @SiteDim_Siteid AS SiteID,'Error ' AS Message,             cast(0 as bit) as Status, 		    @SiteDim_id as SiteDim_id             END             ELSE             BEGIN 			  			update a set a.App_AreaVerified=1, a.App_AreaVerifiedDate=GETDATE(), a.App_AreaVerifiedRemarks='Area is Updated by Joint Commissioner'  			from BtoAMainApp a inner join BtoA_JC_SiteDtls b on a.App_Id=b.Site_AppId  			where a.App_Id=@SiteDim_AppId  and App_Active=1 and b.Site_Active=1  			UPDATE MAO SET MAO.ResidentialPlotareaAfterRoadWideninginSqmt =         CASE             WHEN MAO.Ofcr_CorrectedPropertyUseTypeId = 2             THEN JC.Site_AreaInSqMt              WHEN MAO.Ofcr_CorrectedPropertyUseTypeId = 3             THEN JC.Site_AreaInSqMt              ELSE MAO.ResidentialPlotareaAfterRoadWideninginSqmt         END,      MAO.CommercialPlotareaAfterRoadWideninginSqmt =         CASE             WHEN MAO.Ofcr_CorrectedPropertyUseTypeId = 1             THEN JC.Site_AreaInSqMt              --WHEN MAO.Ofcr_CorrectedPropertyUseTypeId = 3             --THEN JC.Site_AreaInSqMt              ELSE MAO.CommercialPlotareaAfterRoadWideninginSqmt         END,      MAO.IndustrialPlotareaAfterRoadWideninginSqmt =         CASE             WHEN MAO.Ofcr_CorrectedPropertyUseTypeId = 4             THEN JC.Site_AreaInSqMt              ELSE MAO.IndustrialPlotareaAfterRoadWideninginSqmt         END FROM BtoA_MainApp_Officer MAO INNER JOIN BtoA_JC_SiteDtls JC     ON MAO.Ofcr_BtoA_MainAppId = JC.Site_AppId WHERE MAO.Ofcr_BtoA_MainAppId = @SiteDim_AppId;            SELECT             @SiteDim_Siteid AS SiteID,  			'Success' AS Message,             cast(1 as bit) as Status, 		    @SiteDim_id as SiteDim_id             END         END      END TRY     BEGIN CATCH            SELECT             @SiteDim_Siteid AS SiteID,  			ERROR_MESSAGE() AS Message,             cast(0 as bit) as Status, 		    @SiteDim_id as SiteDim_id      END CATCH END;    ",,
18-09-2026 11:19,INFRA\bbmpuser2,INFRA\bbmpuser2,KhataBtoA_preprod,BBMP-DB-VP-15,Microsoft SQL Server Management Studio - Query,106,"   ALTER PROCEDURE [dbo].[USP_S_BtoA_GpsDashCount]       @p_Level INT,    @p_Role int =null,    @p_Epid nvarchar(50) =null,       @p_Corp int =null,    @p_Zone int =null,    @p_Ward int =null,    @p_ArchId int=null   AS   BEGIN       SET NOCOUNT ON;     DEclare @RoadTypeValue Varchar(50)     SET @RoadTypeValue = 'Private,Public'    print @RoadTypeValue       IF @p_Level = 1  --@Corp is passed       BEGIN     if @p_Corp is null     begin      SELECT               (SELECT COUNT(*)                 FROM BtoA_MainApp_Officer MA  with  (nolock)        inner Join BtoA_SiteRoadDetails_Officer RD with(nolock) on  MA.Ofcr_BtoA_MainAppId=RD.BtoA_MainAppId                where RD.BtoA_RoadType IN ( SELECT TRIM(value) FROM STRING_SPLIT(@RoadTypeValue, ','))       ) AS AllCount,                  (SELECT COUNT(*)                 FROM BtoA_MainApp_Officer MO with (nolock) inner join BtoA_Status_Master_Tran SM with (nolock) on MO.Ofcr_BtoA_MainAppId=SM.Sts_MainAppId          inner Join BtoA_SiteRoadDetails_Officer RD with(nolock) on  MO.Ofcr_BtoA_MainAppId=RD.BtoA_MainAppId                                WHERE                      Sts_CurrStatusId not in (11) and RD.BtoA_RoadType IN ( SELECT TRIM(value) FROM STRING_SPLIT(@RoadTypeValue, ','))) AS PendingCount ,                 (SELECT COUNT(*)                 FROM BtoA_MainApp_Officer MO with (nolock) inner join BtoA_Status_Master_Tran SM with (nolock) on MO.Ofcr_BtoA_MainAppId=SM.Sts_MainAppId                WHERE                      Sts_CurrStatusId in (11)) AS RejectedCount,                  ( select distinct count(*) from BtoAMainApp MA with(nolock)       inner join BtoA_MainApp_Officer MAO with(nolock) On MA.App_Id=MAO.Ofcr_BtoA_MainAppId       inner Join BtoA_EPIDMetaData MD with(nolock) On MA.App_Id=MD.MD_APP_ID       inner join BtoA_Status_Master_Tran STS with(nolock) On MA.App_Id=STS.Sts_MainAppId and Sts.Sts_MainAppStatus=MA.App_Status      Left JOIN BtoA_SiteRoadDetails_Officer RD ON MA.App_ID= RD.BtoA_MainAppId       where MA.GBAId=@p_Corp and MD.MD_ZoneId=@p_Zone and  sts.Sts_CurrStatusId   in (1500)       AND RD.BtoA_RoadType IN ( SELECT TRIM(value) FROM STRING_SPLIT(@RoadTypeValue, ','))       ) AS RecommendedCount,                   (SELECT COUNT(*)                 FROM BtoA_MainApp_Officer MO with (nolock)        inner join BtoA_Status_Master_Tran SM with (nolock) on MO.Ofcr_BtoA_MainAppId=SM.Sts_MainAppId       Left JOIN BtoA_SiteRoadDetails_Officer RD ON MO.Ofcr_BtoA_MainAppId= RD.BtoA_MainAppId                 WHERE                      Sts_CurrStatusId in (42) AND RD.BtoA_RoadType IN ( SELECT TRIM(value) FROM STRING_SPLIT(@RoadTypeValue, ','))) AS CompletedCount,          (SELECT COUNT(*)                 FROM BtoA_MainApp_Officer MO with (nolock) inner join BtoA_Status_Master_Tran SM with (nolock) on MO.Ofcr_BtoA_MainAppId=SM.Sts_MainAppId                WHERE 1=0) AS PrivateRoadCount,         Convert(int,0)  AS ObjectedCount,        Convert(int,0) AS GVZeroCount     end             END        ELSE IF @p_Level = 2  --@Corp is passed Commissioner       BEGIN     if @p_Corp is not null     begin          WITH BaseData AS   (       SELECT distinct           MA.App_Id,           MA.App_Status,           SM.Sts_CurrStatusId,           SM.Sts_CurrOfficerRoleId,           MD.MD_SiteArea AS SiteArea       FROM BtoAMainApp MA       INNER JOIN BtoA_MainApp_Officer MO            ON MA.App_Id = MO.Ofcr_BtoA_MainAppId       inner JOIN BtoA_Status_Master_Tran SM            ON MA.App_Id = SM.Sts_MainAppId            AND MA.App_Status = SM.Sts_MainAppStatus       INNER JOIN BtoA_EPIDMetaData MD            ON MA.App_Id = MD.MD_APP_ID            WHERE MA.App_Active=1  AND  MA.GBAId = @p_Corp   AND EXISTS (           SELECT 1            FROM BtoA_SiteRoadDetails_Officer RD           WHERE RD.BtoA_MainAppId = MA.App_Id) and (App_Status in(200, 300,1100,1500) OR ( Sts_MainAppStatus = 11 AND Sts_CurrOfficerRoleId = 130)       )   )      SELECT       -- ✅ All Count       COUNT(DISTINCT CASE            WHEN App_Status IN (11,200,300,1500,1100)           THEN App_Id END) AS AllCount,          -- ✅ Pending Count       COUNT(DISTINCT CASE            WHEN Sts_CurrStatusId IN (1500,1100)           THEN App_Id END) AS PendingCount,          -- ✅ Rejected Count (ONLY for specific RoleId)       COUNT(DISTINCT CASE            WHEN Sts_CurrStatusId = 11                 AND Sts_CurrOfficerRoleId = 130   --&#55357;&#56392; role condition applied           THEN App_Id END) AS RejectedCount,          -- ✅ Recommended Count       COUNT(DISTINCT CASE            WHEN Sts_CurrStatusId IN (1100,1500)           THEN App_Id END) AS RecommendedCount,          -- ✅ Completed Count       COUNT(DISTINCT CASE            WHEN Sts_CurrStatusId IN (200,300)           THEN App_Id END) AS CompletedCount,          -- Static values       CONVERT(INT,0) AS PrivateRoadCount,       CONVERT(INT,0) AS ObjectedCount,    Convert(int,0) AS GVZeroCount      FROM BaseData;     end             END          ELSE IF @p_Level = 3 --architect     BEGIN        print @p_Level     print 'print '            select PendingCount,RejectedCount,CompletedCount,RecommendedCount,(PendingCount+RejectedCount+CompletedCount) Allcount,PrivateRoadCount,     Convert(int,0) AS GVZeroCount from (     SELECT             --(select count(*) from BtoAMainApp where app_id not in( select distinct appid from BtoA_Architect_AssignedApp where isActive=1) and      --app_Status in(13,14,200,300) and GBAId=@p_Corp     --    ) AS AllCount,             -- PendingCount: Status 13 and NOT assigned to ANY architect      ( select count(*) from BtoAMainApp where app_id not in( select appid from BtoA_Architect_AssignedApp where isActive=1 )      and app_Status in(13)   and GBAId=@p_Corp      ) AS PendingCount,             -- AssignedToMeCount: Status 13 and assigned to current architect      (SELECT COUNT(*)       FROM BtoA_MainApp_Officer MO       INNER JOIN BtoA_Status_Master_Tran SM        ON MO.Ofcr_BtoA_MainAppId = SM.Sts_MainAppId       INNER JOIN BtoAMainApp MA        ON MA.App_Id = MO.Ofcr_BtoA_MainAppId       LEFT JOIN BtoA_SiteRoadDetails_Officer SRD         ON SRD.BtoA_MainAppId = MO.Ofcr_BtoA_MainAppId       WHERE MA.App_Active=1  AND  SM.Sts_CurrStatusId = 13         AND MA.GBAId = @p_Corp          AND SRD.BtoA_RoadType = 'Public'         AND EXISTS (          SELECT 1          FROM BtoA_Architect_AssignedApp AA          WHERE AA.AppId = MO.Ofcr_BtoA_MainAppId         AND AA.Arch_Id = @p_ArchId          AND AA.IsActive = 1         ) AND SRD.BtoA_RoadType IN (     SELECT TRIM(value)     FROM STRING_SPLIT(@RoadTypeValue, ','))      ) AS RejectedCount,             ( select distinct count(*) from BtoAMainApp MA with(nolock)       inner join BtoA_MainApp_Officer MAO with(nolock) On MA.App_Id=MAO.Ofcr_BtoA_MainAppId       inner Join BtoA_EPIDMetaData MD with(nolock) On MA.App_Id=MD.MD_APP_ID       inner join BtoA_Status_Master_Tran STS with(nolock) On MA.App_Id=STS.Sts_MainAppId and Sts.Sts_MainAppStatus=MA.App_Status              Left JOIN BtoA_SiteRoadDetails_Officer RD ON MA.app_ID = RD.BtoA_MainAppId where MA.App_Active=1  AND MA.GBAId=@p_Corp and MD.MD_ZoneId=@p_Zone and  sts.Sts_CurrStatusId   in (1500)       AND RD.BtoA_RoadType IN ( SELECT TRIM(value) FROM STRING_SPLIT(@RoadTypeValue, ','))       ) AS RecommendedCount,            -- CompletedCount: Status 14 (either not assigned OR assigned to current architect)      (    SELECT count(*)       FROM BtoAMainApp MA       inner Join BtoA_SiteRoadDetails_Officer RD on RD.BtoA_MainAppId=MA.App_id       WHERE MA.App_status in(11, 14,200,300)         AND MA.GBAId = @p_Corp                AND  MA.App_id in         (         select Appid from BtoA_Architect_AssignedApp where isActive=1 and Arch_id=@p_ArchId         )        AND RD.BtoA_RoadType IN ( SELECT TRIM(value) FROM STRING_SPLIT(@RoadTypeValue, ','))                ) AS CompletedCount,            Convert(int,0)  AS PrivateRoadCount,      Convert(int,0)  AS ObjectedCount      ) as Final;       END      ELSE IF @p_Level = 4 --Case Worker Login     BEGIN       WITH AppData AS   (       SELECT            MO.Ofcr_BtoA_MainAppId,           SM.Sts_CurrStatusId,           SM.Sts_MainAppStatus,              -- ✅ Flag: if any private road exists           MAX(CASE                WHEN RD.BtoA_RoadType = 'Private' THEN 1                ELSE 0            END) AS HasPrivateRoad,              CASE                WHEN OBJ.Obj_AppId IS NOT NULL THEN 1                ELSE 0            END AS IsObjected          FROM BtoA_MainApp_Officer MO          INNER JOIN BtoA_EPIDMetaData MD            ON MO.Ofcr_BtoA_MainAppId = MD.MD_APP_ID          INNER JOIN BtoAMainApp MA            ON MA.App_Id = MO.Ofcr_BtoA_MainAppId          INNER JOIN BtoA_Status_Master_Tran SM            ON MO.Ofcr_BtoA_MainAppId = SM.Sts_MainAppId          INNER JOIN BtoA_SiteRoadDetails_Officer RD            ON RD.BtoA_MainAppId = MO.Ofcr_BtoA_MainAppId          LEFT JOIN Khata_Obj_MainApp OBJ           ON OBJ.Obj_AppId = MO.Ofcr_BtoA_MainAppId          WHERE MA.App_Active=1  AND            MA.GBAId = @p_Corp           AND MD.MD_ZoneId = @p_Zone           AND MD.MD_WardId = @p_Ward           AND MA.App_Source = 'NewKhata'          GROUP BY            MO.Ofcr_BtoA_MainAppId,           SM.Sts_CurrStatusId,           SM.Sts_MainAppStatus,           OBJ.Obj_AppId   )      SELECT       SUM(CASE WHEN Sts_MainAppStatus IN (13,18,16,12)           THEN 1 ELSE 0 END) AS AllCount,          SUM(CASE WHEN Sts_MainAppStatus IN (13,18,16,12)            THEN 1 ELSE 0 END) AS PendingCount,          CONVERT(int,0) AS RejectedCount,          SUM(CASE WHEN Sts_MainAppStatus IN (1000,1110,150,200,300,1500,1100)            THEN 1 ELSE 0 END) AS RecommendedCount,          CONVERT(int,0) AS CompletedCount,          -- ✅ Only applications having at least one private road       SUM(CASE WHEN HasPrivateRoad = 1            THEN 1 ELSE 0 END) AS PrivateRoadCount,          SUM(CASE WHEN IsObjected = 1            THEN 1 ELSE 0 END) AS ObjectedCount,    Convert(int,0) AS GVZeroCount      FROM AppData                END        ELSE IF @p_Level = 5  --Joint Commissioner is passed       BEGIN     if @p_Corp is not null     begin            ;WITH LatestHist AS (     SELECT Sts_MainAppId,Sts_CurrStatusId,Sts_CurrOfficerRoleId,Sts_TranId,Sts_TranId_HistId,                    ROW_NUMBER() OVER (                  PARTITION BY Sts_MainAppId                   ORDER BY Sts_TranId_HistId DESC              ) AS RN       FROM BtoA_Status_Master_Tran_Hist   ),      LatestStatus AS (      SELECT Sts_MainAppId,Sts_CurrStatusId,Sts_CurrOfficerRoleId,Sts_TranId,Udt,Sts_MainAppStatus,              ROW_NUMBER() OVER (                  PARTITION BY Sts_MainAppId                   ORDER BY Udt DESC, Sts_TranId DESC              ) AS RN       FROM BtoA_Status_Master_Tran   ),      LatestOfficer AS (    SELECT Ofcr_RowId, Ofcr_BtoA_MainAppId, ApplicationDisplayId,PropertyId,ApplicationDate,SsaId,              ROW_NUMBER() OVER (                  PARTITION BY Ofcr_BtoA_MainAppId                  ORDER BY Ofcr_BtoA_MainAppId DESC              ) AS RN       FROM BtoA_MainApp_Officer   ),      BaseData AS (       SELECT            MA.App_Id,           MA.App_Status,           LS.Sts_CurrStatusId,           LS.Sts_MainAppStatus,           LS.Sts_CurrOfficerRoleId,              LH.Sts_CurrStatusId AS HistStatus,           LH.Sts_CurrOfficerRoleId AS HistRoleId,              -- ✅ GV FLAG          CAST(ISNULL(GV.GVFlag,0) AS BIT) AS GVFlag        FROM BtoAMainApp MA          INNER JOIN LatestOfficer MO           ON MA.App_Id = MO.Ofcr_BtoA_MainAppId           AND MO.RN = 1          INNER JOIN LatestStatus LS           ON MA.App_Id = LS.Sts_MainAppId           AND LS.RN = 1          INNER JOIN BtoA_EPIDMetaData MD            ON MA.App_Id = MD.MD_APP_ID          LEFT JOIN LatestHist LH            ON MA.App_Id = LH.Sts_MainAppId           AND LH.RN = 1     OUTER APPLY     (      SELECT TOP (1)       CAST(        CASE         WHEN ISNULL(R.GuidanceValueSqMt,0) > 0         THEN 1         ELSE 0        END AS BIT       ) AS GVFlag      FROM BtoA_SiteRoadDetails_Officer SR      INNER JOIN MASTERDB_PROD.dbo.MstRoadKSRAC R       ON SR.BtoA_RoadId = R.Road_ID      INNER JOIN MASTERDB_PROD.dbo.mst_AROMapping AM       ON MD.MD_ZoneId   = AM.GBAZoneID         AND MD.MD_WardId   = AM.BBMPWardId         AND MD.MD_StreetId = AM.BBMPStreetId      WHERE SR.BtoA_MainAppId = MA.App_Id        AND SR.BtoA_RoadId IS NOT NULL      ORDER BY R.GuidanceValueSqMt     ) GV       WHERE MA.GBAId = @p_Corp         AND MD.MD_ZoneId = @p_Zone            AND EXISTS (               SELECT 1               FROM BtoA_SiteRoadDetails_Officer RD               WHERE RD.BtoA_MainAppId = MA.App_Id         )            AND MA.App_Status IN (12,110,14,150,200,300,1100,1500,1000,1110)       AND isnull(MA.IsApp_PropertyVerificationRequired,0) = 0 and isnull(MA.IsApp_MasterPlanMismatch,0) =0      AND MA.App_Active=1        AND     (         -- Show applications that are not assigned         NOT EXISTS         (             SELECT 1             FROM BtoA_Architect_AssignedApp AA             WHERE AA.AppId = MA.App_Id               AND AA.IsActive = 1         )            -- Or show if assigned to the logged-in officer         OR EXISTS         (             SELECT 1             FROM BtoA_Architect_AssignedApp AA             WHERE AA.AppId = MA.App_Id               AND AA.Arch_Id = @p_ArchId               AND AA.Arch_Role = @p_Role               AND AA.IsActive = 1         )     )      )            SELECT          -- ✅ ALL COUNT       COUNT(DISTINCT App_Id) AS AllCount,          -- ✅ PENDING       COUNT(DISTINCT CASE            WHEN App_Status IN (14,12,1000,1110)           THEN App_Id        END) AS PendingCount,          -- ✅ APPROVED       COUNT(DISTINCT CASE            WHEN App_Status = 150                OR (                    App_Status IN (200,300)                    OR (HistStatus IN (150,1500,1100)                         AND Sts_MainAppStatus NOT IN (14))                )           THEN App_Id        END) AS CompletedCount,          -- ✅ RECOMMENDED       COUNT(DISTINCT CASE            WHEN App_Status IN (1500,1100)                OR (                    HistStatus IN (1500,1100)                    AND HistRoleId = 125                    AND App_Status IN (200,300)                )           THEN App_Id        END) AS RecommendedCount,          -- ✅ REJECTED       COUNT(DISTINCT CASE            WHEN App_Status IN (110)                AND Sts_CurrOfficerRoleId = 125           THEN App_Id        END) AS RejectedCount,          -- ✅ GV ZERO COUNT       COUNT(DISTINCT CASE            WHEN GVFlag = 0           THEN App_Id        END) AS GVZeroCount,        -- Static columns       0 AS PrivateRoadCount,       0 AS ObjectedCount         FROM BaseData           end             END          ELSE IF @p_Level = 6 --Joint Commissioner Property Verification Required      BEGIN        SELECT       (select count(*) from BtoAMainApp MA   inner join BtoA_MainApp_Officer MO on MA.app_id=Mo.Ofcr_BtoA_MainAppId   inner join BtoA_EPIDMetaData MD on MD.MD_APP_ID=ma.App_Id   WHERE MA.GBAId = @p_Corp     AND MD.MD_ZoneId = @p_Zone     AND MA.App_Status IN (12,110,14,150,200,300,1100,1500,1000,1110)     AND MA.App_Active = 1 and IsApp_PropertyVerificationRequired=1     ) AS ALLCOUNT,              (select count(*) from BtoAMainApp MA   inner join BtoA_MainApp_Officer MO on MA.app_id=Mo.Ofcr_BtoA_MainAppId   inner join BtoA_EPIDMetaData MD on MD.MD_APP_ID=ma.App_Id      WHERE MA.GBAId = @p_Corp     AND MD.MD_ZoneId = @p_Zone     AND MA.App_Status IN (12,110,14,150,200,300,1100,1500,1000,1110)     AND MA.App_Active = 1 and isnull(IsApp_PropertyVerificationRequired,0)=1 and  App_PropertyVerified=0) AS PendingCount ,                 (select count(*) from BtoAMainApp MA   inner join BtoA_MainApp_Officer MO on MA.app_id=Mo.Ofcr_BtoA_MainAppId   inner join BtoA_EPIDMetaData MD on MD.MD_APP_ID=ma.App_Id      WHERE MA.GBAId = @p_Corp     AND MD.MD_ZoneId = @p_Zone     AND MA.App_Status IN (110)     AND MA.App_Active = 1 and IsApp_PropertyVerificationRequired=1 and  App_PropertyVerified=1) AS RejectedCount,                     (select count(*) from BtoAMainApp MA   inner join BtoA_MainApp_Officer MO on MA.app_id=Mo.Ofcr_BtoA_MainAppId   inner join BtoA_EPIDMetaData MD on MD.MD_APP_ID=ma.App_Id      WHERE MA.GBAId = @p_Corp     AND MD.MD_ZoneId = @p_Zone     AND MA.App_Status IN (1500,1100)     AND MA.App_Active = 1 and IsApp_PropertyVerificationRequired=1 and  App_PropertyVerified=1       ) AS RecommendedCount,                   (select count(*) from BtoAMainApp MA   inner join BtoA_MainApp_Officer MO on MA.app_id=Mo.Ofcr_BtoA_MainAppId   inner join BtoA_EPIDMetaData MD on MD.MD_APP_ID=ma.App_Id      WHERE MA.GBAId = @p_Corp     AND MD.MD_ZoneId = @p_Zone     AND MA.App_Status IN (150)     AND MA.App_Active = 1 and isnull(IsApp_PropertyVerificationRequired,0)=1 and  App_PropertyVerified=1) AS CompletedCount,   Convert(int,0)   AS PrivateRoadCount,   Convert(int,0)  AS ObjectedCount,   Convert(int,0) AS GVZeroCount         END       ELSE IF @p_Level = 7  --Joint Commissione Master Plan Verification Required    BEGIN         SELECT    (select count(distinct Ofcr_BtoA_MainAppId) from BtoAMainApp MA   inner join BtoA_MainApp_Officer MO on MA.app_id=Mo.Ofcr_BtoA_MainAppId   inner join BtoA_EPIDMetaData MD on MD.MD_APP_ID=ma.App_Id   WHERE MA.GBAId = @p_Corp     AND MD.MD_ZoneId = @p_Zone     AND MA.App_Status IN (12,110,14,150,200,300,1100,1500,1000,1110)     AND MA.App_Active = 1 and   isnull(IsApp_MasterPlanMismatch,0)=1      ) AS ALLCOUNT,      (select count(distinct Ofcr_BtoA_MainAppId) from BtoAMainApp MA   inner join BtoA_MainApp_Officer MO on MA.app_id=Mo.Ofcr_BtoA_MainAppId   inner join BtoA_EPIDMetaData MD on MD.MD_APP_ID=ma.App_Id   WHERE MA.GBAId = @p_Corp     AND MD.MD_ZoneId = @p_Zone     AND MA.App_Status IN (12,110,14,150,200,300,1100,1500,1000,1110)     AND MA.App_Active = 1 and   isnull(IsApp_MasterPlanMismatch,0)=1 and isnull(App_MasterPlanMismatchVerified,0)=0 ) AS PendingCount ,      (select count(distinct Ofcr_BtoA_MainAppId) from BtoAMainApp MA   inner join BtoA_MainApp_Officer MO on MA.app_id=Mo.Ofcr_BtoA_MainAppId   inner join BtoA_EPIDMetaData MD on MD.MD_APP_ID=ma.App_Id   WHERE MA.GBAId = @p_Corp     AND MD.MD_ZoneId = @p_Zone     AND MA.App_Status IN (110)     AND MA.App_Active = 1 and   isnull(IsApp_MasterPlanMismatch,0)=1 and isnull(App_MasterPlanMismatchVerified,0)=1 ) AS RejectedCount,      (select count(distinct Ofcr_BtoA_MainAppId) from BtoAMainApp MA   inner join BtoA_MainApp_Officer MO on MA.app_id=Mo.Ofcr_BtoA_MainAppId   inner join BtoA_EPIDMetaData MD on MD.MD_APP_ID=ma.App_Id   WHERE MA.GBAId = @p_Corp     AND MD.MD_ZoneId = @p_Zone     AND MA.App_Status IN (1500,1100)     AND MA.App_Active = 1 and  isnull(IsApp_MasterPlanMismatch,0)=1 and isnull(App_MasterPlanMismatchVerified,0)=1       ) AS RecommendedCount,      (select count(distinct Ofcr_BtoA_MainAppId) from BtoAMainApp MA   inner join BtoA_MainApp_Officer MO on MA.app_id=Mo.Ofcr_BtoA_MainAppId   inner join BtoA_EPIDMetaData MD on MD.MD_APP_ID=ma.App_Id   WHERE MA.GBAId = @p_Corp     AND MD.MD_ZoneId = @p_Zone     AND MA.App_Status IN (150)     AND MA.App_Active = 1 and  isnull(IsApp_MasterPlanMismatch,0)=1 and isnull(App_MasterPlanMismatchVerified,0)=1) AS CompletedCount,   Convert(int,0)   AS PrivateRoadCount,   Convert(int,0)  AS ObjectedCount,   Convert(int,0) AS GVZeroCount         END     ELSE IF @p_Level = 8  --Joint Commissione Area Verification Required    BEGIN         SELECT    (select count(distinct Ofcr_BtoA_MainAppId) from BtoAMainApp MA   inner join BtoA_MainApp_Officer MO on MA.app_id=Mo.Ofcr_BtoA_MainAppId   inner join BtoA_EPIDMetaData MD on MD.MD_APP_ID=ma.App_Id   WHERE MA.GBAId = @p_Corp     AND MD.MD_ZoneId = @p_Zone     AND MA.App_Status IN (12,110,14,150,200,300,1100,1500,1000,1110)     AND MA.App_Active = 1 and   isnull(isApp_AreaVerificationRequired,0)=1      ) AS ALLCOUNT,      (select count(distinct Ofcr_BtoA_MainAppId) from BtoAMainApp MA   inner join BtoA_MainApp_Officer MO on MA.app_id=Mo.Ofcr_BtoA_MainAppId   inner join BtoA_EPIDMetaData MD on MD.MD_APP_ID=ma.App_Id   WHERE MA.GBAId = @p_Corp     AND MD.MD_ZoneId = @p_Zone     AND MA.App_Status IN (12,110,14,150,200,300,1100,1500,1000,1110)     AND MA.App_Active = 1 and   isnull(isApp_AreaVerificationRequired,0)=1 and isnull(App_AreaVerified,0)=0 ) AS PendingCount ,      (select count(distinct Ofcr_BtoA_MainAppId) from BtoAMainApp MA   inner join BtoA_MainApp_Officer MO on MA.app_id=Mo.Ofcr_BtoA_MainAppId   inner join BtoA_EPIDMetaData MD on MD.MD_APP_ID=ma.App_Id   WHERE MA.GBAId = @p_Corp     AND MD.MD_ZoneId = @p_Zone     AND MA.App_Status IN (110)     AND MA.App_Active = 1 and   isnull(isApp_AreaVerificationRequired,0)=1 and isnull(App_AreaVerified,0)=1 ) AS RejectedCount,      (select count(distinct Ofcr_BtoA_MainAppId) from BtoAMainApp MA   inner join BtoA_MainApp_Officer MO on MA.app_id=Mo.Ofcr_BtoA_MainAppId   inner join BtoA_EPIDMetaData MD on MD.MD_APP_ID=ma.App_Id   WHERE MA.GBAId = @p_Corp     AND MD.MD_ZoneId = @p_Zone     AND MA.App_Status IN (1500,1100)     AND MA.App_Active = 1 and  isnull(isApp_AreaVerificationRequired,0)=1 and isnull(App_AreaVerified,0)=1       ) AS RecommendedCount,      (select count(distinct Ofcr_BtoA_MainAppId) from BtoAMainApp MA   inner join BtoA_MainApp_Officer MO on MA.app_id=Mo.Ofcr_BtoA_MainAppId   inner join BtoA_EPIDMetaData MD on MD.MD_APP_ID=ma.App_Id   WHERE MA.GBAId = @p_Corp     AND MD.MD_ZoneId = @p_Zone     AND MA.App_Status IN (150)     AND MA.App_Active = 1 and  isnull(isApp_AreaVerificationRequired,0)=1 and isnull(App_AreaVerified,0)=1) AS CompletedCount,   Convert(int,0)   AS PrivateRoadCount,   Convert(int,0)  AS ObjectedCount,   Convert(int,0) AS GVZeroCount         END      END  ",,
18-09-2026 11:19,INFRA\bbmpuser2,INFRA\bbmpuser2,KhataBtoA_preprod,BBMP-DB-VP-15,Microsoft SQL Server Management Studio - Query,105,"CREATE OR ALTER PROC USP_S_BtoA_JC_SiteDtls -- 1,50001 @Level int, @Site_AppId int AS  BEgin if(@Level=1) begin select			[Site_AppId],                 [Site_ShapeType],                 [Site_No],                 [Site_Area],                 [Site_TypeId],                 [Site_AreaInSqFt],                 [Site_AreaInSqMt],                 [Site_Latitude],                 [Site_Longitude],                 [Site_CornerPlot],                 [Site_NoOfSides],                 [Site_North],                 [Site_South],                 [Site_East],                 [Site_West],                 [Site_Active],                 [Site_Remarks], 				SiteDim_id, 				SiteDim_Siteid,  				SiteDim_SideInFt, 				SiteDim_SideInMt, 				SiteDim_RoadFacing, 				SiteDim_Active 				from [BtoA_JC_SiteDtls] site  				inner join BtoA_JC_SiteDimension sitedim on  				Site.Site_AppId=SiteDim_AppId and site.Site_Id=sitedim.SiteDim_Siteid 				where Site_AppId=@Site_AppId and Site_Active=1 end  else begin select			[Site_AppId],                 [Site_ShapeType],                 [Site_No],                 [Site_Area],                 [Site_TypeId],                 [Site_AreaInSqFt],                 [Site_AreaInSqMt],                 [Site_Latitude],                 [Site_Longitude],                 [Site_CornerPlot],                 [Site_NoOfSides],                 [Site_North],                 [Site_South],                 [Site_East],                 [Site_West],                 [Site_Active],                 [Site_Remarks], 				SiteDim_id, 				SiteDim_Siteid,  				SiteDim_SideInFt, 				SiteDim_SideInMt, 				SiteDim_RoadFacing, 				SiteDim_Active 				from [BtoA_JC_SiteDtls] site  				inner join BtoA_JC_SiteDimension sitedim on  				Site.Site_AppId=SiteDim_AppId and site.Site_Id=sitedim.SiteDim_Siteid 				where Site_AppId=@Site_AppId and Site_Active=1 and 0=0 end end  ",,
18-09-2026 11:19,INFRA\bbmpuser2,INFRA\bbmpuser2,KhataBtoA_preprod,BBMP-DB-VP-15,Microsoft SQL Server Management Studio - Query,104,"  ALTER   PROCEDURE [dbo].[USP_IU_BtoA_JC_SiteDimension] (     @SiteDim_id             INT = NULL,     @SiteDim_Siteid         INT = NULL,     @SiteDim_AppId          INT = NULL,     @SiteDim_SideInFt       DECIMAL(18,2) = NULL,     @SiteDim_SideInMt       DECIMAL(18,2) = NULL,     @SiteDim_RoadFacing     INT = NULL,     @SiteDim_Active         BIT = NULL,     @SiteDim_Remarks        NVARCHAR(MAX) = NULL,     @SiteDim_AdditionalInfo NVARCHAR(MAX) = NULL,     @SiteDim_IPAddress      NVARCHAR(16) = NULL,     @SiteDim_CBy            NVARCHAR(10) = NULL,     @SiteDim_CName          NVARCHAR(2000) = NULL,     @SiteDim_CRole          NVARCHAR(200) = NULL ) AS BEGIN     SET NOCOUNT ON;      BEGIN TRY          IF ISNULL(@SiteDim_id, 0) = 0         BEGIN             -- INSERT             INSERT INTO [dbo].[BtoA_JC_SiteDimension]             (                 [SiteDim_Siteid],                 [SiteDim_AppId],                 [SiteDim_SideInFt],                 [SiteDim_SideInMt],                 [SiteDim_RoadFacing],                 [SiteDim_Active],                 [SiteDim_Remarks],                 [SiteDim_AdditionalInfo],                 [SiteDim_IPAddress],                 [SiteDim_CBy],                 [SiteDim_CName],                 [SiteDim_CRole],                 [SiteDim_CDate]             )             VALUES             (                 @SiteDim_Siteid,                 @SiteDim_AppId,                 @SiteDim_SideInFt,                 @SiteDim_SideInMt,                 @SiteDim_RoadFacing,                 ISNULL(@SiteDim_Active, 1),                 @SiteDim_Remarks,                 @SiteDim_AdditionalInfo,                 @SiteDim_IPAddress,                 @SiteDim_CBy,                 @SiteDim_CName,                 @SiteDim_CRole,                 GETDATE()             );              SET @SiteDim_id = SCOPE_IDENTITY();               SELECT             @SiteDim_Siteid AS SiteID,  			'Success' AS Message,             cast(1 as bit) as Status, 		    @SiteDim_id as SiteDim_id          END         ELSE         BEGIN             -- UPDATE             UPDATE [dbo].[BtoA_JC_SiteDimension]             SET                 [SiteDim_Siteid]         = @SiteDim_Siteid,                 [SiteDim_AppId]          = @SiteDim_AppId,                 [SiteDim_SideInFt]       = @SiteDim_SideInFt,                 [SiteDim_SideInMt]       = @SiteDim_SideInMt,                 [SiteDim_RoadFacing]     = @SiteDim_RoadFacing,                 [SiteDim_Active]         = @SiteDim_Active,                 [SiteDim_Remarks]        = @SiteDim_Remarks,                 [SiteDim_AdditionalInfo] = @SiteDim_AdditionalInfo,                 [SiteDim_IPAddress]      = @SiteDim_IPAddress,                 [SiteDim_UBy]            = @SiteDim_CBy,                 [SiteDim_UName]          = @SiteDim_CName,                 [SiteDim_URole]          = @SiteDim_CRole,                 [SiteDim_UDate]          = GETDATE()             WHERE [SiteDim_id] = @SiteDim_id;              IF @@ROWCOUNT = 0             BEGIN                    SELECT             @SiteDim_Siteid AS SiteID,'Error ' AS Message,             cast(0 as bit) as Status, 		    @SiteDim_id as SiteDim_id             END             ELSE             BEGIN            SELECT             @SiteDim_Siteid AS SiteID,  			'Success' AS Message,             cast(1 as bit) as Status, 		    @SiteDim_id as SiteDim_id             END         END      END TRY     BEGIN CATCH            SELECT             @SiteDim_Siteid AS SiteID,  			ERROR_MESSAGE() AS Message,             cast(0 as bit) as Status, 		    @SiteDim_id as SiteDim_id      END CATCH END;    ",,
18-09-2026 11:19,INFRA\bbmpuser2,INFRA\bbmpuser2,KhataBtoA_preprod,BBMP-DB-VP-15,Microsoft SQL Server Management Studio - Query,102,"",,
18-09-2026 11:19,INFRA\bbmpuser2,INFRA\bbmpuser2,KhataBtoA_preprod,BBMP-DB-VP-15,Microsoft SQL Server Management Studio - Query,96,"  ALTER TRIGGER [dbo].[trg_BtoAMainApp] ON [dbo].[BtoAMainApp] AFTER UPDATE AS BEGIN     SET NOCOUNT ON;      INSERT INTO [dbo].[BtoAMainApp_Hist]     (         App_Id,         App_MotherEPID,         App_Type,         App_Status,         App_Active,         App_Remarks,         App_AdditionalInfo,         App_Cby,         App_Cdte,         App_CRole,         App_UBy,         App_UDte,         App_URole,         App_IpAddress,         App_DisplayId,         App_MotherSASID,         isProcessingFeePaid,         ProcessingFee,         GpsPushStatus,         GBAId,         GBA,         IsPushedToGps,         PushedToGpsDate,         PushedToGpsRemark,         App_Source,         isFinalPaymentDone,         finalPaymentAmount,         finalPaymentDate,         isMasterPlanProcessed,         isMasterPlanVerifedStatus,         isMasterPlanVerifedRemarks,         ActionType,         CDatetime, 		App_OrderNumber,         App_IsPushedToEaasthi,         App_IsPushedToEaasthiDate,         App_IsPushedToEaasthiStatusCode,         App_IsPushedToEaasthiRemarks, 		App_isBlockedInEaasthi ,App_ProcessingFeePaidDate ,App_JCMovedDate ,IsApp_JCAutoApproved ,App_JCApprovedDate ,IsApp_MasterPlanMismatch ,App_MasterPlanMismatchVerified ,App_MasterPlanMismatchVerifiedDate ,IsApp_PropertyVerificationRequired ,App_PropertyVerified ,App_PropertyVerifiedDate ,App_Concluded_PropertyUseType ,App_JC_Concluded_Remarks ,App_IsGovtProperty ,isApp_AreaVerificationRequired ,App_AreaVerified ,App_AreaVerifiedDate ,App_AreaVerifiedRemarks      )     SELECT         App_Id,         App_MotherEPID,         App_Type,         App_Status,         App_Active,         App_Remarks,         App_AdditionalInfo,         App_Cby,         App_Cdte,         App_CRole,         App_UBy,         App_UDte,         App_URole,         App_IpAddress,         App_DisplayId,         App_MotherSASID,         isProcessingFeePaid,         ProcessingFee,         GpsPushStatus,         GBAId,         GBA,         IsPushedToGps,         PushedToGpsDate,         PushedToGpsRemark,         App_Source,         isFinalPaymentDone,         finalPaymentAmount,         finalPaymentDate,         isMasterPlanProcessed,         isMasterPlanVerifedStatus,         isMasterPlanVerifedRemarks,         'Update',         SYSDATETIME(), 		App_OrderNumber,         App_IsPushedToEaasthi,         App_IsPushedToEaasthiDate,         App_IsPushedToEaasthiStatusCode,         App_IsPushedToEaasthiRemarks, 		App_isBlockedInEaasthi ,App_ProcessingFeePaidDate ,App_JCMovedDate ,IsApp_JCAutoApproved ,App_JCApprovedDate ,IsApp_MasterPlanMismatch ,App_MasterPlanMismatchVerified ,App_MasterPlanMismatchVerifiedDate ,IsApp_PropertyVerificationRequired ,App_PropertyVerified ,App_PropertyVerifiedDate ,App_Concluded_PropertyUseType ,App_JC_Concluded_Remarks ,App_IsGovtProperty ,isApp_AreaVerificationRequired ,App_AreaVerified ,App_AreaVerifiedDate ,App_AreaVerifiedRemarks      FROM deleted; END; ",,
18-09-2026 11:18,INFRA\bbmpuser2,INFRA\bbmpuser2,KhataBtoA_preprod,BBMP-DB-VP-15,Microsoft SQL Server Management Studio - Query,95,"ALTER TABLE BtoAMainApp_Hist Add App_isBlockedInEaasthi		int ALTER TABLE BtoAMainApp_Hist Add App_ProcessingFeePaidDate  datetime ALTER TABLE BtoAMainApp_Hist Add App_JCMovedDate  datetime ALTER TABLE BtoAMainApp_Hist Add IsApp_JCAutoApproved  bit  ALTER TABLE BtoAMainApp_Hist Add App_JCApprovedDate  datetime  ALTER TABLE BtoAMainApp_Hist Add IsApp_MasterPlanMismatch   bit ALTER TABLE BtoAMainApp_Hist Add App_MasterPlanMismatchVerified bit   ALTER TABLE BtoAMainApp_Hist Add App_MasterPlanMismatchVerifiedDate datetime  ALTER TABLE BtoAMainApp_Hist Add IsApp_PropertyVerificationRequired bit  ALTER TABLE BtoAMainApp_Hist Add App_PropertyVerified   bit ALTER TABLE BtoAMainApp_Hist Add App_PropertyVerifiedDate  datetime ALTER TABLE BtoAMainApp_Hist Add App_Concluded_PropertyUseType  nvarchar(50) ALTER TABLE BtoAMainApp_Hist Add App_JC_Concluded_Remarks  nvarchar(max) ALTER TABLE BtoAMainApp_Hist Add App_IsGovtProperty   bit ALTER TABLE BtoAMainApp_Hist Add isApp_AreaVerificationRequired  bit ALTER TABLE BtoAMainApp_Hist Add App_AreaVerified  bit ALTER TABLE BtoAMainApp_Hist Add App_AreaVerifiedDate datetime  ALTER TABLE BtoAMainApp_Hist Add App_AreaVerifiedRemarks  nvarchar(max)",,
18-09-2026 11:18,INFRA\bbmpuser2,INFRA\bbmpuser2,KhataBtoA_preprod,BBMP-DB-VP-15,Microsoft SQL Server Management Studio - Query,95,"ALTER TABLE BtoAMainApp_Hist Add App_isBlockedInEaasthi		int ALTER TABLE BtoAMainApp_Hist Add App_ProcessingFeePaidDate  datetime ALTER TABLE BtoAMainApp_Hist Add App_JCMovedDate  datetime ALTER TABLE BtoAMainApp_Hist Add IsApp_JCAutoApproved  bit  ALTER TABLE BtoAMainApp_Hist Add App_JCApprovedDate  datetime  ALTER TABLE BtoAMainApp_Hist Add IsApp_MasterPlanMismatch   bit ALTER TABLE BtoAMainApp_Hist Add App_MasterPlanMismatchVerified bit   ALTER TABLE BtoAMainApp_Hist Add App_MasterPlanMismatchVerifiedDate datetime  ALTER TABLE BtoAMainApp_Hist Add IsApp_PropertyVerificationRequired bit  ALTER TABLE BtoAMainApp_Hist Add App_PropertyVerified   bit ALTER TABLE BtoAMainApp_Hist Add App_PropertyVerifiedDate  datetime ALTER TABLE BtoAMainApp_Hist Add App_Concluded_PropertyUseType  nvarchar(50) ALTER TABLE BtoAMainApp_Hist Add App_JC_Concluded_Remarks  nvarchar(max) ALTER TABLE BtoAMainApp_Hist Add App_IsGovtProperty   bit ALTER TABLE BtoAMainApp_Hist Add isApp_AreaVerificationRequired  bit ALTER TABLE BtoAMainApp_Hist Add App_AreaVerified  bit ALTER TABLE BtoAMainApp_Hist Add App_AreaVerifiedDate datetime  ALTER TABLE BtoAMainApp_Hist Add App_AreaVerifiedRemarks  nvarchar(max)",,
18-09-2026 11:18,INFRA\bbmpuser2,INFRA\bbmpuser2,KhataBtoA_preprod,BBMP-DB-VP-15,Microsoft SQL Server Management Studio - Query,95,"ALTER TABLE BtoAMainApp_Hist Add App_isBlockedInEaasthi		int ALTER TABLE BtoAMainApp_Hist Add App_ProcessingFeePaidDate  datetime ALTER TABLE BtoAMainApp_Hist Add App_JCMovedDate  datetime ALTER TABLE BtoAMainApp_Hist Add IsApp_JCAutoApproved  bit  ALTER TABLE BtoAMainApp_Hist Add App_JCApprovedDate  datetime  ALTER TABLE BtoAMainApp_Hist Add IsApp_MasterPlanMismatch   bit ALTER TABLE BtoAMainApp_Hist Add App_MasterPlanMismatchVerified bit   ALTER TABLE BtoAMainApp_Hist Add App_MasterPlanMismatchVerifiedDate datetime  ALTER TABLE BtoAMainApp_Hist Add IsApp_PropertyVerificationRequired bit  ALTER TABLE BtoAMainApp_Hist Add App_PropertyVerified   bit ALTER TABLE BtoAMainApp_Hist Add App_PropertyVerifiedDate  datetime ALTER TABLE BtoAMainApp_Hist Add App_Concluded_PropertyUseType  nvarchar(50) ALTER TABLE BtoAMainApp_Hist Add App_JC_Concluded_Remarks  nvarchar(max) ALTER TABLE BtoAMainApp_Hist Add App_IsGovtProperty   bit ALTER TABLE BtoAMainApp_Hist Add isApp_AreaVerificationRequired  bit ALTER TABLE BtoAMainApp_Hist Add App_AreaVerified  bit ALTER TABLE BtoAMainApp_Hist Add App_AreaVerifiedDate datetime  ALTER TABLE BtoAMainApp_Hist Add App_AreaVerifiedRemarks  nvarchar(max)",,
18-09-2026 11:18,INFRA\bbmpuser2,INFRA\bbmpuser2,KhataBtoA_preprod,BBMP-DB-VP-15,Microsoft SQL Server Management Studio - Query,95,"ALTER TABLE BtoAMainApp_Hist Add App_isBlockedInEaasthi		int ALTER TABLE BtoAMainApp_Hist Add App_ProcessingFeePaidDate  datetime ALTER TABLE BtoAMainApp_Hist Add App_JCMovedDate  datetime ALTER TABLE BtoAMainApp_Hist Add IsApp_JCAutoApproved  bit  ALTER TABLE BtoAMainApp_Hist Add App_JCApprovedDate  datetime  ALTER TABLE BtoAMainApp_Hist Add IsApp_MasterPlanMismatch   bit ALTER TABLE BtoAMainApp_Hist Add App_MasterPlanMismatchVerified bit   ALTER TABLE BtoAMainApp_Hist Add App_MasterPlanMismatchVerifiedDate datetime  ALTER TABLE BtoAMainApp_Hist Add IsApp_PropertyVerificationRequired bit  ALTER TABLE BtoAMainApp_Hist Add App_PropertyVerified   bit ALTER TABLE BtoAMainApp_Hist Add App_PropertyVerifiedDate  datetime ALTER TABLE BtoAMainApp_Hist Add App_Concluded_PropertyUseType  nvarchar(50) ALTER TABLE BtoAMainApp_Hist Add App_JC_Concluded_Remarks  nvarchar(max) ALTER TABLE BtoAMainApp_Hist Add App_IsGovtProperty   bit ALTER TABLE BtoAMainApp_Hist Add isApp_AreaVerificationRequired  bit ALTER TABLE BtoAMainApp_Hist Add App_AreaVerified  bit ALTER TABLE BtoAMainApp_Hist Add App_AreaVerifiedDate datetime  ALTER TABLE BtoAMainApp_Hist Add App_AreaVerifiedRemarks  nvarchar(max)",,
18-09-2026 11:18,INFRA\bbmpuser2,INFRA\bbmpuser2,KhataBtoA_preprod,BBMP-DB-VP-15,Microsoft SQL Server Management Studio - Query,95,"ALTER TABLE BtoAMainApp_Hist Add App_isBlockedInEaasthi		int ALTER TABLE BtoAMainApp_Hist Add App_ProcessingFeePaidDate  datetime ALTER TABLE BtoAMainApp_Hist Add App_JCMovedDate  datetime ALTER TABLE BtoAMainApp_Hist Add IsApp_JCAutoApproved  bit  ALTER TABLE BtoAMainApp_Hist Add App_JCApprovedDate  datetime  ALTER TABLE BtoAMainApp_Hist Add IsApp_MasterPlanMismatch   bit ALTER TABLE BtoAMainApp_Hist Add App_MasterPlanMismatchVerified bit   ALTER TABLE BtoAMainApp_Hist Add App_MasterPlanMismatchVerifiedDate datetime  ALTER TABLE BtoAMainApp_Hist Add IsApp_PropertyVerificationRequired bit  ALTER TABLE BtoAMainApp_Hist Add App_PropertyVerified   bit ALTER TABLE BtoAMainApp_Hist Add App_PropertyVerifiedDate  datetime ALTER TABLE BtoAMainApp_Hist Add App_Concluded_PropertyUseType  nvarchar(50) ALTER TABLE BtoAMainApp_Hist Add App_JC_Concluded_Remarks  nvarchar(max) ALTER TABLE BtoAMainApp_Hist Add App_IsGovtProperty   bit ALTER TABLE BtoAMainApp_Hist Add isApp_AreaVerificationRequired  bit ALTER TABLE BtoAMainApp_Hist Add App_AreaVerified  bit ALTER TABLE BtoAMainApp_Hist Add App_AreaVerifiedDate datetime  ALTER TABLE BtoAMainApp_Hist Add App_AreaVerifiedRemarks  nvarchar(max)",,
18-09-2026 11:18,INFRA\bbmpuser2,INFRA\bbmpuser2,KhataBtoA_preprod,BBMP-DB-VP-15,Microsoft SQL Server Management Studio - Query,95,"ALTER TABLE BtoAMainApp_Hist Add App_isBlockedInEaasthi		int ALTER TABLE BtoAMainApp_Hist Add App_ProcessingFeePaidDate  datetime ALTER TABLE BtoAMainApp_Hist Add App_JCMovedDate  datetime ALTER TABLE BtoAMainApp_Hist Add IsApp_JCAutoApproved  bit  ALTER TABLE BtoAMainApp_Hist Add App_JCApprovedDate  datetime  ALTER TABLE BtoAMainApp_Hist Add IsApp_MasterPlanMismatch   bit ALTER TABLE BtoAMainApp_Hist Add App_MasterPlanMismatchVerified bit   ALTER TABLE BtoAMainApp_Hist Add App_MasterPlanMismatchVerifiedDate datetime  ALTER TABLE BtoAMainApp_Hist Add IsApp_PropertyVerificationRequired bit  ALTER TABLE BtoAMainApp_Hist Add App_PropertyVerified   bit ALTER TABLE BtoAMainApp_Hist Add App_PropertyVerifiedDate  datetime ALTER TABLE BtoAMainApp_Hist Add App_Concluded_PropertyUseType  nvarchar(50) ALTER TABLE BtoAMainApp_Hist Add App_JC_Concluded_Remarks  nvarchar(max) ALTER TABLE BtoAMainApp_Hist Add App_IsGovtProperty   bit ALTER TABLE BtoAMainApp_Hist Add isApp_AreaVerificationRequired  bit ALTER TABLE BtoAMainApp_Hist Add App_AreaVerified  bit ALTER TABLE BtoAMainApp_Hist Add App_AreaVerifiedDate datetime  ALTER TABLE BtoAMainApp_Hist Add App_AreaVerifiedRemarks  nvarchar(max)",,
18-09-2026 11:18,INFRA\bbmpuser2,INFRA\bbmpuser2,KhataBtoA_preprod,BBMP-DB-VP-15,Microsoft SQL Server Management Studio - Query,95,"ALTER TABLE BtoAMainApp_Hist Add App_isBlockedInEaasthi		int ALTER TABLE BtoAMainApp_Hist Add App_ProcessingFeePaidDate  datetime ALTER TABLE BtoAMainApp_Hist Add App_JCMovedDate  datetime ALTER TABLE BtoAMainApp_Hist Add IsApp_JCAutoApproved  bit  ALTER TABLE BtoAMainApp_Hist Add App_JCApprovedDate  datetime  ALTER TABLE BtoAMainApp_Hist Add IsApp_MasterPlanMismatch   bit ALTER TABLE BtoAMainApp_Hist Add App_MasterPlanMismatchVerified bit   ALTER TABLE BtoAMainApp_Hist Add App_MasterPlanMismatchVerifiedDate datetime  ALTER TABLE BtoAMainApp_Hist Add IsApp_PropertyVerificationRequired bit  ALTER TABLE BtoAMainApp_Hist Add App_PropertyVerified   bit ALTER TABLE BtoAMainApp_Hist Add App_PropertyVerifiedDate  datetime ALTER TABLE BtoAMainApp_Hist Add App_Concluded_PropertyUseType  nvarchar(50) ALTER TABLE BtoAMainApp_Hist Add App_JC_Concluded_Remarks  nvarchar(max) ALTER TABLE BtoAMainApp_Hist Add App_IsGovtProperty   bit ALTER TABLE BtoAMainApp_Hist Add isApp_AreaVerificationRequired  bit ALTER TABLE BtoAMainApp_Hist Add App_AreaVerified  bit ALTER TABLE BtoAMainApp_Hist Add App_AreaVerifiedDate datetime  ALTER TABLE BtoAMainApp_Hist Add App_AreaVerifiedRemarks  nvarchar(max)",,
18-09-2026 11:18,INFRA\bbmpuser2,INFRA\bbmpuser2,KhataBtoA_preprod,BBMP-DB-VP-15,Microsoft SQL Server Management Studio - Query,95,"ALTER TABLE BtoAMainApp_Hist Add App_isBlockedInEaasthi		int ALTER TABLE BtoAMainApp_Hist Add App_ProcessingFeePaidDate  datetime ALTER TABLE BtoAMainApp_Hist Add App_JCMovedDate  datetime ALTER TABLE BtoAMainApp_Hist Add IsApp_JCAutoApproved  bit  ALTER TABLE BtoAMainApp_Hist Add App_JCApprovedDate  datetime  ALTER TABLE BtoAMainApp_Hist Add IsApp_MasterPlanMismatch   bit ALTER TABLE BtoAMainApp_Hist Add App_MasterPlanMismatchVerified bit   ALTER TABLE BtoAMainApp_Hist Add App_MasterPlanMismatchVerifiedDate datetime  ALTER TABLE BtoAMainApp_Hist Add IsApp_PropertyVerificationRequired bit  ALTER TABLE BtoAMainApp_Hist Add App_PropertyVerified   bit ALTER TABLE BtoAMainApp_Hist Add App_PropertyVerifiedDate  datetime ALTER TABLE BtoAMainApp_Hist Add App_Concluded_PropertyUseType  nvarchar(50) ALTER TABLE BtoAMainApp_Hist Add App_JC_Concluded_Remarks  nvarchar(max) ALTER TABLE BtoAMainApp_Hist Add App_IsGovtProperty   bit ALTER TABLE BtoAMainApp_Hist Add isApp_AreaVerificationRequired  bit ALTER TABLE BtoAMainApp_Hist Add App_AreaVerified  bit ALTER TABLE BtoAMainApp_Hist Add App_AreaVerifiedDate datetime  ALTER TABLE BtoAMainApp_Hist Add App_AreaVerifiedRemarks  nvarchar(max)",,
18-09-2026 11:18,INFRA\bbmpuser2,INFRA\bbmpuser2,KhataBtoA_preprod,BBMP-DB-VP-15,Microsoft SQL Server Management Studio - Query,95,"ALTER TABLE BtoAMainApp_Hist Add App_isBlockedInEaasthi		int ALTER TABLE BtoAMainApp_Hist Add App_ProcessingFeePaidDate  datetime ALTER TABLE BtoAMainApp_Hist Add App_JCMovedDate  datetime ALTER TABLE BtoAMainApp_Hist Add IsApp_JCAutoApproved  bit  ALTER TABLE BtoAMainApp_Hist Add App_JCApprovedDate  datetime  ALTER TABLE BtoAMainApp_Hist Add IsApp_MasterPlanMismatch   bit ALTER TABLE BtoAMainApp_Hist Add App_MasterPlanMismatchVerified bit   ALTER TABLE BtoAMainApp_Hist Add App_MasterPlanMismatchVerifiedDate datetime  ALTER TABLE BtoAMainApp_Hist Add IsApp_PropertyVerificationRequired bit  ALTER TABLE BtoAMainApp_Hist Add App_PropertyVerified   bit ALTER TABLE BtoAMainApp_Hist Add App_PropertyVerifiedDate  datetime ALTER TABLE BtoAMainApp_Hist Add App_Concluded_PropertyUseType  nvarchar(50) ALTER TABLE BtoAMainApp_Hist Add App_JC_Concluded_Remarks  nvarchar(max) ALTER TABLE BtoAMainApp_Hist Add App_IsGovtProperty   bit ALTER TABLE BtoAMainApp_Hist Add isApp_AreaVerificationRequired  bit ALTER TABLE BtoAMainApp_Hist Add App_AreaVerified  bit ALTER TABLE BtoAMainApp_Hist Add App_AreaVerifiedDate datetime  ALTER TABLE BtoAMainApp_Hist Add App_AreaVerifiedRemarks  nvarchar(max)",,
18-09-2026 11:18,INFRA\bbmpuser2,INFRA\bbmpuser2,KhataBtoA_preprod,BBMP-DB-VP-15,Microsoft SQL Server Management Studio - Query,95,"ALTER TABLE BtoAMainApp_Hist Add App_isBlockedInEaasthi		int ALTER TABLE BtoAMainApp_Hist Add App_ProcessingFeePaidDate  datetime ALTER TABLE BtoAMainApp_Hist Add App_JCMovedDate  datetime ALTER TABLE BtoAMainApp_Hist Add IsApp_JCAutoApproved  bit  ALTER TABLE BtoAMainApp_Hist Add App_JCApprovedDate  datetime  ALTER TABLE BtoAMainApp_Hist Add IsApp_MasterPlanMismatch   bit ALTER TABLE BtoAMainApp_Hist Add App_MasterPlanMismatchVerified bit   ALTER TABLE BtoAMainApp_Hist Add App_MasterPlanMismatchVerifiedDate datetime  ALTER TABLE BtoAMainApp_Hist Add IsApp_PropertyVerificationRequired bit  ALTER TABLE BtoAMainApp_Hist Add App_PropertyVerified   bit ALTER TABLE BtoAMainApp_Hist Add App_PropertyVerifiedDate  datetime ALTER TABLE BtoAMainApp_Hist Add App_Concluded_PropertyUseType  nvarchar(50) ALTER TABLE BtoAMainApp_Hist Add App_JC_Concluded_Remarks  nvarchar(max) ALTER TABLE BtoAMainApp_Hist Add App_IsGovtProperty   bit ALTER TABLE BtoAMainApp_Hist Add isApp_AreaVerificationRequired  bit ALTER TABLE BtoAMainApp_Hist Add App_AreaVerified  bit ALTER TABLE BtoAMainApp_Hist Add App_AreaVerifiedDate datetime  ALTER TABLE BtoAMainApp_Hist Add App_AreaVerifiedRemarks  nvarchar(max)",,
18-09-2026 11:18,INFRA\bbmpuser2,INFRA\bbmpuser2,KhataBtoA_preprod,BBMP-DB-VP-15,Microsoft SQL Server Management Studio - Query,95,"ALTER TABLE BtoAMainApp_Hist Add App_isBlockedInEaasthi		int ALTER TABLE BtoAMainApp_Hist Add App_ProcessingFeePaidDate  datetime ALTER TABLE BtoAMainApp_Hist Add App_JCMovedDate  datetime ALTER TABLE BtoAMainApp_Hist Add IsApp_JCAutoApproved  bit  ALTER TABLE BtoAMainApp_Hist Add App_JCApprovedDate  datetime  ALTER TABLE BtoAMainApp_Hist Add IsApp_MasterPlanMismatch   bit ALTER TABLE BtoAMainApp_Hist Add App_MasterPlanMismatchVerified bit   ALTER TABLE BtoAMainApp_Hist Add App_MasterPlanMismatchVerifiedDate datetime  ALTER TABLE BtoAMainApp_Hist Add IsApp_PropertyVerificationRequired bit  ALTER TABLE BtoAMainApp_Hist Add App_PropertyVerified   bit ALTER TABLE BtoAMainApp_Hist Add App_PropertyVerifiedDate  datetime ALTER TABLE BtoAMainApp_Hist Add App_Concluded_PropertyUseType  nvarchar(50) ALTER TABLE BtoAMainApp_Hist Add App_JC_Concluded_Remarks  nvarchar(max) ALTER TABLE BtoAMainApp_Hist Add App_IsGovtProperty   bit ALTER TABLE BtoAMainApp_Hist Add isApp_AreaVerificationRequired  bit ALTER TABLE BtoAMainApp_Hist Add App_AreaVerified  bit ALTER TABLE BtoAMainApp_Hist Add App_AreaVerifiedDate datetime  ALTER TABLE BtoAMainApp_Hist Add App_AreaVerifiedRemarks  nvarchar(max)",,
18-09-2026 11:18,INFRA\bbmpuser2,INFRA\bbmpuser2,KhataBtoA_preprod,BBMP-DB-VP-15,Microsoft SQL Server Management Studio - Query,95,"ALTER TABLE BtoAMainApp_Hist Add App_isBlockedInEaasthi		int ALTER TABLE BtoAMainApp_Hist Add App_ProcessingFeePaidDate  datetime ALTER TABLE BtoAMainApp_Hist Add App_JCMovedDate  datetime ALTER TABLE BtoAMainApp_Hist Add IsApp_JCAutoApproved  bit  ALTER TABLE BtoAMainApp_Hist Add App_JCApprovedDate  datetime  ALTER TABLE BtoAMainApp_Hist Add IsApp_MasterPlanMismatch   bit ALTER TABLE BtoAMainApp_Hist Add App_MasterPlanMismatchVerified bit   ALTER TABLE BtoAMainApp_Hist Add App_MasterPlanMismatchVerifiedDate datetime  ALTER TABLE BtoAMainApp_Hist Add IsApp_PropertyVerificationRequired bit  ALTER TABLE BtoAMainApp_Hist Add App_PropertyVerified   bit ALTER TABLE BtoAMainApp_Hist Add App_PropertyVerifiedDate  datetime ALTER TABLE BtoAMainApp_Hist Add App_Concluded_PropertyUseType  nvarchar(50) ALTER TABLE BtoAMainApp_Hist Add App_JC_Concluded_Remarks  nvarchar(max) ALTER TABLE BtoAMainApp_Hist Add App_IsGovtProperty   bit ALTER TABLE BtoAMainApp_Hist Add isApp_AreaVerificationRequired  bit ALTER TABLE BtoAMainApp_Hist Add App_AreaVerified  bit ALTER TABLE BtoAMainApp_Hist Add App_AreaVerifiedDate datetime  ALTER TABLE BtoAMainApp_Hist Add App_AreaVerifiedRemarks  nvarchar(max)",,
18-09-2026 11:18,INFRA\bbmpuser2,INFRA\bbmpuser2,KhataBtoA_preprod,BBMP-DB-VP-15,Microsoft SQL Server Management Studio - Query,95,"ALTER TABLE BtoAMainApp_Hist Add App_isBlockedInEaasthi		int ALTER TABLE BtoAMainApp_Hist Add App_ProcessingFeePaidDate  datetime ALTER TABLE BtoAMainApp_Hist Add App_JCMovedDate  datetime ALTER TABLE BtoAMainApp_Hist Add IsApp_JCAutoApproved  bit  ALTER TABLE BtoAMainApp_Hist Add App_JCApprovedDate  datetime  ALTER TABLE BtoAMainApp_Hist Add IsApp_MasterPlanMismatch   bit ALTER TABLE BtoAMainApp_Hist Add App_MasterPlanMismatchVerified bit   ALTER TABLE BtoAMainApp_Hist Add App_MasterPlanMismatchVerifiedDate datetime  ALTER TABLE BtoAMainApp_Hist Add IsApp_PropertyVerificationRequired bit  ALTER TABLE BtoAMainApp_Hist Add App_PropertyVerified   bit ALTER TABLE BtoAMainApp_Hist Add App_PropertyVerifiedDate  datetime ALTER TABLE BtoAMainApp_Hist Add App_Concluded_PropertyUseType  nvarchar(50) ALTER TABLE BtoAMainApp_Hist Add App_JC_Concluded_Remarks  nvarchar(max) ALTER TABLE BtoAMainApp_Hist Add App_IsGovtProperty   bit ALTER TABLE BtoAMainApp_Hist Add isApp_AreaVerificationRequired  bit ALTER TABLE BtoAMainApp_Hist Add App_AreaVerified  bit ALTER TABLE BtoAMainApp_Hist Add App_AreaVerifiedDate datetime  ALTER TABLE BtoAMainApp_Hist Add App_AreaVerifiedRemarks  nvarchar(max)",,
18-09-2026 11:18,INFRA\bbmpuser2,INFRA\bbmpuser2,KhataBtoA_preprod,BBMP-DB-VP-15,Microsoft SQL Server Management Studio - Query,95,"ALTER TABLE BtoAMainApp_Hist Add App_isBlockedInEaasthi		int ALTER TABLE BtoAMainApp_Hist Add App_ProcessingFeePaidDate  datetime ALTER TABLE BtoAMainApp_Hist Add App_JCMovedDate  datetime ALTER TABLE BtoAMainApp_Hist Add IsApp_JCAutoApproved  bit  ALTER TABLE BtoAMainApp_Hist Add App_JCApprovedDate  datetime  ALTER TABLE BtoAMainApp_Hist Add IsApp_MasterPlanMismatch   bit ALTER TABLE BtoAMainApp_Hist Add App_MasterPlanMismatchVerified bit   ALTER TABLE BtoAMainApp_Hist Add App_MasterPlanMismatchVerifiedDate datetime  ALTER TABLE BtoAMainApp_Hist Add IsApp_PropertyVerificationRequired bit  ALTER TABLE BtoAMainApp_Hist Add App_PropertyVerified   bit ALTER TABLE BtoAMainApp_Hist Add App_PropertyVerifiedDate  datetime ALTER TABLE BtoAMainApp_Hist Add App_Concluded_PropertyUseType  nvarchar(50) ALTER TABLE BtoAMainApp_Hist Add App_JC_Concluded_Remarks  nvarchar(max) ALTER TABLE BtoAMainApp_Hist Add App_IsGovtProperty   bit ALTER TABLE BtoAMainApp_Hist Add isApp_AreaVerificationRequired  bit ALTER TABLE BtoAMainApp_Hist Add App_AreaVerified  bit ALTER TABLE BtoAMainApp_Hist Add App_AreaVerifiedDate datetime  ALTER TABLE BtoAMainApp_Hist Add App_AreaVerifiedRemarks  nvarchar(max)",,
18-09-2026 11:18,INFRA\bbmpuser2,INFRA\bbmpuser2,KhataBtoA_preprod,BBMP-DB-VP-15,Microsoft SQL Server Management Studio - Query,95,"ALTER TABLE BtoAMainApp_Hist Add App_isBlockedInEaasthi		int ALTER TABLE BtoAMainApp_Hist Add App_ProcessingFeePaidDate  datetime ALTER TABLE BtoAMainApp_Hist Add App_JCMovedDate  datetime ALTER TABLE BtoAMainApp_Hist Add IsApp_JCAutoApproved  bit  ALTER TABLE BtoAMainApp_Hist Add App_JCApprovedDate  datetime  ALTER TABLE BtoAMainApp_Hist Add IsApp_MasterPlanMismatch   bit ALTER TABLE BtoAMainApp_Hist Add App_MasterPlanMismatchVerified bit   ALTER TABLE BtoAMainApp_Hist Add App_MasterPlanMismatchVerifiedDate datetime  ALTER TABLE BtoAMainApp_Hist Add IsApp_PropertyVerificationRequired bit  ALTER TABLE BtoAMainApp_Hist Add App_PropertyVerified   bit ALTER TABLE BtoAMainApp_Hist Add App_PropertyVerifiedDate  datetime ALTER TABLE BtoAMainApp_Hist Add App_Concluded_PropertyUseType  nvarchar(50) ALTER TABLE BtoAMainApp_Hist Add App_JC_Concluded_Remarks  nvarchar(max) ALTER TABLE BtoAMainApp_Hist Add App_IsGovtProperty   bit ALTER TABLE BtoAMainApp_Hist Add isApp_AreaVerificationRequired  bit ALTER TABLE BtoAMainApp_Hist Add App_AreaVerified  bit ALTER TABLE BtoAMainApp_Hist Add App_AreaVerifiedDate datetime  ALTER TABLE BtoAMainApp_Hist Add App_AreaVerifiedRemarks  nvarchar(max)",,
18-09-2026 11:18,INFRA\bbmpuser2,INFRA\bbmpuser2,KhataBtoA_preprod,BBMP-DB-VP-15,Microsoft SQL Server Management Studio - Query,95,"ALTER TABLE BtoAMainApp_Hist Add App_isBlockedInEaasthi		int ALTER TABLE BtoAMainApp_Hist Add App_ProcessingFeePaidDate  datetime ALTER TABLE BtoAMainApp_Hist Add App_JCMovedDate  datetime ALTER TABLE BtoAMainApp_Hist Add IsApp_JCAutoApproved  bit  ALTER TABLE BtoAMainApp_Hist Add App_JCApprovedDate  datetime  ALTER TABLE BtoAMainApp_Hist Add IsApp_MasterPlanMismatch   bit ALTER TABLE BtoAMainApp_Hist Add App_MasterPlanMismatchVerified bit   ALTER TABLE BtoAMainApp_Hist Add App_MasterPlanMismatchVerifiedDate datetime  ALTER TABLE BtoAMainApp_Hist Add IsApp_PropertyVerificationRequired bit  ALTER TABLE BtoAMainApp_Hist Add App_PropertyVerified   bit ALTER TABLE BtoAMainApp_Hist Add App_PropertyVerifiedDate  datetime ALTER TABLE BtoAMainApp_Hist Add App_Concluded_PropertyUseType  nvarchar(50) ALTER TABLE BtoAMainApp_Hist Add App_JC_Concluded_Remarks  nvarchar(max) ALTER TABLE BtoAMainApp_Hist Add App_IsGovtProperty   bit ALTER TABLE BtoAMainApp_Hist Add isApp_AreaVerificationRequired  bit ALTER TABLE BtoAMainApp_Hist Add App_AreaVerified  bit ALTER TABLE BtoAMainApp_Hist Add App_AreaVerifiedDate datetime  ALTER TABLE BtoAMainApp_Hist Add App_AreaVerifiedRemarks  nvarchar(max)",,
18-09-2026 11:18,INFRA\bbmpuser2,INFRA\bbmpuser2,KhataBtoA_preprod,BBMP-DB-VP-15,Microsoft SQL Server Management Studio - Query,95,"ALTER TABLE BtoAMainApp_Hist Add App_isBlockedInEaasthi		int ALTER TABLE BtoAMainApp_Hist Add App_ProcessingFeePaidDate  datetime ALTER TABLE BtoAMainApp_Hist Add App_JCMovedDate  datetime ALTER TABLE BtoAMainApp_Hist Add IsApp_JCAutoApproved  bit  ALTER TABLE BtoAMainApp_Hist Add App_JCApprovedDate  datetime  ALTER TABLE BtoAMainApp_Hist Add IsApp_MasterPlanMismatch   bit ALTER TABLE BtoAMainApp_Hist Add App_MasterPlanMismatchVerified bit   ALTER TABLE BtoAMainApp_Hist Add App_MasterPlanMismatchVerifiedDate datetime  ALTER TABLE BtoAMainApp_Hist Add IsApp_PropertyVerificationRequired bit  ALTER TABLE BtoAMainApp_Hist Add App_PropertyVerified   bit ALTER TABLE BtoAMainApp_Hist Add App_PropertyVerifiedDate  datetime ALTER TABLE BtoAMainApp_Hist Add App_Concluded_PropertyUseType  nvarchar(50) ALTER TABLE BtoAMainApp_Hist Add App_JC_Concluded_Remarks  nvarchar(max) ALTER TABLE BtoAMainApp_Hist Add App_IsGovtProperty   bit ALTER TABLE BtoAMainApp_Hist Add isApp_AreaVerificationRequired  bit ALTER TABLE BtoAMainApp_Hist Add App_AreaVerified  bit ALTER TABLE BtoAMainApp_Hist Add App_AreaVerifiedDate datetime  ALTER TABLE BtoAMainApp_Hist Add App_AreaVerifiedRemarks  nvarchar(max)",,
18-09-2026 11:18,INFRA\bbmpuser2,INFRA\bbmpuser2,KhataBtoA_preprod,BBMP-DB-VP-15,Microsoft SQL Server Management Studio - Query,95,"ALTER TABLE BtoAMainApp_Hist Add App_isBlockedInEaasthi		int ALTER TABLE BtoAMainApp_Hist Add App_ProcessingFeePaidDate  datetime ALTER TABLE BtoAMainApp_Hist Add App_JCMovedDate  datetime ALTER TABLE BtoAMainApp_Hist Add IsApp_JCAutoApproved  bit  ALTER TABLE BtoAMainApp_Hist Add App_JCApprovedDate  datetime  ALTER TABLE BtoAMainApp_Hist Add IsApp_MasterPlanMismatch   bit ALTER TABLE BtoAMainApp_Hist Add App_MasterPlanMismatchVerified bit   ALTER TABLE BtoAMainApp_Hist Add App_MasterPlanMismatchVerifiedDate datetime  ALTER TABLE BtoAMainApp_Hist Add IsApp_PropertyVerificationRequired bit  ALTER TABLE BtoAMainApp_Hist Add App_PropertyVerified   bit ALTER TABLE BtoAMainApp_Hist Add App_PropertyVerifiedDate  datetime ALTER TABLE BtoAMainApp_Hist Add App_Concluded_PropertyUseType  nvarchar(50) ALTER TABLE BtoAMainApp_Hist Add App_JC_Concluded_Remarks  nvarchar(max) ALTER TABLE BtoAMainApp_Hist Add App_IsGovtProperty   bit ALTER TABLE BtoAMainApp_Hist Add isApp_AreaVerificationRequired  bit ALTER TABLE BtoAMainApp_Hist Add App_AreaVerified  bit ALTER TABLE BtoAMainApp_Hist Add App_AreaVerifiedDate datetime  ALTER TABLE BtoAMainApp_Hist Add App_AreaVerifiedRemarks  nvarchar(max)",,
18-09-2026 11:18,INFRA\bbmpuser2,INFRA\bbmpuser2,KhataBtoA_preprod,BBMP-DB-VP-15,Microsoft SQL Server Management Studio - Query,94,"",,
18-09-2026 11:18,INFRA\bbmpuser2,INFRA\bbmpuser2,KhataBtoA_preprod,BBMP-DB-VP-15,Microsoft SQL Server Management Studio - Query,87,"CREATE PROC USP_S_BtoA_JC_SiteDimensionDtls @Level int, @SiteDim_AppId int AS  BEgin if(@Level=1) begin select [SiteDim_Siteid],                 [SiteDim_AppId],                 [SiteDim_SideInFt],                 [SiteDim_SideInMt],                 [SiteDim_RoadFacing],                 [SiteDim_Active],                 [SiteDim_Remarks],                 [SiteDim_AdditionalInfo] from [BtoA_JC_SiteDimension] where [SiteDim_AppId]=@SiteDim_AppId and SiteDim_Active=1 end  else begin select [SiteDim_Siteid],                 [SiteDim_AppId],                 [SiteDim_SideInFt],                 [SiteDim_SideInMt],                 [SiteDim_RoadFacing],                 [SiteDim_Active],                 [SiteDim_Remarks],                 [SiteDim_AdditionalInfo] from [BtoA_JC_SiteDimension] where 0=0 end end",,
18-09-2026 11:18,INFRA\bbmpuser2,INFRA\bbmpuser2,KhataBtoA_preprod,BBMP-DB-VP-15,Microsoft SQL Server Management Studio - Query,85,"  ALTER   PROCEDURE [dbo].[USP_IU_BtoA_JC_SiteDimension] (     @SiteDim_id             INT = NULL,     @SiteDim_Siteid         INT = NULL,     @SiteDim_AppId          INT = NULL,     @SiteDim_SideInFt       DECIMAL(18,2) = NULL,     @SiteDim_SideInMt       DECIMAL(18,2) = NULL,     @SiteDim_RoadFacing     INT = NULL,     @SiteDim_Active         BIT = NULL,     @SiteDim_Remarks        NVARCHAR(MAX) = NULL,     @SiteDim_AdditionalInfo NVARCHAR(MAX) = NULL,     @SiteDim_IPAddress      NVARCHAR(16) = NULL,     @SiteDim_CBy            NVARCHAR(10) = NULL,     @SiteDim_CName          NVARCHAR(2000) = NULL,     @SiteDim_CRole          NVARCHAR(200) = NULL ) AS BEGIN     SET NOCOUNT ON;      BEGIN TRY          IF ISNULL(@SiteDim_id, 0) = 0         BEGIN 			              -- INSERT             INSERT INTO [dbo].[BtoA_JC_SiteDimension]             (                 [SiteDim_Siteid],                 [SiteDim_AppId],                 [SiteDim_SideInFt],                 [SiteDim_SideInMt],                 [SiteDim_RoadFacing],                 [SiteDim_Active],                 [SiteDim_Remarks],                 [SiteDim_AdditionalInfo],                 [SiteDim_IPAddress],                 [SiteDim_CBy],                 [SiteDim_CName],                 [SiteDim_CRole],                 [SiteDim_CDate]             )             VALUES             (                 @SiteDim_Siteid,                 @SiteDim_AppId,                 @SiteDim_SideInFt,                 @SiteDim_SideInMt,                 @SiteDim_RoadFacing,                 ISNULL(@SiteDim_Active, 1),                 @SiteDim_Remarks,                 @SiteDim_AdditionalInfo,                 @SiteDim_IPAddress,                 @SiteDim_CBy,                 @SiteDim_CName,                 @SiteDim_CRole,                 GETDATE()             );              SET @SiteDim_id = SCOPE_IDENTITY();               SELECT             @SiteDim_id AS Result,  			ERROR_MESSAGE() AS Message,             cast(1 as bit) as Status, 		    @SiteDim_id as SiteDim_id          END         ELSE         BEGIN             -- UPDATE             UPDATE [dbo].[BtoA_JC_SiteDimension]             SET                 [SiteDim_Siteid]         = @SiteDim_Siteid,                 [SiteDim_AppId]          = @SiteDim_AppId,                 [SiteDim_SideInFt]       = @SiteDim_SideInFt,                 [SiteDim_SideInMt]       = @SiteDim_SideInMt,                 [SiteDim_RoadFacing]     = @SiteDim_RoadFacing,                 [SiteDim_Active]         = @SiteDim_Active,                 [SiteDim_Remarks]        = @SiteDim_Remarks,                 [SiteDim_AdditionalInfo] = @SiteDim_AdditionalInfo,                 [SiteDim_IPAddress]      = @SiteDim_IPAddress,                 [SiteDim_UBy]            = @SiteDim_CBy,                 [SiteDim_UName]          = @SiteDim_CName,                 [SiteDim_URole]          = @SiteDim_CRole,                 [SiteDim_UDate]          = GETDATE()             WHERE [SiteDim_id] = @SiteDim_id;              IF @@ROWCOUNT = 0             BEGIN                    SELECT             @SiteDim_id AS Result, ERROR_MESSAGE() AS Message,             cast(0 as bit) as Status, 		    @SiteDim_id as SiteDim_id             END             ELSE             BEGIN            SELECT             @SiteDim_id AS Result,  			ERROR_MESSAGE() AS Message,             cast(1 as bit) as Status, 		    @SiteDim_id as SiteDim_id             END         END      END TRY     BEGIN CATCH            SELECT             @SiteDim_id AS Result,  			ERROR_MESSAGE() AS Message,             cast(0 as bit) as Status, 		    @SiteDim_id as SiteDim_id      END CATCH END;    ",,
18-09-2026 11:17,INFRA\bbmpuser2,INFRA\bbmpuser2,KhataBtoA_preprod,BBMP-DB-VP-15,Microsoft SQL Server Management Studio - Query,83,"",,
18-09-2026 11:17,INFRA\bbmpuser2,INFRA\bbmpuser2,KhataBtoA_preprod,BBMP-DB-VP-15,Microsoft SQL Server Management Studio - Query,79, ALTER TABLE BtoAMainApp ADD isApp_AreaVerificationRequired bit   ALTER TABLE BtoAMainApp ADD App_AreaVerified bit   ALTER TABLE BtoAMainApp ADD App_AreaVerifiedDate datetime     ALTER TABLE BtoAMainApp ADD App_AreaVerifiedRemarks nvarchar(max),,
18-09-2026 11:17,INFRA\bbmpuser2,INFRA\bbmpuser2,KhataBtoA_preprod,BBMP-DB-VP-15,Microsoft SQL Server Management Studio - Query,79, ALTER TABLE BtoAMainApp ADD isApp_AreaVerificationRequired bit   ALTER TABLE BtoAMainApp ADD App_AreaVerified bit   ALTER TABLE BtoAMainApp ADD App_AreaVerifiedDate datetime     ALTER TABLE BtoAMainApp ADD App_AreaVerifiedRemarks nvarchar(max),,
18-09-2026 11:17,INFRA\bbmpuser2,INFRA\bbmpuser2,KhataBtoA_preprod,BBMP-DB-VP-15,Microsoft SQL Server Management Studio - Query,79, ALTER TABLE BtoAMainApp ADD isApp_AreaVerificationRequired bit   ALTER TABLE BtoAMainApp ADD App_AreaVerified bit   ALTER TABLE BtoAMainApp ADD App_AreaVerifiedDate datetime     ALTER TABLE BtoAMainApp ADD App_AreaVerifiedRemarks nvarchar(max),,
18-09-2026 11:17,INFRA\bbmpuser2,INFRA\bbmpuser2,KhataBtoA_preprod,BBMP-DB-VP-15,Microsoft SQL Server Management Studio - Query,79, ALTER TABLE BtoAMainApp ADD isApp_AreaVerificationRequired bit   ALTER TABLE BtoAMainApp ADD App_AreaVerified bit   ALTER TABLE BtoAMainApp ADD App_AreaVerifiedDate datetime     ALTER TABLE BtoAMainApp ADD App_AreaVerifiedRemarks nvarchar(max),,
18-09-2026 11:17,INFRA\bbmpuser2,INFRA\bbmpuser2,KhataBtoA_preprod,BBMP-DB-VP-15,Microsoft SQL Server Management Studio - Query,78,"CREATE OR ALTER PROCEDURE [dbo].[USP_IU_BtoA_JC_SiteDtls] (     @Site_Id              INT = NULL,     @Site_AppId           INT = NULL,     @Site_ShapeType       NVARCHAR(10) = NULL,     @Site_No              NVARCHAR(200) = NULL,     @Site_Area            NVARCHAR(200) = NULL,     @Site_TypeId          INT = NULL,     @Site_AreaInSqFt      DECIMAL(18,2) = NULL,     @Site_AreaInSqMt      DECIMAL(18,2) = NULL,     @Site_Latitude        NVARCHAR(30) = NULL,     @Site_Longitude       NVARCHAR(30) = NULL,     @Site_CornerPlot      BIT = NULL,     @Site_NoOfSides       INT = NULL,     @Site_North           NVARCHAR(300) = NULL,     @Site_South           NVARCHAR(300) = NULL,     @Site_East            NVARCHAR(300) = NULL,     @Site_West            NVARCHAR(300) = NULL,     @Site_Active          BIT = NULL,     @Site_Remarks         NVARCHAR(2000) = NULL,     @Site_AdditionalInfo  NVARCHAR(MAX) = NULL,     @Site_Ip_Address      NVARCHAR(16) = NULL,     @Site_CBy            int = NULL, 	@Site_CName           NVARCHAR(2000) = NULL,     @Site_CRole           NVARCHAR(200) = NULL ) AS BEGIN     SET NOCOUNT ON;      BEGIN TRY          IF ISNULL(@Site_Id, 0) = 0         BEGIN 	              -- INSERT             INSERT INTO [dbo].[BtoA_JC_SiteDtls]             (                 [Site_AppId],                 [Site_ShapeType],                 [Site_No],                 [Site_Area],                 [Site_TypeId],                 [Site_AreaInSqFt],                 [Site_AreaInSqMt],                 [Site_Latitude],                 [Site_Longitude],                 [Site_CornerPlot],                 [Site_NoOfSides],                 [Site_North],                 [Site_South],                 [Site_East],                 [Site_West],                 [Site_Active],                 [Site_Remarks],                 [Site_AdditionalInfo],                 [Site_Ip_Address], 				[Site_Cby],                 [Site_CDte],                 [Site_CName],                 [Site_CRole]             )             VALUES             (                 @Site_AppId,                 @Site_ShapeType,                 @Site_No,                 @Site_Area,                 @Site_TypeId,                 @Site_AreaInSqFt,                 @Site_AreaInSqMt,                 @Site_Latitude,                 @Site_Longitude,                 @Site_CornerPlot,                 @Site_NoOfSides,                 @Site_North,                 @Site_South,                 @Site_East,                 @Site_West,                 ISNULL(@Site_Active, 1),                 @Site_Remarks,                 @Site_AdditionalInfo,                 @Site_Ip_Address, 				  @Site_CBy,                 GETDATE(),                 @Site_CName,                 @Site_CRole             );              SET @Site_Id = SCOPE_IDENTITY();              SELECT                 @Site_Id AS Result, 				cast(1 as bit)	as Status,                 'Inserted Successfully' AS Message,                 @Site_Id AS Site_Id;         END         ELSE         BEGIN             -- UPDATE             UPDATE [dbo].[BtoA_JC_SiteDtls]             SET                 [Site_AppId]          = @Site_AppId,                 [Site_ShapeType]      = @Site_ShapeType,                 [Site_No]             = @Site_No,                 [Site_Area]           = @Site_Area,                 [Site_TypeId]         = @Site_TypeId,                 [Site_AreaInSqFt]     = @Site_AreaInSqFt,                 [Site_AreaInSqMt]     = @Site_AreaInSqMt,                 [Site_Latitude]       = @Site_Latitude,                 [Site_Longitude]      = @Site_Longitude,                 [Site_CornerPlot]     = @Site_CornerPlot,                 [Site_NoOfSides]      = @Site_NoOfSides,                 [Site_North]          = @Site_North,                 [Site_South]          = @Site_South,                 [Site_East]           = @Site_East,                 [Site_West]           = @Site_West,                 [Site_Active]         = @Site_Active,                 [Site_Remarks]        = @Site_Remarks,                 [Site_AdditionalInfo] = @Site_AdditionalInfo,                 [Site_Ip_Address]     = @Site_Ip_Address, 				[Site_UBy]          = @Site_CBy,                 [Site_UDte]           = GETDATE(),                 [Site_UName]          = @Site_CName,                 [Site_URole]          = @Site_CRole             WHERE [Site_Id] = @Site_Id;              IF @@ROWCOUNT = 0             BEGIN                 SELECT                     0 AS Result, 					cast(0 as bit) as Status,                     'Record Not Found' AS Message,                     @Site_Id AS Site_Id;             END             ELSE             BEGIN                 SELECT                     1 AS Result, 					cast(1 as bit) as Status,                     'Updated Successfully' AS Message,                     @Site_Id AS Site_Id;             END         END      END TRY     BEGIN CATCH          SELECT             400 AS Result,             ERROR_MESSAGE() AS Message,           cast(1 as bit) as Status, 		  @Site_Id as Site_Id      END CATCH END; ",,
18-09-2026 11:16,INFRA\bbmpuser2,INFRA\bbmpuser2,KhataBtoA_preprod,BBMP-DB-VP-15,Microsoft SQL Server Management Studio - Query,73,"  CREATE OR ALTER PROCEDURE [dbo].[USP_IU_BtoA_JC_SiteDimension] (     @SiteDim_id             INT = NULL,     @SiteDim_Siteid         INT = NULL,     @SiteDim_AppId          INT = NULL,     @SiteDim_SideInFt       DECIMAL(18,2) = NULL,     @SiteDim_SideInMt       DECIMAL(18,2) = NULL,     @SiteDim_RoadFacing     INT = NULL,     @SiteDim_Active         BIT = NULL,     @SiteDim_Remarks        NVARCHAR(MAX) = NULL,     @SiteDim_AdditionalInfo NVARCHAR(MAX) = NULL,     @SiteDim_IPAddress      NVARCHAR(16) = NULL,     @SiteDim_CBy            NVARCHAR(10) = NULL,     @SiteDim_CName          NVARCHAR(2000) = NULL,     @SiteDim_CRole          NVARCHAR(200) = NULL ) AS BEGIN     SET NOCOUNT ON;      BEGIN TRY          IF ISNULL(@SiteDim_id, 0) = 0         BEGIN             -- INSERT             INSERT INTO [dbo].[BtoA_JC_SiteDimension]             (                 [SiteDim_Siteid],                 [SiteDim_AppId],                 [SiteDim_SideInFt],                 [SiteDim_SideInMt],                 [SiteDim_RoadFacing],                 [SiteDim_Active],                 [SiteDim_Remarks],                 [SiteDim_AdditionalInfo],                 [SiteDim_IPAddress],                 [SiteDim_CBy],                 [SiteDim_CName],                 [SiteDim_CRole],                 [SiteDim_CDate]             )             VALUES             (                 @SiteDim_Siteid,                 @SiteDim_AppId,                 @SiteDim_SideInFt,                 @SiteDim_SideInMt,                 @SiteDim_RoadFacing,                 ISNULL(@SiteDim_Active, 1),                 @SiteDim_Remarks,                 @SiteDim_AdditionalInfo,                 @SiteDim_IPAddress,                 @SiteDim_CBy,                 @SiteDim_CName,                 @SiteDim_CRole,                 GETDATE()             );              SET @SiteDim_id = SCOPE_IDENTITY();               SELECT             @SiteDim_id AS Result,  			ERROR_MESSAGE() AS Message,             cast(1 as bit) as Status, 		    @SiteDim_id as SiteDim_id          END         ELSE         BEGIN             -- UPDATE             UPDATE [dbo].[BtoA_JC_SiteDimension]             SET                 [SiteDim_Siteid]         = @SiteDim_Siteid,                 [SiteDim_AppId]          = @SiteDim_AppId,                 [SiteDim_SideInFt]       = @SiteDim_SideInFt,                 [SiteDim_SideInMt]       = @SiteDim_SideInMt,                 [SiteDim_RoadFacing]     = @SiteDim_RoadFacing,                 [SiteDim_Active]         = @SiteDim_Active,                 [SiteDim_Remarks]        = @SiteDim_Remarks,                 [SiteDim_AdditionalInfo] = @SiteDim_AdditionalInfo,                 [SiteDim_IPAddress]      = @SiteDim_IPAddress,                 [SiteDim_UBy]            = @SiteDim_CBy,                 [SiteDim_UName]          = @SiteDim_CName,                 [SiteDim_URole]          = @SiteDim_CRole,                 [SiteDim_UDate]          = GETDATE()             WHERE [SiteDim_id] = @SiteDim_id;              IF @@ROWCOUNT = 0             BEGIN                    SELECT             @SiteDim_id AS Result, ERROR_MESSAGE() AS Message,             cast(0 as bit) as Status, 		    @SiteDim_id as SiteDim_id             END             ELSE             BEGIN            SELECT             @SiteDim_id AS Result,  			ERROR_MESSAGE() AS Message,             cast(1 as bit) as Status, 		    @SiteDim_id as SiteDim_id             END         END      END TRY     BEGIN CATCH            SELECT             @SiteDim_id AS Result,  			ERROR_MESSAGE() AS Message,             cast(0 as bit) as Status, 		    @SiteDim_id as SiteDim_id      END CATCH END;    ",,
18-09-2026 11:16,INFRA\bbmpuser2,INFRA\bbmpuser2,KhataBtoA_preprod,BBMP-DB-VP-15,Microsoft SQL Server Management Studio - Query,72," CREATE TABLE [dbo].[BtoA_JC_SiteDimension]( 	[SiteDim_id] [int] IDENTITY(1,1) NOT NULL, 	[SiteDim_Siteid] [int] NULL, 	[SiteDim_AppId] [int] NULL, 	[SiteDim_SideInFt] [decimal](18, 2) NULL, 	[SiteDim_SideInMt] [decimal](18, 2) NULL, 	[SiteDim_RoadFacing] [int] NULL, 	[SiteDim_Active] [bit] NULL, 	[SiteDim_Remarks] [nvarchar](max) NULL, 	[SiteDim_AdditionalInfo] [nvarchar](max) NULL, 	[SiteDim_IPAddress] [nvarchar](16) NULL, 	[SiteDim_CBy] [nvarchar](10) NULL, 	[SiteDim_CName] [nvarchar](2000) NULL, 	[SiteDim_CRole] [nvarchar](200) NULL, 	[SiteDim_CDate] [datetime] NULL, 	[SiteDim_UBy] [nvarchar](10) NULL, 	[SiteDim_UName] [nvarchar](2000) NULL, 	[SiteDim_URole] [nvarchar](200) NULL, 	[SiteDim_UDate] [datetime] NULL )   ",,
18-09-2026 11:16,INFRA\bbmpuser2,INFRA\bbmpuser2,KhataBtoA_preprod,BBMP-DB-VP-15,Microsoft SQL Server Management Studio - Query,53,"  CREATE TABLE [dbo].[BtoA_JC_SiteDtls](     [Site_Id] [int] IDENTITY(1,1) NOT NULL,     [Site_AppId] [int] NULL,     [Site_ShapeType] [nvarchar](10) NULL,     [Site_No] [nvarchar](200) NULL,     [Site_Area] [nvarchar](200) NULL,     [Site_TypeId] [int] NULL,     [Site_AreaInSqFt] [decimal](18, 2) NULL,     [Site_AreaInSqMt] [decimal](18, 2) NULL,     [Site_Latitude] [nvarchar](30) NULL,     [Site_Longitude] [nvarchar](30) NULL,     [Site_CornerPlot] [bit] NULL,     [Site_NoOfSides] [int] NULL,     [Site_North] [nvarchar](300) NULL,     [Site_South] [nvarchar](300) NULL,     [Site_East] [nvarchar](300) NULL,     [Site_West] [nvarchar](300) NULL,     [Site_Active] [bit] NULL,     [Site_Remarks] [nvarchar](2000) NULL,     [Site_AdditionalInfo] [nvarchar](max) NULL,     [Site_Ip_Address] [nvarchar](16) NULL,     [Site_CDte] [datetime2](7) NULL, 	[Site_CBy] int NULL,     [Site_CName] [nvarchar](2000) NULL,     [Site_CRole] int NULL,     [Site_UDte] [datetime2](7) NULL, 	[Site_UBy] int null,     [Site_UName] [nvarchar](2000) NULL,     [Site_URole]   int null ) ON [PRIMARY]; ",,
17-09-2026 17:31,INFRA\bbmpuser2,INFRA\bbmpuser2,KhataBtoA_prod,BBMP-DB-VP-15,Microsoft SQL Server Management Studio - Query,113,update BtoAMainApp set App_IsPushedToEaasthi=0 where App_Id=18628,,
17-09-2026 17:28,INFRA\bbmpuser2,INFRA\bbmpuser2,KhataBtoA_prod,BBMP-DB-VP-15,Microsoft SQL Server Management Studio - Query,109,update ekhata.dbo.KRS set krs_Is_Approved_inEaasthi=0 where KRS_ID=228279,,
17-09-2026 17:02,INFRA\bbmpuser2,INFRA\bbmpuser2,ekhata,BBMP-DB-VP-15,Microsoft SQL Server Management Studio - Query,129,"   ALTER proc [dbo].[USP_Sch_GetPendingKRSID]   as   begin          select  distinct top 5000    k.KRS_Id,KRS_MStsId,SchTRN_NoOfAttempt from KRS k with (nolock)    left join BBMp_Easthi_Schedular_Trn t with (nolock)   on k.KRS_Id = t.SchTRN_krs_id   and t.SchTRN_NoOfAttempt <10   and isnull(t.SchTRN_StatusId,0)=99 and t.SchTRN_sch_id=1    left join KRS_PropDetailsAsPerDeed d on k.KRS_Id=d.PDAD_KRS_ID   where    k.KRS_MStsId >=8 and KRS_Active=1   and isnull(k.KRS_EasthiSts_Id,0) not in (10,100) and isnull(t.SchTRN_NoOfAttempt,0) <10   and KRS_Id in ( (select KRS_Id from krs where KRS_MPT_ID in (1,2,3)   and KRS_MStsId in (8,10,14,11)))       and LEN(KRS_SASNo)=10  	 and len(KRS_EPID)=10  	 and isnull(KRS_EPID,'') <>'Cannot Generate EPID.Please Contact EAASTHI' 	 and isnull(PDAD_IsDeedBeforeOrAfter2004,'after') in  	 ( 	 'before', 'Notification', 'DevAprBDA', 'after', 	 'NoDeed', 'sarfaesi' 	 ) 	 	and KRS_Id not in (186230) 	 	  and  (isnull(KRS_IsSSA_applied,0)=0 or isnull(KRS_IsSSA_applied,0)=2 or  isnull(KRS_IsSSA_applied,0)=10 ) --	and KRS_EPID in --( --'5944414705' --)    order by KRS_Id asc   end  ",,
17-09-2026 17:02,INFRA\bbmpuser2,INFRA\bbmpuser2,ekhata,BBMP-DB-VP-15,Microsoft SQL Server Management Studio - Query,129,"   ALTER proc [dbo].[USP_Sch_GetPendingKRSID]   as   begin          select  distinct top 1000    k.KRS_Id,KRS_MStsId,SchTRN_NoOfAttempt from KRS k with (nolock)    left join BBMp_Easthi_Schedular_Trn t with (nolock)   on k.KRS_Id = t.SchTRN_krs_id   and t.SchTRN_NoOfAttempt <10   and isnull(t.SchTRN_StatusId,0)=99 and t.SchTRN_sch_id=1    left join KRS_PropDetailsAsPerDeed d on k.KRS_Id=d.PDAD_KRS_ID   where    k.KRS_MStsId >=8 and KRS_Active=1   and isnull(k.KRS_EasthiSts_Id,0) not in (10,100) and isnull(t.SchTRN_NoOfAttempt,0) <10   and KRS_Id in ( (select KRS_Id from krs where KRS_MPT_ID in (1,2,3)   and KRS_MStsId in (8,10,14,11)))       and LEN(KRS_SASNo)=10  	 and len(KRS_EPID)=10  	 and isnull(KRS_EPID,'') <>'Cannot Generate EPID.Please Contact EAASTHI' 	 and isnull(PDAD_IsDeedBeforeOrAfter2004,'after') in  	 ( 	 'before', 'Notification', 'DevAprBDA', 'after', 	 'NoDeed', 'sarfaesi' 	 ) 	 	and KRS_Id not in (186230) 	 	  and  (isnull(KRS_IsSSA_applied,0)=0 or isnull(KRS_IsSSA_applied,0)=2 or  isnull(KRS_IsSSA_applied,0)=10 ) --	and KRS_EPID in --( --'5944414705' --)    order by KRS_Id asc   end  ",,
17-09-2026 16:59,INFRA\bbmpuser2,INFRA\bbmpuser2,ekhata,BBMP-DB-VP-15,Microsoft SQL Server Management Studio - Query,129,update krs set KRS_IsSSA_applied=2 where KRS_EPID='3244150611',,
17-09-2026 16:58,INFRA\bbmpuser2,INFRA\bbmpuser2,ekhata,BBMP-DB-VP-15,Microsoft SQL Server Management Studio - Query,129,"   ALTER proc [dbo].[USP_Sch_GetPendingKRSID]   as   begin          select  distinct top 1000    k.KRS_Id,KRS_MStsId,SchTRN_NoOfAttempt from KRS k with (nolock)    left join BBMp_Easthi_Schedular_Trn t with (nolock)   on k.KRS_Id = t.SchTRN_krs_id   and t.SchTRN_NoOfAttempt <10   and isnull(t.SchTRN_StatusId,0)=99 and t.SchTRN_sch_id=1    left join KRS_PropDetailsAsPerDeed d on k.KRS_Id=d.PDAD_KRS_ID   where    k.KRS_MStsId >=8 and KRS_Active=1   and isnull(k.KRS_EasthiSts_Id,0) not in (10,100) and isnull(t.SchTRN_NoOfAttempt,0) <10   and KRS_Id in ( (select KRS_Id from krs where KRS_MPT_ID in (1,2,3)   and KRS_MStsId in (8,10,14,11)))       and LEN(KRS_SASNo)=10  	 and len(KRS_EPID)=10  	 and isnull(KRS_EPID,'') <>'Cannot Generate EPID.Please Contact EAASTHI' 	 and isnull(PDAD_IsDeedBeforeOrAfter2004,'after') in  	 ( 	 'before', 'Notification', 'DevAprBDA', 'after', 	 'NoDeed', 'sarfaesi' 	 ) 	 	and KRS_Id not in (186230) 	 	  and  (isnull(KRS_IsSSA_applied,0)=0 or isnull(KRS_IsSSA_applied,0)=2 or  isnull(KRS_IsSSA_applied,0)=10 ) 	and KRS_EPID in ( '3244150611' )    order by KRS_Id asc   end  ",,
17-09-2026 16:58,INFRA\bbmpuser2,INFRA\bbmpuser2,ekhata,BBMP-DB-VP-15,Microsoft SQL Server Management Studio - Query,129,update krs set KRS_EasthiSts_Id=0 where KRS_EPID='3244150611',,
17-09-2026 16:53,INFRA\bbmpuser2,INFRA\bbmpuser2,KhataBtoA_prod,BBMP-DB-VP14,Microsoft SQL Server Management Studio - Query,93,"update a set a.Ofcr_CorrectedCommercialArea=Ofcr_CorrectedResidentialArea, a.CommercialPlotareaAfterRoadWideninginSqmt=Ofcr_CorrectedResidentialArea from BtoA_MainApp_Officer a where a.ApplicationDisplayId=202606170044155",,
17-09-2026 16:38,INFRA\bbmpuser2,INFRA\bbmpuser2,Bbmp_PaymentGW_prod,BBMP-DB-VP14,Microsoft SQL Server Management Studio - Query,128,"ALTER PROCEDURE [dbo].[USP_S_GetPaymentApplicationStatuses]  @p_TopCount int  --Get count  AS BEGIN  /*   USP_S_GetPaymentApplicationStatuses 100000 USP_U_UpdatePayment_Case1 2526,'f9d1e1e1d63b47c29b82f7778db03b77','success',1  */ 	  	SELECT  	 distinct top (@p_TopCount) 	 B.PR_CSource,      B.PR_App_ID,       S.RS_status,       S.RS_IsConsideredForpayment,      S.RS_unmappedstatus,       B.PR_PG_Status,       B.PR_Status,       S.RS_txnid,       B.PR_TransactionId,  	  MD.isProcessingFeePaid, 	 MD.ProcessingFee,      S.RS_mihpayid,      GB.Mp_App_Id,       GB.Mp_GB_Id,      GB.Mp_Id,       GB.Mp_PG_Id,       GW.GW_VerifyURL,      GW.GW_BaseURL,      GW.GW_Saltkey,      GW.GW_MerchantId,      CZ.Citz_MNo AS mobileNumber,      --'7019353933' AS mobileNumber,      MD.App_MotherEPID AS EPID,       MD.App_MotherSASID AS SasNo,      MD.GBA AS Corporation 	 FROM KhataBtoA_prod.dbo.BtoAMainApp MD WITH (NOLOCK) --main app table      -- join PayReq table (main link)     INNER JOIN KhataBtoA_prod.dbo.BtoA_PayReq B WITH (NOLOCK)         ON B.PR_App_ID = MD.App_Id         AND B.PR_PG_Status <> 'success'          AND B.PR_Status = 'pending' 		        -- join payment gateway response     LEFT JOIN PG_ResponseSToS S WITH (NOLOCK)         ON S.RS_txnid = B.PR_TransactionId      -- join GB-PG mapping     INNER JOIN masterDB_prod.dbo.GB_PG_App_mapping GB WITH (NOLOCK)         ON GB.Mp_GB_Id = B.PR_GBAID      -- join payment gateway master     LEFT JOIN masterDB_prod.dbo.Mst_Gateway GW WITH (NOLOCK)         ON GW.GW_Id = GB.Mp_PG_Id        -- join citizen master     LEFT JOIN masterDB_prod.dbo.Mst_Citizen CZ WITH (NOLOCK)         ON CZ.Citz_Id = B.PR_Cby      -- join scheduler (attempt limit)     LEFT JOIN KhataBtoA_prod.dbo.BBMP_KhataBtoA_Schedular_Trn SCH WITH (NOLOCK)         ON SCH.SchTRN_khata_id = B.PR_App_ID           		where   		MD.App_Status in(10,200,150)  	and  	--(isnull(MD.isProcessingFeePaid,0)=0 or_ 	(isnull(MD.isFinalPaymentDone,0)=0) 	--and B.PR_CSource ='web Final Payment'   	 --and App_MotherEPID='8108329274' 	 -- and PR_TransactionId  in ('6b9bf89c18d34a1f8051872cd3e666e7') --	AND SCH.SchTRN_NoOfAttempt <= 30 --and PR_Amount>500 	  END   ",,
17-09-2026 16:37,INFRA\bbmpuser2,INFRA\bbmpuser2,Bbmp_PaymentGW_prod,BBMP-DB-VP14,Microsoft SQL Server Management Studio - Query,128,"ALTER PROCEDURE [dbo].[USP_S_GetPaymentApplicationStatuses]  @p_TopCount int  --Get count  AS BEGIN  /*   USP_S_GetPaymentApplicationStatuses 100000 USP_U_UpdatePayment_Case1 2526,'f9d1e1e1d63b47c29b82f7778db03b77','success',1  */ 	  	SELECT  	 distinct top (@p_TopCount) 	 B.PR_CSource,      B.PR_App_ID,       S.RS_status,       S.RS_IsConsideredForpayment,      S.RS_unmappedstatus,       B.PR_PG_Status,       B.PR_Status,       S.RS_txnid,       B.PR_TransactionId,  	  MD.isProcessingFeePaid, 	 MD.ProcessingFee,      S.RS_mihpayid,      GB.Mp_App_Id,       GB.Mp_GB_Id,      GB.Mp_Id,       GB.Mp_PG_Id,       GW.GW_VerifyURL,      GW.GW_BaseURL,      GW.GW_Saltkey,      GW.GW_MerchantId,      CZ.Citz_MNo AS mobileNumber,      --'7019353933' AS mobileNumber,      MD.App_MotherEPID AS EPID,       MD.App_MotherSASID AS SasNo,      MD.GBA AS Corporation 	 FROM KhataBtoA_prod.dbo.BtoAMainApp MD WITH (NOLOCK) --main app table      -- join PayReq table (main link)     INNER JOIN KhataBtoA_prod.dbo.BtoA_PayReq B WITH (NOLOCK)         ON B.PR_App_ID = MD.App_Id         AND B.PR_PG_Status <> 'success'          AND B.PR_Status = 'pending' 		        -- join payment gateway response     LEFT JOIN PG_ResponseSToS S WITH (NOLOCK)         ON S.RS_txnid = B.PR_TransactionId      -- join GB-PG mapping     INNER JOIN masterDB_prod.dbo.GB_PG_App_mapping GB WITH (NOLOCK)         ON GB.Mp_GB_Id = B.PR_GBAID      -- join payment gateway master     LEFT JOIN masterDB_prod.dbo.Mst_Gateway GW WITH (NOLOCK)         ON GW.GW_Id = GB.Mp_PG_Id        -- join citizen master     LEFT JOIN masterDB_prod.dbo.Mst_Citizen CZ WITH (NOLOCK)         ON CZ.Citz_Id = B.PR_Cby      -- join scheduler (attempt limit)     LEFT JOIN KhataBtoA_prod.dbo.BBMP_KhataBtoA_Schedular_Trn SCH WITH (NOLOCK)         ON SCH.SchTRN_khata_id = B.PR_App_ID           		where   		MD.App_Status in(10,200,150)  	and  	--(isnull(MD.isProcessingFeePaid,0)=0 or_ 	(isnull(MD.isFinalPaymentDone,0)=0) 	--and B.PR_CSource ='web Final Payment'   	 --and App_MotherEPID='8108329274' 	  and PR_TransactionId  in ('6b9bf89c18d34a1f8051872cd3e666e7') --	AND SCH.SchTRN_NoOfAttempt <= 30 --and PR_Amount>500 	  END   ",,
17-09-2026 16:32,INFRA\bbmpuser2,INFRA\bbmpuser2,Bbmp_PaymentGW_prod,BBMP-DB-VP14,Microsoft SQL Server Management Studio - Query,128,"ALTER PROCEDURE [dbo].[USP_S_GetPaymentApplicationStatuses]  @p_TopCount int  --Get count  AS BEGIN  /*   USP_S_GetPaymentApplicationStatuses 100000 USP_U_UpdatePayment_Case1 2526,'f9d1e1e1d63b47c29b82f7778db03b77','success',1  */ 	  	SELECT  	 distinct top (@p_TopCount) 	 B.PR_CSource,      B.PR_App_ID,       S.RS_status,       S.RS_IsConsideredForpayment,      S.RS_unmappedstatus,       B.PR_PG_Status,       B.PR_Status,       S.RS_txnid,       B.PR_TransactionId,  	  MD.isProcessingFeePaid, 	 MD.ProcessingFee,      S.RS_mihpayid,      GB.Mp_App_Id,       GB.Mp_GB_Id,      GB.Mp_Id,       GB.Mp_PG_Id,       GW.GW_VerifyURL,      GW.GW_BaseURL,      GW.GW_Saltkey,      GW.GW_MerchantId,      CZ.Citz_MNo AS mobileNumber,      --'7019353933' AS mobileNumber,      MD.App_MotherEPID AS EPID,       MD.App_MotherSASID AS SasNo,      MD.GBA AS Corporation 	 FROM KhataBtoA_prod.dbo.BtoAMainApp MD WITH (NOLOCK) --main app table      -- join PayReq table (main link)     INNER JOIN KhataBtoA_prod.dbo.BtoA_PayReq B WITH (NOLOCK)         ON B.PR_App_ID = MD.App_Id         AND B.PR_PG_Status <> 'success'          AND B.PR_Status = 'pending' 		        -- join payment gateway response     LEFT JOIN PG_ResponseSToS S WITH (NOLOCK)         ON S.RS_txnid = B.PR_TransactionId      -- join GB-PG mapping     INNER JOIN masterDB_prod.dbo.GB_PG_App_mapping GB WITH (NOLOCK)         ON GB.Mp_GB_Id = B.PR_GBAID      -- join payment gateway master     LEFT JOIN masterDB_prod.dbo.Mst_Gateway GW WITH (NOLOCK)         ON GW.GW_Id = GB.Mp_PG_Id        -- join citizen master     LEFT JOIN masterDB_prod.dbo.Mst_Citizen CZ WITH (NOLOCK)         ON CZ.Citz_Id = B.PR_Cby      -- join scheduler (attempt limit)     LEFT JOIN KhataBtoA_prod.dbo.BBMP_KhataBtoA_Schedular_Trn SCH WITH (NOLOCK)         ON SCH.SchTRN_khata_id = B.PR_App_ID           		where   		MD.App_Status in(10,200,150)  	and  	--(isnull(MD.isProcessingFeePaid,0)=0 or_ 	(isnull(MD.isFinalPaymentDone,0)=0) 	--and B.PR_CSource ='web Final Payment'   	 --and App_MotherEPID='8108329274' 	 -- and PR_TransactionId  in ('d0e67d1a570948698ff3995d5c249661') --	AND SCH.SchTRN_NoOfAttempt <= 30 --and PR_Amount>500 	  END   ",,
17-09-2026 16:09,INFRA\bbmpuser2,INFRA\bbmpuser2,ekhata,BBMP-DB-VP-15,Microsoft SQL Server Management Studio - Query,53,"   ALTER proc [dbo].[USP_Sch_GetPendingKRSID]   as   begin          select  distinct top 1000    k.KRS_Id,KRS_MStsId,SchTRN_NoOfAttempt from KRS k with (nolock)    left join BBMp_Easthi_Schedular_Trn t with (nolock)   on k.KRS_Id = t.SchTRN_krs_id   and t.SchTRN_NoOfAttempt <10   and isnull(t.SchTRN_StatusId,0)=99 and t.SchTRN_sch_id=1    left join KRS_PropDetailsAsPerDeed d on k.KRS_Id=d.PDAD_KRS_ID   where    k.KRS_MStsId >=8 and KRS_Active=1   and isnull(k.KRS_EasthiSts_Id,0) not in (10,100) and isnull(t.SchTRN_NoOfAttempt,0) <10   and KRS_Id in ( (select KRS_Id from krs where KRS_MPT_ID in (1,2,3)   and KRS_MStsId in (8,10,14,11)))       and LEN(KRS_SASNo)=10  	 and len(KRS_EPID)=10  	 and isnull(KRS_EPID,'') <>'Cannot Generate EPID.Please Contact EAASTHI' 	 and isnull(PDAD_IsDeedBeforeOrAfter2004,'after') in  	 ( 	 'before', 'Notification', 'DevAprBDA', 'after', 	 'NoDeed', 'sarfaesi' 	 ) 	 	and KRS_Id not in (186230) 	 	  and  (isnull(KRS_IsSSA_applied,0)=0 or isnull(KRS_IsSSA_applied,0)=2 or  isnull(KRS_IsSSA_applied,0)=10 ) 	--and KRS_EPID in --( --'5944414705' --)    order by KRS_Id asc   end  ",,
17-09-2026 16:05,INFRA\bbmpuser2,INFRA\bbmpuser2,ekhata,BBMP-DB-VP-15,Microsoft SQL Server Management Studio - Query,129,update krs set KRS_EasthiSts_Id=0 where krs_epid='5944414705',,
17-09-2026 16:03,INFRA\bbmpuser2,INFRA\bbmpuser2,ekhata,BBMP-DB-VP-15,Microsoft SQL Server Management Studio - Query,129,"   ALTER proc [dbo].[USP_Sch_GetPendingKRSID]   as   begin          select  distinct top 1000    k.KRS_Id,KRS_MStsId,SchTRN_NoOfAttempt from KRS k with (nolock)    left join BBMp_Easthi_Schedular_Trn t with (nolock)   on k.KRS_Id = t.SchTRN_krs_id   and t.SchTRN_NoOfAttempt <10   and isnull(t.SchTRN_StatusId,0)=99 and t.SchTRN_sch_id=1    left join KRS_PropDetailsAsPerDeed d on k.KRS_Id=d.PDAD_KRS_ID   where    k.KRS_MStsId >=8 and KRS_Active=1   and isnull(k.KRS_EasthiSts_Id,0) not in (10,100) and isnull(t.SchTRN_NoOfAttempt,0) <10   and KRS_Id in ( (select KRS_Id from krs where KRS_MPT_ID in (1,2,3)   and KRS_MStsId in (8,10,14,11)))       and LEN(KRS_SASNo)=10  	 and len(KRS_EPID)=10  	 and isnull(KRS_EPID,'') <>'Cannot Generate EPID.Please Contact EAASTHI' 	 and isnull(PDAD_IsDeedBeforeOrAfter2004,'after') in  	 ( 	 'before', 'Notification', 'DevAprBDA', 'after', 	 'NoDeed', 'sarfaesi' 	 ) 	 	and KRS_Id not in (186230) 	 	  and  (isnull(KRS_IsSSA_applied,0)=0 or isnull(KRS_IsSSA_applied,0)=2 or  isnull(KRS_IsSSA_applied,0)=10 ) 	and KRS_EPID in ( '5944414705' )    order by KRS_Id asc   end  ",,
17-09-2026 12:56,INFRA\bbmpuser2,INFRA\bbmpuser2,KhataBtoA_prod,BBMP-DB-VP14,Microsoft SQL Server Management Studio - Query,81,"insert into BtoA_Status_Master_Tran select     Sts_MainAppId,	Sts_MainAppStatus	,Sts_PrevStatusId	,Sts_PrevOfficerId,	Sts_PrevOfficerRoleId,  Sts_PrevOfficerName,	Sts_PrevOfficerMobileNo,	Sts_CurrStatusId,  Sts_CurrOfficerId	,Sts_CurrOfficerRoleId	,Sts_CurrOfficerName,  Sts_CurrOfficerMobileNo,	Cdt,	Udt,  Sts_rejectedID	,Sts_rejectedText,	Sts_comments from  BtoA_Status_Master_Tran_Hist   where Sts_MainAppId=24189 and  sts_tranId_HistId=379059 ",,
17-09-2026 11:14,INFRA\bbmpuser2,INFRA\bbmpuser2,masterdb_preprod,BBMP-DB-VP14,Microsoft SQL Server Management Studio - Query,82,"alter FUNCTION [dbo].[FN_Mst_GV_KTCP_SinglePlotFees] (     @AreaInSqMt FLOAT = 1,     @DateOfpayment DATETIME,     @GuidenceValue FLOAT = 1,     @AppID INT ) RETURNS @Result TABLE (     [KTCPSPA_Name] NVARCHAR(MAX) NULL,     [KTCPSPA_FromArea_SqMt] FLOAT NULL,     [KTCPSPA_ToArea_SqMt] FLOAT NULL,     [KTCPSPA_FactorInPercPer_SqMt] FLOAT NULL,     [KTCPSPA_FactorInMultiPer_SqMt] FLOAT NULL,     [KTCPSPA_Active] INT NULL,     [KTCPSPA_StartDate] DATETIME NULL,     [KTCPSPA_ExpiryDate] DATETIME NULL,     Guidencevalue FLOAT,     SPAFeesAmount FLOAT ) AS BEGIN      DECLARE @IsBtoA INT = 0; 	DECLARE @AppCreatedDate datetime;  	select @AppCreatedDate=cast(a.App_Cdte as date)  	from KhataBtoA_preprod.dbo.BtoAMainApp a 	where a.App_Id=@AppID  	IF @AppCreatedDate < '2026-08-24' 	BEGIN 	    SET @IsBtoA = 1; 	END  --   -- Check BtoA  --   SELECT @IsBtoA = 1  --   FROM KhataBtoA_preprod.dbo.BtoAMainApp a  --   WHERE a.App_Id = @AppID 	--AND a.App_Active=1 and a.App_Status>=10  --   --AND ISNULL(a.App_Source,'') <> 'newkhata';      INSERT INTO @Result     SELECT         [KTCPSPA_Name],         [KTCPSPA_FromArea_SqMt],         [KTCPSPA_ToArea_SqMt], 		CASE              WHEN @IsBtoA = 1 THEN 2             ELSE [KTCPSPA_FactorInPercPer_SqMt]         END AS KTCPSPA_FactorInPercPer_SqMt,         CASE              WHEN @IsBtoA = 1 THEN 0.02             ELSE [KTCPSPA_FactorInMultiPer_SqMt]         END AS KTCPSPA_FactorInMultiPer_SqMt,         [KTCPSPA_Active],         [KTCPSPA_StartDate],         [KTCPSPA_ExpiryDate],         (             @GuidenceValue *             CASE                  WHEN @IsBtoA = 1 THEN 0.02                 ELSE [KTCPSPA_FactorInMultiPer_SqMt]             END         ) AS Guidencevalue,         (             @GuidenceValue *             CASE                  WHEN @IsBtoA = 1 THEN 0.02                 ELSE [KTCPSPA_FactorInMultiPer_SqMt]             END             * @AreaInSqMt         ) AS SPAFeesAmount      FROM Mst_GV_KTCP_SinglePlotFees     WHERE (@AreaInSqMt BETWEEN [KTCPSPA_FromArea_SqMt] AND [KTCPSPA_ToArea_SqMt])       AND KTCPSPA_Active = 1       AND @DateOfPayment BETWEEN KTCPSPA_StartDate AND ISNULL(KTCPSPA_ExpiryDate, GETDATE())      RETURN END ",,
17-09-2026 11:06,INFRA\bbmpuser2,INFRA\bbmpuser2,KhataBtoA_preprod,BBMP-DB-VP14,Microsoft SQL Server Management Studio - Query,119,"ALTER PROC [dbo].[USP_S_PaymentParameter_V1] --73157,1,1 @AppID INT, @cby INT, @crole INT AS BEGIN SET NOCOUNT ON;  ----------------------------------------------------- -- VARIABLES ----------------------------------------------------- DECLARE  @numberofRoadFacing INT=0, @PaymentDate DATETIME = GETDATE(), @GuidenceValueinSqMt FLOAT=0,  @ResArea FLOAT, @ComArea FLOAT, @IndArea FLOAT,  @PropertyUseTypeId INT, @AppCreatedDate DATETIME,  @dcConversionValue FLOAT = 0, @penaltyMultiplier INT = 2, @DCWithPenalty FLOAT = 0, @dcRes FLOAT = 0, @dcNonRes FLOAT = 0, @ErrMsg NVARCHAR(300), @FinalGV float, @AppDisplayId varchar(50), @IsGovtLand bit  ----------------------------------------------------- -- RESULT TABLE ----------------------------------------------------- DECLARE @Result TABLE ( PropertyTypeId INT, PropertyType NVARCHAR(50), FeesName NVARCHAR(200), TotalAreaInSqMt FLOAT, Amount FLOAT, Discount FLOAT, NetAmount FLOAT, Multiplier FLOAT, Percentagee FLOAT, StepNameId INT, StepName NVARCHAR(100), GuidenceValue FLOAT, Message NVARCHAR(500) )  ---------------------------------- ------------------- -- FETCH DATA ----------------------------------------------------- SELECT    @numberofRoadFacing = oa.Ofcr_RoadFacingSides, @ResArea = oa.ResidentialPlotareaAfterRoadWideninginSqmt, @ComArea = oa.CommercialPlotareaAfterRoadWideninginSqmt, @IndArea = oa.IndustrialPlotareaAfterRoadWideninginSqmt, @PropertyUseTypeId = oa.Ofcr_CorrectedPropertyUseTypeId, @GuidenceValueinSqMt = gv.GuidanceValueSqMt, @AppDisplayId=oa.ApplicationDisplayId, @IsGovtLand=oa.Ofcr_IsGovtProperty, @AppCreatedDate = cast(a.App_Cdte as date)  FROM BtoAMainApp a  INNER JOIN (     SELECT Ofcr_BtoA_MainAppId, Ofcr_RoadFacingSides, ResidentialPlotareaAfterRoadWideninginSqmt,            CommercialPlotareaAfterRoadWideninginSqmt, IndustrialPlotareaAfterRoadWideninginSqmt,            Ofcr_CorrectedPropertyUseTypeId, ApplicationDisplayId, Ofcr_IsGovtProperty     FROM BtoA_MainApp_Officer ) oa ON a.App_Id = oa.Ofcr_BtoA_MainAppId  INNER JOIN (     SELECT TOP 1 mrk.GuidanceValueSqMt, @AppID AppId ,cby,CRole     FROM BtoA_SiteRoadDetails_Officer aso     JOIN [masterDB_prod].dbo.MstRoadKSRAC mrk         ON aso.BtoA_RoadId = mrk.Road_ID        AND ltrim(rtrim(aso.BtoA_RoadName)) = ltrim(rtrim(mrk.Road_Name))   -- Added on 24-07-2026 02:42 PM     WHERE aso.BtoA_MainAppId = @AppID        AND ISNULL(aso.IsRMPPropersed, 'N') = 'N'     ORDER BY          CASE aso.CRole WHEN 118 THEN 1 WHEN 117 THEN 2 ELSE 3 END,  -- QC beats RI beats anything else         mrk.GuidanceValueSqMt DESC                                  -- within same priority, highest value wins ) GV ON a.App_Id = gv.AppId  WHERE a.App_Id = @AppID     ----------------------------------------------------------- --Appid excluded -----------------------------------------------------------  IF EXISTS (     SELECT 1 FROM BtoAMainApp a WHERE a.App_MotherEPID IN ('3577804758','3445675546','3444517696','3444536028','3444021054','3444150754')     AND a.App_Id IN (7918,7932,7997,7998,10381,11782)     AND a.App_Id = @AppID ) BEGIN       SET @ErrMsg = 'Payment cannot be done. Please contact the helpdesk for more details';          	INSERT INTO @Result VALUES     (@PropertyUseTypeId,'ALL','ERROR',NULL,NULL,NULL,NULL,NULL,NULL,0,'Validation',NULL,@ErrMsg)      GOTO FINAL_OUTPUT END   ------------------------------------------------------- ---- VALIDATION: APPLICATION CREATED ON/AFTER 24-AUG-2026 ------------------------------------------------------- ---- Added on 25-08-2026 by Nikhil  --IF @AppCreatedDate >= '2026-08-24' --BEGIN --    SET @ErrMsg = 'Dear Citizen, Please do not make the payment for your Single Plot Approval and B to A Khata conversion application until 1:00 AM on 15th Sep 2026, as the system is undergoing a technical upgrade. We regret the inconvenience and appreciate your cooperation.';  --    INSERT INTO @Result --    VALUES --    ( --        @PropertyUseTypeId, --        'ALL', --        'ERROR', --        NULL, --        NULL, --        NULL, --        NULL, --        NULL, --        NULL, --        0, --        'Validation', --        NULL, --        @ErrMsg --    );  --    GOTO FINAL_OUTPUT; --END   ----------------------------------------------------- -- VALIDATION Road Name Mismatch			-- Added on 24-07-2026 03:04 PM -----------------------------------------------------  IF EXISTS (     SELECT 1     FROM BtoA_SiteRoadDetails_Officer aso 	inner join BtoAMainApp b on aso.BtoA_MainAppId=b.App_Id     WHERE aso.BtoA_MainAppId = @AppID AND ISNULL(aso.IsRMPPropersed,'N') = 'N' 	and b.App_Active=1 ) AND NOT EXISTS (     SELECT 1     FROM BtoA_SiteRoadDetails_Officer aso     INNER JOIN masterDB_preprod.dbo.MstRoadKSRAC mrk  	ON aso.BtoA_RoadId = mrk.Road_ID AND LTRIM(RTRIM(aso.BtoA_RoadName)) = LTRIM(RTRIM(mrk.Road_Name))     WHERE aso.BtoA_MainAppId = @AppID AND ISNULL(aso.IsRMPPropersed,'N') = 'N' ) BEGIN     SET @ErrMsg = 'Action Required. Please wait for 5 to 6 days for this issue to be resolved. If the issue persists after 5 to 6 days, please contact the helpdesk for further assistance. Application ID: ' + @AppDisplayId;      INSERT INTO @Result     VALUES     (         @PropertyUseTypeId,'ALL','ERROR',NULL,NULL,NULL,NULL,NULL,NULL,0,'Validation',NULL,@ErrMsg     );      GOTO FINAL_OUTPUT; END  -- @PropertyUseTypeId  ----------------------------------------------------- -- VALIDATION Property Usage Type added on 27-08-2026 03:20 PM captured by Master Plan Missmatch -----------------------------------------------------  IF ISNULL(@PropertyUseTypeId,0) not in (1,2,3,4) BEGIN     SET @ErrMsg = 'Property Usage Missmatch'      INSERT INTO @Result VALUES     (@PropertyUseTypeId,'ALL','ERROR',NULL,NULL,NULL,NULL,NULL,NULL,0,'Validation',NULL,@ErrMsg)      GOTO FINAL_OUTPUT END  ----------------------------------------------------- -- VALIDATION Govt Land -----------------------------------------------------  IF ISNULL(@IsGovtLand,0)=1 BEGIN     SET @ErrMsg = 'Payment is disabled because the property has been identified as Government Land.  	Please contact the support team for further assistance.'      INSERT INTO @Result VALUES     (@PropertyUseTypeId,'ALL','ERROR',NULL,NULL,NULL,NULL,NULL,NULL,0,'Validation',NULL,@ErrMsg)      GOTO FINAL_OUTPUT END  ----------------------------------------------------- -- VALIDATION Guidence value -----------------------------------------------------   ----------------------------------------------------- -- VALIDATION ----------------------------------------------------- IF ISNULL(@GuidenceValueinSqMt,0)=0 BEGIN     SET @ErrMsg = 'Action Required, Guidance value for this property is not available. Your application is with Joint Commissioner to enter the same. Application ID:' + @AppDisplayId      INSERT INTO @Result VALUES     (@PropertyUseTypeId,'ALL','ERROR',NULL,NULL,NULL,NULL,NULL,NULL,0,'Validation',NULL,@ErrMsg)      GOTO FINAL_OUTPUT END  -- Added on 31st August 2026 15:57 PM greater than 5 sqlmt area is considered  IF @PropertyUseTypeId=3 and (@ComArea is null or @ComArea<=5.0 or @ResArea<=5.0 or @ResArea is null) BEGIN     SET @ErrMsg = 'Something went wrong'      INSERT INTO @Result VALUES     (@PropertyUseTypeId,'ALL','ERROR',NULL,NULL,NULL,NULL,NULL,NULL,0,'Validation',NULL,@ErrMsg)      GOTO FINAL_OUTPUT END else if @PropertyUseTypeId=1 and (@ComArea is null or @ComArea<=5.0) begin     SET @ErrMsg = 'Something went wrong'      INSERT INTO @Result VALUES     (@PropertyUseTypeId,'ALL','ERROR',NULL,NULL,NULL,NULL,NULL,NULL,0,'Validation',NULL,@ErrMsg)      GOTO FINAL_OUTPUT END else if @PropertyUseTypeId=2 and (@ResArea is null or @ResArea<=5.0) begin     SET @ErrMsg = 'Something went wrong'      INSERT INTO @Result VALUES     (@PropertyUseTypeId,'ALL','ERROR',NULL,NULL,NULL,NULL,NULL,NULL,0,'Validation',NULL,@ErrMsg)      GOTO FINAL_OUTPUT END else if @PropertyUseTypeId=4 and (@IndArea is null or @IndArea<=5.0) begin     SET @ErrMsg = 'Something went wrong'      INSERT INTO @Result VALUES     (@PropertyUseTypeId,'ALL','ERROR',NULL,NULL,NULL,NULL,NULL,NULL,0,'Validation',NULL,@ErrMsg)      GOTO FINAL_OUTPUT END  ------------------------------------------------------- ---- DC UPDATE LOGIC ---- -----------------------------------------------------  --IF @PropertyUseTypeId IN (1,2,4) --BEGIN --    UPDATE [KhataBtoA_preprod].dbo.btoa_dcconversoinfee    --	SET dc_isConsideredForConversion = 0   --   WHERE dc_appid = @AppID --      AND dc_propertyUseTypeId = @PropertyUseTypeId;  --    ;WITH CTE AS --    ( --        SELECT dc_id, --               ROW_NUMBER() OVER ( --                   PARTITION BY dc_ldg_villagecode  --                   ORDER BY dc_conversionfee DESC --               ) rn --        FROM [KhataBtoA_preprod].dbo.btoa_dcconversoinfee  --        WHERE dc_appid = @AppID --          AND dc_propertyUseTypeId = @PropertyUseTypeId --          AND ( --                (@PropertyUseTypeId IN (1,4) AND dc_convertionLandType = 'Non Residential') --             OR (@PropertyUseTypeId = 2 AND dc_convertionLandType = 'Residential') --          ) and dc_remarks<>'999' --    ) --    UPDATE d --    SET d.dc_isConsideredForConversion = 1 --    FROM [KhataBtoA_preprod].dbo.btoa_dcconversoinfee d --    JOIN CTE -- c ON d.dc_id = c.dc_id --    WHERE c.rn = 1; --END  --ELSE IF @PropertyUseTypeId = 3 --BEGIN --    UPDATE [KhataBtoA_preprod].dbo.btoa_dcconversoinfee --    SET dc_isConsideredForConversion = 0 --    WHERE dc_appid = @AppID --      AND dc_propertyUseTypeId = 3;  --    ;WITH CTE AS --    ( --        SELECT dc_id, --               dc_convertionLandType, --               ROW_NUMBER() OVER ( --                   PARTITION BY dc_ldg_villagecode, dc_convertionLandType --                   ORDER BY dc_conversionfee DESC             --     ) rn          --FROM [KhataBtoA_preprod].dbo.btoa_dcconversoinfee --        WHERE dc_appid = @AppID --          AND dc_propertyUseTypeId = 3  and dc_remarks<>'999' --    ) --    UPDATE d --    SET d.dc_isConsideredForConversion = 1 --    FROM [KhataBtoA_preprod].dbo.btoa_dcconversoinfee d --    JOIN CTE c ON d.dc_id = c.dc_id --    WHERE c.rn = 1; --END  ------------------------------------------------------- ---- DC CALCULATION -------------------------------------------------------  --IF @PropertyUseTypeId = 3 --BEGIN --    SELECT @dcRes =  --ISNULL(MAX(dc_conversionfee),0) --    FROM [KhataBtoA_preprod].dbo.btoa_dcconversoinfee --    WHERE dc_appid = @AppID --      AND dc_propertyUseTypeId = 3 --      AND dc_convertionLandType = 'Residential' --      AND dc_isConsideredForConversion = 1;  --    SELECT @dcNonRes = ISNULL(MAX(dc_conversionfee),0) --    FROM [KhataBtoA_preprod].dbo.btoa_dcconversoinfee --    WHERE dc_appid = @AppID --      AND dc_propertyUseTypeId = 3 --      AND dc_convertionLandType = 'Non Residential' --      AND dc_isConsideredForConversion = 1  and dc_remarks<>'999';  --    SET @dcConversionValue = @dcRes + @dcNonRes; --END --ELSE --BEGIN --    SELECT @dcConversionValue = ISNULL(MAX(dc_conversionfee),0) --    FROM [KhataBtoA_preprod].dbo.btoa_dcconversoinfee --    WHERE dc_appid = @AppID --      AND -- dc_propertyUseTypeId = @PropertyUseTypeId --      AND dc_isConsideredForConversion = 1 and dc_remarks<>'999'; --END  --SET @DCWithPenalty = @dcConversionValue * @penaltyMultiplier;     ----------------------------------------------------- -- DC UPDATE LOGIC NEW Manual -----------------------------------------------------    DECLARE @DCValue DECIMAL(18,2);       UPDATE dbo.btoa_dcconversoinfee     SET dc_isConsideredForConversion = 0     WHERE dc_appid = @AppID AND dc_propertyUseTypeId = @PropertyUseTypeId;   IF not EXISTS (     SELECT 1     FROM dbo.BtoA_DCConversion a     WHERE a.BtoA_DC_App_Id = @AppID       AND ISNULL(a.BtoA_DC_Conversion_Verified,0) = 1 ) BEGIN       -----------------------------------------------------     -- DC CALCULATION USING AREA * RATE     -----------------------------------------------------       SET @dcRes = 0;     SET @dcNonRes = 0;     SET @dcConversionValue = 0;       IF @PropertyUseTypeId = 3     BEGIN         SET @dcRes    = ISNULL(@ResArea,0) * 22;         SET @dcNonRes = ISNULL(@ComArea,0) * 76;           SET @dcConversionValue = ISNULL(@dcRes,0) + ISNULL(@dcNonRes,0);     END     ELSE IF @PropertyUseTypeId = 2     BEGIN         SET @dcConversionValue = ISNULL(@ResArea,0) * 22;     END     ELSE IF @PropertyUseTypeId IN (1,4)     BEGIN         SET @dcConversionValue = ISNULL(@ComArea,0) * 76;     END       SET @DCWithPenalty = @dcConversionValue * @penaltyMultiplier;     END     ----------------------------------------------------- -- INSERT CALCULATED DC (OUTSIDE IF / ELSE) -----------------------------------------------------   IF @dcConversionValue > 0   BEGIN      IF @PropertyUseTypeId = 3  -- Mixed BEGIN       -- Residential DC     INSERT INTO dbo.btoa_dcconversoinfee     (         dc_appid,         dc_conversionfee,         dc_active,         dc_status,         dc_remarks,         dc_cdate,         dc_cby,         dc_crole,         dc_propertyUseTypeId,         dc_convertionLandType,         dc_isConsideredForConversion     )     VALUES     (         @AppID,         @dcRes,         1,         'Pending',         '',         GETDATE(),         @cby,         @crole,         3,         'Residential',         1     );       -- Non Residential DC     INSERT INTO dbo.btoa_dcconversoinfee     (         dc_appid,         dc_conversionfee,         dc_active,         dc_status,         dc_remarks,         dc_cdate,         dc_cby,         dc_crole,         dc_propertyUseTypeId,         dc_convertionLandType,         dc_isConsideredForConversion     )     VALUES     (         @AppID,         @dcNonRes,         1,         'Pending',         '',         GETDATE(),         @cby,         @crole,         3,         'Non Residential',         1     );   END ELSE IF @PropertyUseTypeId IN (1,2,4)		-- If Residential,Commersial,Industrial BEGIN       INSERT INTO dbo.btoa_dcconversoinfee     (         dc_appid,         dc_conversionfee,         dc_active,         dc_status,         dc_remarks,         dc_cdate,         dc_cby,         dc_crole,         dc_propertyUseTypeId,         dc_convertionLandType,         dc_isConsideredForConversion     )     VALUES     (         @AppID,         @dcConversionValue,         1,         'Pending',         '',         GETDATE(),         @cby,         @crole,         @PropertyUseTypeId,         CASE             WHEN @PropertyUseTypeId = 2 THEN 'Residential'             ELSE 'Non Residential'         END,         1     );   END   END     ----------------------------------------------------- -- LOOP TABLE ---------- ---------------- --------------------------- DECLARE @Loop TABLE (RowId  INT IDENTITY(1,1),PropertyType NVARCHAR(50),Area FLOAT)  IF @PropertyUseTypeId=1 INSERT INTO @Loop VALUES ('Commercial',@ComArea) ELSE IF @PropertyUseTypeId=2 INSERT INTO @Loop VALUES ('Residential',@ResArea) ELSE IF @PropertyUseTypeId=4 INSERT INTO @Loop VALUES ('Industrial',@IndArea) ELSE IF @PropertyUseTypeId=3 BEGIN  INSERT INTO @Loop VALUES ('Commercial',@ComArea)  INSERT INTO @Loop VALUES ('Residential',@ResArea) END  ----------------------------------------------------- -- LOOP ----------------------------------------------------- DECLARE @i INT=1,@max INT SELECT @max=COUNT(*) FROM @Loop  DECLARE @PropName NVARCHAR(50),@CalcArea FLOAT,@GV_Local FLOAT,@LoopType INT,@KTPCActFees FLOAT  WHILE @i<=@max BEGIN   SELECT @PropName=PropertyType,@CalcArea=Area FROM @Loop WHERE RowId=@i   SET @LoopType = CASE    WHEN @PropName='Commercial' THEN 1   WHEN @PropName='Residential' THEN 2   WHEN @PropName='Industrial' THEN 4 END   IF ISNULL(@CalcArea,0)=0  BEGIN     SET @ErrMsg = @PropName + ' area is NULL or 0'      INSERT INTO @Result VALUES     (@PropertyUseTypeId,@PropName,'ERROR',@CalcArea,NULL,NULL,NULL,NULL,NULL,0,'Validation',NULL,@ErrMsg)      GOTO FINAL_OUTPUT  END   SET @GV_Local=@GuidenceValueinSqMt  ---------------- STEP 0 ---------------- INSERT INTO @Result VALUES (@PropertyUseTypeId,@PropName,'Initial GV',@CalcArea,@GV_Local,0,@GV_Local,1,0,0,'Step0',@GV_Local,'Success')  ---------------- STEP 1 ---------------- INSERT INTO @Result SELECT @PropertyUseTypeId,@PropName,GvF_Name,@CalcArea,Guidencevalue,0,Guidencevalue, GvF_FactorInMultiPer_SqMt,GvF_FactorInPercPer_SqMt, 1,'Step1',Guidencevalue,'Success' FROM masterDB_preprod.dbo.FN_Mst_GV_Factor_MainFees(1,@LoopType,@CalcArea,0,@PaymentDate,@GV_Local)  SELECT TOP 1 @GV_Local = GuidenceValue FROM @Result WHERE StepNameId = 1  AND PropertyType = @PropName ORDER BY StepNameId DESC  IF NOT EXISTS (SELECT 1 FROM @Result WHERE StepNameId=1 AND PropertyType=@PropName) BEGIN     SET @ErrMsg = 'Step 1 not generated for ' + @PropName     INSERT INTO @Result VALUES (@PropertyUseTypeId,@PropName,'ERROR',@CalcArea,NULL,NULL,NULL,NULL,NULL,1,'Step1',NULL,@ErrMsg)     GOTO FINAL_OUTPUT END  ---------------- STEP 2 ---------------- INSERT INTO @Result SELECT @PropertyUseTypeId,@PropName,SRDF_Name,@CalcArea,RoadFacingGuidenceValue,0,RoadFacingGuidenceValue, SRDF_FactorInMultiPer_SqMt,SRDF_FactorInPercPer_SqMt, 2,'Step2',RoadFacingGuidenceValue,'Success' FROM masterDB_preprod.dbo.FN_SiteRdFacingFeesCalculation(@numberofRoadFacing,@PaymentDate,@GV_Local)  SELECT TOP 1 @GV_Local = GuidenceValue FROM @Result WHERE StepNameId = 2  AND PropertyType = @PropName ORDER BY StepNameId DESC  IF NOT EXISTS (SELECT 1 FROM @Result WHERE StepNameId=2 AND PropertyType=@PropName) BEGIN     SET @ErrMsg = 'Step 2 not generated for ' + @PropName     INSERT INTO @Result VALUES (@PropertyUseTypeId,@PropName,'ERROR',@CalcArea,NULL,NULL,NULL,NULL,NULL,2,'Step2',NULL,@ErrMsg)     GOTO FINAL_OUTPUT END  ---------------- STEP 3 ------ ---------- INSERT INTO @Result SELECT @PropertyUseTypeId,@PropName,RdAp_Name,@CalcArea,CalculatedGuidencevalue,0,CalculatedGuidencevalue, RdAp_FactorInMultiPer_SqMt,RdAp_FactorInPercPer_SqMt, 3,'Step3',CalculatedGuidencevalue,'Success' FROM masterDB_preprod.dbo.FN_TypeOfRoadApproachFeesCalculation(1,@PaymentDate,@GV_Local)  SELECT TOP 1 @GV_Local = GuidenceValue FROM @Result WHERE StepNameId = 3  AND PropertyType = @PropName ORDER BY StepNameId DESC  IF NOT EXISTS (SELECT 1 FROM @Result WHERE StepNameId=3 AND PropertyType=@PropName) BEGIN     SET @ErrMsg = 'Step 3 not generated for ' + @PropName     INSERT INTO @Result VALUES (@PropertyUseTypeId,@PropName,'ERROR',@CalcArea,NULL,NULL,NULL,NULL,NULL,3,'Step3',NULL,@ErrMsg)     GOTO FINAL_OUTPUT END  ---------------- STEP 4 ---------------- INSERT INTO @Result SELECT @PropertyUseTypeId,@PropName,SUT_Name,@CalcArea,Guidencevalue,0,Guidencevalue, SUT_FactorInMultiPer_SqMt,SUT_FactorInPercPer_SqMt, 4,'Step4',Guidencevalue,'Success' FROM masterDB_preprod.dbo.FN_GetUseTypeCombination(@LoopType,@CalcArea,@CalcArea,@CalcArea,@PaymentDate,@GV_Local)  SELECT TOP 1 @GV_Local = GuidenceValue FROM @Result WHERE StepNameId = 4  AND PropertyType = @PropName ORDER BY StepNameId DESC  IF NOT EXISTS (SELECT 1 FROM @Result WHERE StepNameId=4 AND PropertyType=@PropName) BEGIN     SET @ErrMsg = 'Step 4 not generated for ' + @PropName     INSERT INTO @Result VALUES (@PropertyUseTypeId,@PropName,'ERROR',@CalcArea,NULL,NULL,NULL,NULL,NULL,4,'Step4',NULL,@ErrMsg)     GOTO FINAL_OUTPUT END   ---------------- STEP 5 ---------------- INSERT INTO @Result SELECT @PropertyUseTypeId,@PropName,KTCPS_Name,@CalcArea,ScruityFeesAmount,0,ScruityFeesAmount, KTCPS_FactorInMultiPer_SqMt,KTCPS_FactorInPercPer_SqMt, 5,'Step5',Guidencevalue,'Success' FROM masterDB_preprod.dbo.FN_Mst_GV_KTCP_ScrutinyFeeFlat(@CalcArea,@PaymentDate,@GV_Local,@LoopType,1)  IF NOT EXISTS (SELECT 1 FROM @Result WHERE StepNameId=5 AND PropertyType=@PropName) BEGIN     SET @ErrMsg = 'Step 5 not generated for ' + @PropName     INSERT INTO @Result VALUES (@PropertyUseTypeId,@PropName,'ERROR',@CalcArea,NULL,NULL,NULL,NULL,NULL,5,'Step5',NULL,@ErrMsg)     GOTO FINAL_OUTPUT END  ------------------------------------------- ---------- -- ✅ FIXED STEP 6 -----------------------------------------------------   INSERT INTO @Result SELECT      @PropertyUseTypeId,     @PropName,     KTCPS_Name,     @CalcArea,     ScruityFeesAmount,     0,     ScruityFeesAmount,     KTCPS_FactorInMultiPer_SqMt,     KTCPS_FactorInPercPer_SqMt,     6,     'Step6',     GuidenceValue,     'Success' FROM masterDB_preprod.dbo.FN_Mst_GV_KTCP_ScrutinyFeeFlat (      @CalcArea,     @PaymentDate,     @GV_Local,        @LoopType,     2 )  IF NOT EXISTS (SELECT 1 FROM @Result WHERE StepNameId=6 AND PropertyType=@PropName) BEGIN     SET @ErrMsg = 'Step 6 not generated for ' + @PropName     INSERT INTO @Result VALUES (@PropertyUseTypeId,@PropName,'ERROR',@CalcArea,NULL,NULL,NULL,NULL,NULL,6,'Step6',NULL,@ErrMsg)     GOTO FINAL_OUTPUT END  ---------------- STEP 7 ---------------- --enabled 2% for spa on 29 july 2026 DECLARE @IsBtoA1 INT =0;  --IF EXISTS --( --select 1 from KhataBtoA_preprod.dbo.BtoAMainApp a  --where a.App_Id=@AppID --AND a.App_Active=1 and a.App_Status>=10 ---- and isnull(a.App_Source,'')<>'newkhata' --) --begin --SET @IsBtoA1=1; --end  IF @AppCreatedDate < '2026-08-24' BEGIN     SET @IsBtoA1 = 1; END  INSERT INTO @Result SELECT @PropertyUseTypeId,@PropName,CASE      WHEN @IsBtoA1 = 1          THEN KTCPSPA_Name + ' (2%)'     ELSE          KTCPSPA_Name + ' (5%)' END AS FeesName,@CalcArea,SPAFeesAmount,CASE         WHEN @IsBtoA1 = 1         THEN ROUND(SPAFeesAmount * 1.5, 2)         ELSE 0     END,SPAFeesAmount, KTCPSPA_FactorInMultiPer_SqMt,KTCPSPA_FactorInPercPer_SqMt, 7,'Step7',Guidencevalue,'Success' FROM [masterDB_preprod].dbo.[FN_Mst_GV_KTCP_SinglePlotFees](@CalcArea,@PaymentDate,@GV_Local,@AppID)  IF NOT EXISTS (SELECT 1 FROM @Result WHERE StepNameId=7 AND PropertyType=@PropName) BEGIN     SET @ErrMsg = 'Step 7 not generated for ' + @PropName     INSERT INTO @Result VALUES (@PropertyUseTypeId,@PropName,'ERROR',@CalcArea,NULL,NULL,NULL,NULL,NULL,7,'Step7',NULL,@ErrMsg)     GOTO FINAL_OUTPUT END ---------------- STEP 8 ---------------- INSERT INTO @Result SELECT @PropertyUseTypeId,@PropName,LKRF_Name,@CalcArea,LakeRejAmount,0,LakeRejAmount, LKRF_FactorInMultiPer_SqMt,LKRF_FactorInPercPer_SqMt, 8,'Step8',@GV_Local,'Success' FROM masterDB_preprod.dbo.FN_Mst_GV_Lake_Reg_Fees(@PaymentDate,@CalcArea)  IF NOT EXISTS (SELECT 1 FROM @Result WHERE StepNameId=8 AND PropertyType=@PropName) BEGIN     SET @ErrMsg = 'Step 8 not generated for ' + @PropName     INSERT INTO @Result VALUES (@PropertyUseTypeId,@PropName,'ERROR',@CalcArea,NULL,NULL,NULL,NULL,NULL,8,'Step8',NULL,@ErrMsg)     GOTO FINAL_OUTPUT END  ---------------- STEP 9 - --------------- SELECT @KTPCActFees = MAX(Amount) FROM @Result WHERE StepNameId=6 AND PropertyType=@PropName  INSERT INTO @Result SELECT @PropertyUseTypeId,@PropName,KTPCCS_Name,@CalcArea,ServiceCharge,0,ServiceCharge, KTPCCS_CessFactorInPercPer_SqMt,KTPCCS_CessFactorInPercPer_SqMt, 9,'Step9',ServiceCharge,'Success' FROM masterDB_preprod.dbo.FN_Mst_GV_KTCP_Cess_Service_Fee(@PaymentDate,@KTPCActFees)  ---------------- STEP 10 ---------------- DECLARE @Rate FLOAT=0,@TotalImp FLOAT=0  SELECT TOP 1 @Rate = am.RateAtImprovementChargesPerSqmt FROM [KhataBtoA_preprod].dbo.BtoA_EPIDMetaData md JOIN masterDB_preprod.dbo.mst_AROMapping am ON md.MD_WardId = am.BBMPWardId WHERE md.MD_APP_ID = @AppID  SET @TotalImp = ISNULL(@CalcArea,0) * ISNULL(@Rate,0)  INSERT INTO @Result VALUES (@PropertyUseTypeId,@PropName,'Improvement Charges',@CalcArea,@TotalImp,0,@TotalImp,1,0,10,'Step10',@TotalImp,'Success')  IF ISNULL(@TotalImp,0)=0 BEGIN     SET @ErrMsg = 'Improvement Rate Missing for Ward' 	INSERT INTO @Result VALUES (@PropertyUseTypeId,@PropName,'ERROR',@CalcArea,NULL,NULL,NULL,NULL,NULL,10,'Step10',NULL,@ErrMsg)     GOTO FINAL_OUTPUT END  ----------------------------------------------------- -- STEP 11 DC -----------------------------------------------------  IF @PropertyUseTypeId = 3 BEGIN     -- Residential DC     IF @PropName = 'Residential' AND @dcRes > 0     BEGIN         INSERT INTO @Result VALUES         (@PropertyUseTypeId,@PropName,'DC Conversion ',          @CalcArea,          @dcRes * @penaltyMultiplier,          0,          @dcRes * @penaltyMultiplier,          @penaltyMultiplier,          0,          11,          'Step11',          @GV_Local,          'Success')     END      -- Commercial (Non Residential) DC     IF @PropName = 'Commercial' AND @dcNonRes > 0     BEGIN         INSERT INTO @Result VALUES         (@PropertyUseTypeId,@PropName,'DC Conversion ',          @CalcArea,          @dcNonRes * @penaltyMultiplier,          0,          @dcNonRes * @penaltyMultiplier,          @penaltyMultiplier,          0,          11,          'Step11',          @GV_Local,          'Success')     END END ELSE BEGIN     -- Normal (1,2,4)     IF @DCWithPenalty > 0     BEGIN         INSERT INTO @Result VALUES         (@PropertyUseTypeId,@PropName,'DC Conversion',          @CalcArea,          @DCWithPenalty,          0,          @DCWithPenalty,          @penaltyMultiplier,          0,          11,          'Step11',          @GV_Local,          'Success')     END END  ----------------------------------------------------- -- STEP 12 Software Fee -----------------------------------------------------  ----------------------------------------------------- -- STEP 12 Software Fee (Apply Only Once) -----------------------------------------------------  IF NOT EXISTS  (     SELECT 1      FROM @Result      WHERE StepNameId = 12  ) BEGIN      IF @PropertyUseTypeId IN (1,3,4)     BEGIN         INSERT INTO @Result          VALUES         (             @PropertyUseTypeId,             @PropName,             'Software Charges',             @CalcArea,             10000.00,             0,             10000.00,             0,             0,             12,             'Step12',             @GV_Local,             'Success'         )     END      ELSE IF @PropertyUseTypeId = 2     BEGIN         INSERT INTO @Result          VALUES         (             @PropertyUseTypeId,             @PropName,             'Software Charges',             @CalcArea,             2000.00,             0,   2000.00,             0,             0,             12,             'Step12',             @GV_Local,             'Success'         )     END      ELSE     BEGIN         SET @ErrMsg = 'Step 12 not applicable for ' + @PropName          INSERT INTO @Result          VALUES         (             @PropertyUseTypeId,             @PropName,             'ERROR',             @CalcArea,             NULL,             NULL,             NULL,             NULL,             NULL,             12,             'Step12',             NULL,             @ErrMsg         )          GOTO FINAL_OUTPUT     END  END  SET @i=@i+1 END  ----------------------------------------------------- -- FINAL OUTPUT + INSERT/LOG  ----------------------------------------------------- FINAL_OUTPUT:  UPDATE BtoA_FinalPaymentTrn SET      FPC_Active = 0,     FPC_Remarks = CONCAT(ISNULL(FPC_Remarks,''), ' - Recalculated'),     FPC_UDate = GETDATE(),     FPC_UBy = @cby,     FPC_URole = @crole WHERE FPC_AppId = @AppID AND FPC_Active = 1;  -- ✅ INSERT / LOG ALWAYS EXECUTES IF @ErrMsg IS NOT NULL BEGIN      INSERT INTO BtoA_FinalPaymentTrn     (         FPC_AppId,FPC_Name,FPC_Desc,FPC_AmountCalculated,FPC_NetAmount,         FPC_PayStatus,FPC_Pay_Isdisplay,FPC_Active,FPC_Remarks,         FPC_CDate,FPC_CBy,FPC_CRole,FPC_PaymentDate,FPC_StepName     )     VALUES     (         @AppID,         'Calculation Failed',         @ErrMsg,         0,         0,         0,         1,         1,         @ErrMsg,         GETDATE(),         @cby,         @crole,         GETDATE(),         'ERROR'     ) END ELSE BEGIN        INSERT INTO BtoA_FinalPaymentTrn 	( 	FPC_AppId,FPC_Name,FPC_Desc,FPC_PercentagePerSqmt,FPC_AreaMultiplierPerSqmt, 	FPC_AmountCalculated,FPC_Rebate,FPC_NetAmount,FPC_PayStatus,FPC_Pay_Isdisplay, 	FPC_Active,FPC_Remarks,FPC_AdditionalInfo,FPC_CDate,FPC_CBy,FPC_CRole, 	FPC_PaymentDate,FPC_StepId,FPC_StepName,FPC_CessValue 	) 	SELECT 	@AppID,FeesName,FeesName,Percentagee,Multiplier, 	Amount,Discount,Amount, 	0 	,CASE WHEN StepNameId > 4 THEN 1 ELSE 0 END,1, 	CASE              WHEN @PropertyUseTypeId = 3                  THEN 'Calculation - Mixed - ' + PropertyType             ELSE                  'Calculation - ' + @PropName         END, 	NULL,GETDATE(),@cby,@crole, 	GETDATE(),StepNameId,StepName, 	CASE WHEN StepNameId=9 THEN Amount ELSE NULL END 	FROM @Result END  -- ✅ FINAL RESULT OUTPUT SELECT *  FROM @Result ORDER BY      CASE          WHEN PropertyType = 'Commercial' THEN 1         WHEN PropertyType = 'Residential' THEN 2         WHEN PropertyType = 'Industrial' THEN 3         WHEN PropertyType = 'ALL' THEN 4         ELSE 5     END,     StepNameId   END  ",,
17-09-2026 10:58,INFRA\bbmpuser2,INFRA\bbmpuser2,KhataBtoA_prod,BBMP-DB-VP14,Microsoft SQL Server Management Studio - Query,81,"UPDATE a set a.ResidentialPlotareaAfterRoadWideninginSqmt=a.Ofcr_CorrectedResidentialArea  from BtoA_MainApp_Officer a  inner join BtoA_SiteRoadDetails_Officer b on a.Ofcr_BtoA_MainAppId=b.BtoA_MainAppId inner join BtoAMainApp c on a.Ofcr_BtoA_MainAppId=c.App_Id where a.Ofcr_CorrectedPropertyUseTypeId=2 and  isnull(a.ResidentialPlotareaAfterRoadWideninginSqmt,0)=0 and  isnull(a.Ofcr_CorrectedResidentialArea,0)<>0 and isnull(b.IsRMPPropersed,'N')='N' and c.App_Status in (150,14,1000,1110,1500,200,300);",,
17-09-2026 10:57,INFRA\bbmpuser2,INFRA\bbmpuser2,KhataBtoA_prod,BBMP-DB-VP14,Microsoft SQL Server Management Studio - Query,81,"UPDATE a set a.CommercialPlotareaAfterRoadWideninginSqmt=a.Ofcr_CorrectedCommercialArea  from BtoA_MainApp_Officer a  inner join BtoA_SiteRoadDetails_Officer b on a.Ofcr_BtoA_MainAppId=b.BtoA_MainAppId inner join BtoAMainApp c on a.Ofcr_BtoA_MainAppId=c.App_Id where a.Ofcr_CorrectedPropertyUseTypeId=1 and  isnull(a.CommercialPlotareaAfterRoadWideninginSqmt,0)=0 and  isnull(a.Ofcr_CorrectedCommercialArea,0)<>0 and isnull(b.IsRMPPropersed,'N')='N' and c.App_Status in (150,14,1000,1110,1500,200,300);",,
